locus,position,,,,to remove
locus002,110,,locus002_110,,locus022_63
locus003,111,,locus003_111,,locus045_119
locus004,111,,locus004_111,,locus053_99
locus005,111,,locus005_111,,locus061_150
locus006,64,,locus006_64,,locus100_115
locus008,89,,locus008_89,,locus100_118
locus013,59,,locus013_59,,locus129_60
locus014,111,,locus014_111,,locus135_106
locus016,71,,locus016_71,,locus188_138
locus019,107,,locus019_107,,locus189_70
locus022,48,,locus022_48,,locus237_111
locus022,63,,locus022_63,,locus291_100
locus024,111,,locus024_111,,locus334_109
locus025,110,,locus025_110,,Dc01661_95
locus027,106,,locus027_106,,Dc01707_114
locus030,106,,locus030_106,,Dc03887_101
locus035,110,,locus035_110,,Dc05864_137
locus038,103,,locus038_103,,Dc07300_81
locus039,94,,locus039_94,,Dc07937_134
locus040,70,,locus040_70,,Dc08054_106
locus041,109,,locus041_109,,Dc08189_82
locus043,111,,locus043_111,,Dc08578_70
locus045,96,,locus045_96,,Dc08865_124
locus045,119,,locus045_119,,Dc10885_73
locus047,111,,locus047_111,,Dc11062_41
locus048,101,,locus048_101,,Dc11203_120
locus053,45,,locus053_45,,Dc12329_111
locus053,99,,locus053_99,,Dc13159_110
locus055,92,,locus055_92,,Dc13592_122
locus056,88,,locus056_88,,Dc16962_121
locus058,111,,locus058_111,,Dc20232_74
locus060,111,,locus060_111,,Dc21637_31
locus061,60,,locus061_60,,Dc22013_123
locus061,150,,locus061_150,,Dc22883_124
locus062,111,,locus062_111,,Dc33714_113
locus064,111,,locus064_111,,Dc36767_103
locus065,111,,locus065_111,,Dc41234_117
locus069,67,,locus069_67,,Dc46984_123
locus073,110,,locus073_110,,Dc47572_144
locus074,72,,locus074_72,,Dc47935_46
locus075,108,,locus075_108,,Dc47935_56
locus076,49,,locus076_49,,Dc48950_40
locus077,70,,locus077_70,,Dc49184_94
locus080,79,,locus080_79,,Dc52523_131
locus083,111,,locus083_111,,Dc58248_125
locus088,92,,locus088_92,,Dc62188_75
locus093,105,,locus093_105,,
locus096,96,,locus096_96,,
locus098,89,,locus098_89,,
locus100,67,,locus100_67,,
locus100,115,,locus100_115,,
locus100,118,,locus100_118,,
locus102,92,,locus102_92,,
locus106,97,,locus106_97,,
locus110,111,,locus110_111,,
locus111,52,,locus111_52,,
locus116,84,,locus116_84,,
locus119,111,,locus119_111,,
locus120,93,,locus120_93,,
locus126,108,,locus126_108,,
locus128,90,,locus128_90,,
locus129,30,,locus129_30,,
locus129,60,,locus129_60,,
locus130,94,,locus130_94,,
locus134,83,,locus134_83,,
locus135,60,,locus135_60,,
locus135,106,,locus135_106,,
locus137,107,,locus137_107,,
locus139,94,,locus139_94,,
locus140,50,,locus140_50,,
locus146,106,,locus146_106,,
locus148,62,,locus148_62,,
locus151,48,,locus151_48,,
locus155,83,,locus155_83,,
locus156,72,,locus156_72,,
locus157,48,,locus157_48,,
locus161,99,,locus161_99,,
locus165,99,,locus165_99,,
locus170,49,,locus170_49,,
locus176,69,,locus176_69,,
locus184,68,,locus184_68,,
locus186,85,,locus186_85,,
locus188,46,,locus188_46,,
locus188,138,,locus188_138,,
locus189,48,,locus189_48,,
locus189,70,,locus189_70,,
locus190,48,,locus190_48,,
locus191,55,,locus191_55,,
locus192,104,,locus192_104,,
locus195,84,,locus195_84,,
locus201,45,,locus201_45,,
locus202,38,,locus202_38,,
locus210,109,,locus210_109,,
locus215,54,,locus215_54,,
locus227,108,,locus227_108,,
locus229,31,,locus229_31,,
locus231,104,,locus231_104,,
locus235,75,,locus235_75,,
locus236,63,,locus236_63,,
locus237,75,,locus237_75,,
locus237,111,,locus237_111,,
locus239,75,,locus239_75,,
locus248,64,,locus248_64,,
locus255,56,,locus255_56,,
locus256,32,,locus256_32,,
locus263,54,,locus263_54,,
locus264,70,,locus264_70,,
locus271,66,,locus271_66,,
locus274,94,,locus274_94,,
locus280,105,,locus280_105,,
locus282,109,,locus282_109,,
locus286,32,,locus286_32,,
locus289,38,,locus289_38,,
locus291,79,,locus291_79,,
locus291,100,,locus291_100,,
locus292,97,,locus292_97,,
locus296,72,,locus296_72,,
locus298,111,,locus298_111,,
locus301,62,,locus301_62,,
locus314,91,,locus314_91,,
locus321,95,,locus321_95,,
locus322,43,,locus322_43,,
locus323,29,,locus323_29,,
locus329,110,,locus329_110,,
locus332,65,,locus332_65,,
locus334,102,,locus334_102,,
locus334,109,,locus334_109,,
locus349,107,,locus349_107,,
locus358,75,,locus358_75,,
locus359,69,,locus359_69,,
locus360,68,,locus360_68,,
Dc00544,43,,Dc00544_43,,
Dc01018,91,,Dc01018_91,,
Dc01661,29,,Dc01661_29,,
Dc01661,95,,Dc01661_95,,
Dc01707,62,,Dc01707_62,,
Dc01707,114,,Dc01707_114,,
Dc01784,76,,Dc01784_76,,
Dc02951,130,,Dc02951_130,,
Dc03456,138,,Dc03456_138,,
Dc03556,63,,Dc03556_63,,
Dc03887,62,,Dc03887_62,,
Dc03887,101,,Dc03887_101,,
Dc05864,26,,Dc05864_26,,
Dc05864,137,,Dc05864_137,,
Dc06503,101,,Dc06503_101,,
Dc07300,73,,Dc07300_73,,
Dc07300,81,,Dc07300_81,,
Dc07937,35,,Dc07937_35,,
Dc07937,134,,Dc07937_134,,
Dc08054,20,,Dc08054_20,,
Dc08054,106,,Dc08054_106,,
Dc08189,32,,Dc08189_32,,
Dc08189,82,,Dc08189_82,,
Dc08463,49,,Dc08463_49,,
Dc08578,36,,Dc08578_36,,
Dc08578,70,,Dc08578_70,,
Dc08865,87,,Dc08865_87,,
Dc08865,124,,Dc08865_124,,
Dc10003,34,,Dc10003_34,,
Dc10390,82,,Dc10390_82,,
Dc10878,74,,Dc10878_74,,
Dc10885,39,,Dc10885_39,,
Dc10885,73,,Dc10885_73,,
Dc11062,21,,Dc11062_21,,
Dc11062,41,,Dc11062_41,,
Dc11203,81,,Dc11203_81,,
Dc11203,120,,Dc11203_120,,
Dc11295,127,,Dc11295_127,,
Dc11714,69,,Dc11714_69,,
Dc12329,23,,Dc12329_23,,
Dc12329,111,,Dc12329_111,,
Dc13159,47,,Dc13159_47,,
Dc13159,110,,Dc13159_110,,
Dc13592,20,,Dc13592_20,,
Dc13592,122,,Dc13592_122,,
Dc14022,61,,Dc14022_61,,
Dc14945,86,,Dc14945_86,,
Dc16747,57,,Dc16747_57,,
Dc16962,31,,Dc16962_31,,
Dc16962,121,,Dc16962_121,,
Dc18951,66,,Dc18951_66,,
Dc20232,69,,Dc20232_69,,
Dc20232,74,,Dc20232_74,,
Dc21465,55,,Dc21465_55,,
Dc21637,22,,Dc21637_22,,
Dc21637,31,,Dc21637_31,,
Dc22013,26,,Dc22013_26,,
Dc22013,123,,Dc22013_123,,
Dc22883,31,,Dc22883_31,,
Dc22883,124,,Dc22883_124,,
Dc22887,42,,Dc22887_42,,
Dc27955,108,,Dc27955_108,,
Dc28124,67,,Dc28124_67,,
Dc28776,34,,Dc28776_34,,
Dc30071,39,,Dc30071_39,,
Dc31007,38,,Dc31007_38,,
Dc33714,53,,Dc33714_53,,
Dc33714,113,,Dc33714_113,,
Dc33907,80,,Dc33907_80,,
Dc34902,33,,Dc34902_33,,
Dc35779,46,,Dc35779_46,,
Dc36571,143,,Dc36571_143,,
Dc36616,24,,Dc36616_24,,
Dc36767,28,,Dc36767_28,,
Dc36767,103,,Dc36767_103,,
Dc40235,127,,Dc40235_127,,
Dc41234,66,,Dc41234_66,,
Dc41234,117,,Dc41234_117,,
Dc46984,53,,Dc46984_53,,
Dc46984,123,,Dc46984_123,,
Dc47572,71,,Dc47572_71,,
Dc47572,144,,Dc47572_144,,
Dc47935,30,,Dc47935_30,,
Dc47935,46,,Dc47935_46,,
Dc47935,56,,Dc47935_56,,
Dc48207,129,,Dc48207_129,,
Dc48950,19,,Dc48950_19,,
Dc48950,40,,Dc48950_40,,
Dc49080,112,,Dc49080_112,,
Dc49184,83,,Dc49184_83,,
Dc49184,94,,Dc49184_94,,
Dc51020,135,,Dc51020_135,,
Dc52523,27,,Dc52523_27,,
Dc52523,131,,Dc52523_131,,
Dc55481,47,,Dc55481_47,,
Dc58248,52,,Dc58248_52,,
Dc58248,125,,Dc58248_125,,
Dc62188,40,,Dc62188_40,,
Dc62188,75,,Dc62188_75,,
Dc67011,53,,Dc67011_53,,