"","x"
"1","102589"
"2","102605"
"3","102610"
"4","102616"
"5","102682"
"6","117088"
"7","117089"
"8","117094"
"9","117103"
"10","12480"
"11","12481"
"12","12482"
"13","12483"
"14","12484"
"15","12485"
"16","12486"
"17","12488"
"18","12489"
"19","12490"
"20","12491"
"21","12492"
"22","12493"
"23","12494"
"24","12495"
"25","12496"
"26","12497"
"27","12499"
"28","12500"
"29","12502"
"30","12503"
"31","12504"
"32","12505"
"33","12509"
"34","12511"
"35","12514"
"36","12515"
"37","12517"
"38","12519"
"39","12520"
"40","12521"
"41","12522"
"42","12523"
"43","12524"
"44","12525"
"45","12526"
"46","12527"
"47","12528"
"48","134055"
"49","134059"
"50","134061"
"51","134064"
"52","134066"
"53","134070"
"54","134074"
"55","134087"
"56","134095"
"57","134097"
"58","134098"
"59","134101"
"60","134108"
"61","134109"
"62","134111"
"63","134112"
"64","134113"
"65","16882"
"66","16883"
"67","16884"
"68","16885"
"69","16886"
"70","16887"
"71","16888"
"72","178009"
"73","178011"
"74","178014"
"75","207730"
"76","207745"
"77","210588"
"78","216904"
"79","216905"
"80","216906"
"81","216907"
"82","216908"
"83","216909"
"84","216910"
"85","216911"
"86","216912"
"87","216913"
"88","216914"
"89","216915"
"90","216916"
"91","216917"
"92","216918"
"93","216919"
"94","216920"
"95","216921"
"96","216922"
"97","216923"
"98","216924"
"99","216925"
"100","216926"
"101","216927"
"102","216928"
"103","216929"
"104","216930"
"105","216931"
"106","26450"
"107","26451"
"108","26452"
"109","26456"
"110","26457"
"111","26458"
"112","32021"
"113","32022"
"114","32023"
"115","32024"
"116","32030"
"117","32031"
"118","35352"
"119","37412"
"120","37417"
"121","37418"
"122","37419"
"123","37422"
"124","37463"
"125","37464"
"126","37465"
"127","37466"
"128","37467"
"129","37468"
"130","37469"
"131","37471"
"132","40942"
"133","40943"
"134","40945"
"135","61457"
"136","61464"
"137","61467"
"138","61468"
"139","62622"
"140","62627"
"141","62630"
"142","62634"
"143","62636"
"144","62680"
"145","62681"
"146","62687"
"147","62737"
"148","62742"
"149","62743"
"150","62752"
"151","62761"
"152","62766"
"153","62787"
"154","6796"
"155","6797"
"156","6798"
"157","6799"
"158","6800"
"159","6801"
"160","6802"
"161","6803"
"162","6805"
"163","76691"
"164","76693"
"165","76695"
"166","76697"
"167","76699"
"168","76701"
"169","76703"
"170","76705"
"171","76707"
"172","76709"
"173","76711"
"174","76713"
"175","76715"
