"","locus","Indiv","gt","haplo.1","haplo.2","haplo.3","haplo.4","depth.1","depth.2","depth.3","depth.4","num.haps"
"1","locus083","z0061455","G/N","G","N",NA,NA,31,14,0,0,"2"
"2","locus083","z0061461","A/N","A","N","G",NA,26,14,14,0,"3"
"3","locus083","z0062712","G/N","G","N",NA,NA,23,13,0,0,"2"
"4","locus083","z0062775","G/N","G","N",NA,NA,20,12,0,0,"2"
"5","locus083","z0012507","G/N","G","N",NA,NA,20,11,0,0,"2"
"6","locus083","z0062726","A/N","N","A","G",NA,19,17,16,0,"3"
"7","locus083","z0061453","A/N","A","N",NA,NA,18,14,0,0,"2"
"8","locus083","z0062694","A/N","N","A","G",NA,18,11,9,0,"3"
"9","locus083","z0062724","G/N","G","N",NA,NA,17,11,0,0,"2"
"10","locus083","z0012506","A/G","G","A","N",NA,16,12,10,0,"3"
"11","locus083","z0062751","A/N","A","N","G",NA,16,15,14,0,"3"
"12","locus083","z0062744","A/N","A","N",NA,NA,15,11,0,0,"2"
"13","locus083","z0062776","G/N","G","N",NA,NA,15,11,0,0,"2"
"14","locus083","z0062779","G/N","G","N",NA,NA,14,7,0,0,"2"
"15","locus069","z0062687","A/G","G","A","N",NA,14,11,7,0,"3"
"16","locus083","z0062757","G/N","G","N",NA,NA,14,6,0,0,"2"
"17","locus083","z0062729","G/N","G","N",NA,NA,14,7,0,0,"2"
"18","locus083","z0062783","G/N","G","N",NA,NA,13,7,0,0,"2"
"19","locus083","z0062716","A/N","N","A","G",NA,13,12,12,0,"3"
"20","locus083","z0062740","G/N","G","N",NA,NA,13,7,0,0,"2"
"21","locus083","z0062708","A/G","A","G","N",NA,12,11,6,0,"3"
"22","locus083","z0061462","A/G","G","A","N",NA,12,10,9,0,"3"
"23","locus083","z0216935","G/N","G","N","A",NA,12,10,9,0,"3"
"24","locus083","z0062731","G/N","N","G","A",NA,11,9,7,0,"3"
"25","locus083","z0062784","A/N","A","N","G",NA,11,8,6,0,"3"
"26","locus083","z0062704","G/N","G","N",NA,NA,10,10,0,0,"2"
