"locus","Bird's Head-Summer","Bird's Head-Winter","HaevoSI-Summer","HaevoSI-Winter","IsabelSI-South","Malaysia","PNG","num.sig.p"
"Dc01018",0.3034,0.6982,1,0.4214,0.047,1,1,1
"Dc01661",0.4664,0.7732,1,0.6776,0.7074,0.2298,0.639,0
"Dc01707",0.3552,0.743,0.6646,0.6304,0.134,0.5244,0.8296,0
"Dc01784",0.2522,0.1068,1,0.4306,0.1546,1,0.4898,0
"Dc02951",0.1242,0.2708,1,0.2292,0.7424,1,1,0
"Dc03456",0.5922,0.445,1,1,1,1,0.4988,0
"Dc03556",0.4076,0.5936,1,1,0.6134,1,0.1208,0
"Dc06503",1,1,1,1,1,1,1,0
"Dc07300",0.6108,0.3656,0.15,0.6864,0.646,1,0.2476,0
"Dc07937",0.0824,0.8758,1,1,0.365,1,0.6406,0
"Dc08054",0.3406,0.4192,1,1,0.4816,1,0.6532,0
"Dc08189",0.5508,0.5652,1,1,0.5078,0.3956,1,0
"Dc08463",0.1052,0.5426,1,1,0.4426,0.1618,0.5342,0
"Dc08865",0.672,0.1058,0.6602,0.5384,0.7928,0.6428,0.2048,0
"Dc10003",0.6272,0.3666,0.2022,0.4258,1,1,0.147,0
"Dc10390",1,0.1548,1,1,0.4722,1,0.0204,1
"Dc10878",0.4982,0.7596,0.2046,0.202,1,1,1,0
"Dc10885",0.078,0.9118,0.4804,1,0.1208,0.1086,1,0
"Dc11203",0.5842,0.582,1,1,1,1,0.4616,0
"Dc11714",0.1492,0.0418,0.192,1,0.0226,0.4856,0.324,2
"Dc13159",0.5156,0.508,0.4232,0.4156,0.5192,1,0.778,0
"Dc13592",0.688,0.4378,1,0.1982,0.4082,0.09,0.1166,0
"Dc14022",1,1,1,1,1,1,1,0
"Dc14945",0.3048,0.334,1,1,0.261,1,1,0
"Dc16747",1,0.739,1,1,0.4982,0.3208,1,0
"Dc18951",0.0612,0.4852,1,1,0.1916,1,1,0
"Dc20232",1,1,1,1,0.6516,0.7164,1,0
"Dc22883",0.3582,0.4156,0.6062,0.6472,0.9034,0.598,0.85,0
"Dc22887",1,1,1,1,1,1,1,0
"Dc27955",0.0852,0.6914,1,1,1,1,1,0
"Dc28124",0.5822,0.5912,1,1,1,1,1,0
"Dc28776",0.4432,0.7212,1,1,0.2234,1,0.5972,0
"Dc30071",0.569,0.1952,0.3158,1,0.4544,0.103,0.5772,0
"Dc31007",1,1,1,1,1,1,0.1962,0
"Dc33714",0.879,0.6748,1,1,0.1094,1,0.7394,0
"Dc33907",0.1702,1,1,1,1,1,1,0
"Dc34902",1,0.508,1,1,0.5294,1,1,0
"Dc35779",1,0.4466,1,1,1,0.4,0.496,0
"Dc36571",0.3964,0.0642,1,1,0.796,1,0.0924,0
"Dc36616",1,0.495,1,0.0952,1,1,1,0
"Dc40235",0.326,1,1,1,0.7196,1,1,0
"Dc41234",0.6456,0.1768,1,0.211,0.3804,0.199,0.41,0
"Dc46984",0.2058,0.6262,0.0822,0.706,0.6936,1,0.4036,0
"Dc47572",1,0.5504,1,0.2282,0.0654,0.5092,1,0
"Dc47935",0.6728,0.8466,1,0.334,0.406,1,0.0142,1
"Dc48207",1,1,1,1,1,1,1,0
"Dc48950",0.3822,0.7322,0.5392,1,0.5388,0.5376,0.403,0
"Dc49080",0.7678,0.6116,0.4198,0.5106,0.4758,0.4392,1,0
"Dc49184",0.5798,0.528,1,0.1114,0.4354,1,1,0
"Dc51020",1,0.3726,1,1,1,1,0.6118,0
"Dc52523",0.7126,0.3718,0.1382,0.2004,0.6392,0.7058,1,0
"Dc55481",1,0.0516,1,1,0.3102,1,1,0
"Dc58248",0.8842,0.5936,1,1,0.1524,0.0052,0.7498,1
"Dc62188",0.887,0.5976,1,0.691,0.5516,0.6864,0.1058,0
"Dc67011",1,0.4354,1,1,0.4888,0.4374,1,0
"locus003",0.3796,1,1,1,0.3724,1,1,0
"locus004",0.1728,1,1,0.4384,0.7798,0.4464,1,0
"locus005",0.6846,0.2868,1,1,0.4336,1,1,0
"locus006",0.49,0.03,1,0.075,1,1,1,1
"locus008",0.3048,1,1,1,0.075,0.0228,0.5376,1
"locus013",1,0.5976,1,0.1054,1,0.4262,1,0
"locus014",1,0.0058,1,1,1,1,1,1
"locus022",0.0242,0.44,1,1,0.5542,0.454,0.5576,1
"locus024",1,1,1,1,0.0968,1,0.1208,0
"locus025",0.7896,0.1182,0.3318,1,1,1,1,0
"locus027",1,1,1,1,0.6546,1,0.1082,0
"locus030",0.597,1,1,1,0.6272,0.1036,1,0
"locus035",1,1,1,1,1,1,1,0
"locus038",0.5666,0.6014,0.433,1,1,1,0.6122,0
"locus039",0.5946,1,1,1,0.5784,1,1,0
"locus040",1,0.0048,1,1,0.023,1,1,2
"locus041",0.362,0.711,1,1,0.0682,1,0.2608,0
"locus045",0.4056,0.052,1,0.2696,1,1,0.2176,0
"locus047",0.5702,1,1,1,0.8138,0.4258,0.6084,0
"locus048",1,1,1,1,1,1,1,0
"locus053",0.5156,0.0246,1,1,0.6344,0.108,0.8256,1
"locus055",1,0.4482,0.433,1,0.539,0.4484,1,0
"locus056",1,0.192,1,1,1,1,1,0
"locus058",0.1434,0.4238,1,0.4388,0.5836,0.5094,1,0
"locus060",0.6396,0.263,1,1,1,1,1,0
"locus061",1,0.2922,1,1,0.197,1,0.0062,1
"locus062",0.777,0.0494,1,0.2292,0.238,1,0.5354,1
"locus064",0.241,0.2628,0.1468,1,1,1,1,0
"locus065",1,1,1,1,1,1,1,0
"locus073",0.159,0.4286,1,1,0.321,0.4372,0.5514,0
"locus074",1,0.4812,1,1,0.3876,1,1,0
"locus076",0.5814,0.0688,1,0.3978,1,1,0.2874,0
"locus077",1,0.5742,1,1,1,1,1,0
"locus080",0.793,0.718,1,1,0.2288,1,0.6304,0
"locus083",0.1808,0.5252,NA,1,1,1,1,0
"locus088",0.668,0.716,1,1,0.26,1,0.541,0
"locus093",1,1,1,1,1,1,1,0
"locus096",1,0.4254,1,1,0.2748,1,1,0
"locus098",1,0.7662,1,1,0.732,1,1,0
"locus100",0.7098,0.3222,1,1,0.0116,1,1,1
"locus106",1,1,1,1,0.2574,1,0.2184,0
"locus116",0.3576,0.1814,1,1,0.7552,1,1,0
"locus119",0.0512,0.056,0.426,0.1148,0.0732,1,1,0
"locus120",0.2754,0.184,1,0.4378,0.338,1,1,0
"locus128",0.3516,0.7222,1,1,1,0.335,1,0
"locus129",0.2384,1,0.1458,0.3292,0.4296,1,1,0
"locus130",0.6012,1,1,1,1,1,1,0
"locus134",0.4458,0.1646,1,1,0.5986,1,1,0
"locus135",0.2812,1,1,1,0.7114,1,0.0752,0
"locus137",0.5832,0.5934,1,1,0.0612,0.4396,1,0
"locus139",0.0966,1,1,1,0.6788,1,0.5084,0
"locus140",0.0966,1,1,1,0.6764,1,0.521,0
"locus146",1,0.191,0.132,1,0.6164,0.438,0.2894,0
"locus148",0.2184,1,1,0.4432,0.5428,1,1,0
"locus151",1,1,1,1,0.0806,0.1498,1,0
"locus157",0.428,1,1,1,0.153,1,1,0
"locus161",0.329,0.5916,0.4226,1,1,0.2288,1,0
"locus165",0.5316,1,1,1,1,0.5108,1,0
"locus170",0.7852,1,0.4218,0.4382,0.4456,0.4408,1,0
"locus176",0.7662,0.3556,1,0.4034,0.4134,0.4286,0.6168,0
"locus184",1,0.7762,1,0.0754,0.7572,0.2306,0.3268,0
"locus186",0.5082,0.4922,1,1,0.4832,1,0.4676,0
"locus188",0.327,0.0578,1,1,0.651,0.831,1,0
"locus189",0.406,0.5464,0.3254,1,1,1,0.289,0
"locus190",0.7228,0.7446,1,1,0.5252,1,1,0
"locus191",0.566,1,1,1,1,0.4404,0.5126,0
"locus192",0.4926,0.201,1,1,0.2648,1,1,0
"locus195",0.3836,1,1,0.4298,0.1594,1,0.5562,0
"locus202",0.5456,1,1,0.449,0.4344,1,0.599,0
"locus215",0.0914,0.6134,0.3298,1,0.3102,0.1048,1,0
"locus227",0.0082,0.3262,1,1,0.6728,1,1,1
"locus231",1,1,1,1,0.7164,1,1,0
"locus235",0.737,1,1,1,0.7452,1,0.3048,0
"locus236",0.6664,1,1,0.2266,0.6668,1,0.5234,0
"locus237",0.6328,0.2902,1,1,0.012,1,0.712,1
"locus239",0.4328,1,1,0.1678,0.4114,1,1,0
"locus248",0.4856,1,1,0.4416,0.7246,1,0.055,0
"locus256",0.781,0.78,1,1,0.783,1,1,0
"locus263",1,1,1,1,1,1,1,0
"locus264",1,1,0.4124,1,0.2054,0.4494,0.6104,0
"locus274",0.7582,0.564,1,0.3046,1,1,1,0
"locus280",0.7394,1,1,1,0.4532,1,0.5144,0
"locus282",0.328,1,1,0.1068,0.3826,0.1076,0.0896,0
"locus286",1,1,1,1,1,1,1,0
"locus291",0.5584,0.5702,1,1,0.389,1,0.2898,0
"locus292",0.0282,0.413,1,0.4266,0.4732,1,1,1
"locus296",0.4024,1,1,1,0.4162,1,0.0594,0
"locus301",1,1,1,0.4328,0.6408,1,1,0
"locus314",0.001,0,1,1,1,1,0.141,2
"locus321",0.2364,0.591,1,1,0.788,0.4438,0.2954,0
"locus322",1,0.0418,1,0.107,1,1,1,1
"locus323",0.175,0.512,1,1,0.3272,1,0.2512,0
"locus329",0.5788,0.4284,1,0.4304,1,1,0.6142,0
"locus332",0.7668,0.5512,1,1,0.693,0.2346,0.5268,0
"locus358",1,1,0.3062,0.109,0.2174,1,1,0
"locus359",0.3302,1,1,0.4304,0.2634,0.228,1,0
"locus360",0.3996,0.1734,1,1,0.2116,0.101,0.6112,0
