"locus","Bird's Head-Summer","Bird's Head-Winter","HaevoSI-Summer","HaevoSI-Winter","In-water, CA","In-water, Indonesia","IsabelSI-South","Malaysia","PNG","num.sig.adj.p"
"locus314",0.0064,0,1,1,0.14,1,1,1,0.8676,2
"locus014",1,0.0306,1,1,1,1,1,1,1,1
"locus040",1,0.0414,1,1,1,1,0.1728,1,1,1
"locus061",1,1,1,1,1,1,1,1,0.0324,1
"Dc01018",1,1,1,1,1,1,0.4086,1,1,0
"Dc01661",1,1,1,1,1,1,1,1,1,0
"Dc01707",1,1,1,1,1,1,1,1,1,0
"Dc01784",1,0.8838,1,1,1,1,1,1,1,0
"Dc02951",1,1,1,1,1,1,1,1,1,0
"Dc03456",1,1,1,1,1,1,1,1,1,0
"Dc03556",1,1,1,1,1,1,1,1,1,0
"Dc06503",1,1,1,1,1,NA,1,1,1,0
"Dc07300",1,1,1,1,1,1,1,1,1,0
"Dc07937",0.7218,1,1,1,1,1,1,1,1,0
"Dc08054",1,1,1,1,1,1,1,1,1,0
"Dc08189",1,1,1,1,1,1,1,1,1,0
"Dc08463",0.9054,1,1,1,1,1,1,1,1,0
"Dc08865",1,1,1,1,1,1,1,1,1,0
"Dc10003",1,1,1,1,1,NA,1,1,1,0
"Dc10390",1,1,1,1,1,1,1,1,0.171,0
"Dc10878",1,1,1,1,1,1,1,1,1,0
"Dc10885",0.7416,1,1,1,1,1,0.8528,0.8528,1,0
"Dc11203",1,1,1,1,1,1,1,1,1,0
"Dc11714",0.9048,0.3664,1,1,0.7364,1,0.1908,1,1,0
"Dc13159",1,1,1,1,1,1,1,1,1,0
"Dc13592",1,1,1,1,1,1,1,0.7398,1,0
"Dc14022",1,1,1,1,1,1,1,1,1,0
"Dc14945",1,1,1,1,1,1,1,1,1,0
"Dc16747",1,1,1,1,1,1,1,1,1,0
"Dc18951",0.5454,1,1,1,1,1,1,1,1,0
"Dc20232",1,1,1,1,1,1,1,1,1,0
"Dc22883",1,1,1,1,1,1,1,1,1,0
"Dc22887",1,1,1,1,1,1,1,1,1,0
"Dc27955",0.7362,1,1,1,1,1,1,1,1,0
"Dc28124",1,1,1,1,1,1,1,1,1,0
"Dc28776",1,1,1,1,1,1,1,1,1,0
"Dc30071",1,1,1,1,1,1,1,0.9036,1,0
"Dc31007",1,1,1,1,1,1,1,1,1,0
"Dc33714",1,1,1,1,1,1,1,1,1,0
"Dc33907",1,1,1,1,1,1,1,1,1,0
"Dc34902",1,1,1,1,1,1,1,1,1,0
"Dc35779",1,1,1,1,1,1,1,1,1,0
"Dc36571",1,0.5976,1,1,1,1,1,1,0.664,0
"Dc36616",1,1,1,0.8136,1,1,1,1,1,0
"Dc40235",1,1,1,1,1,1,1,1,1,0
"Dc41234",1,1,1,1,1,1,1,1,1,0
"Dc46984",1,1,0.7686,1,1,1,1,1,1,0
"Dc47572",1,1,1,1,1,1,0.5562,1,1,0
"Dc47935",1,1,1,1,1,1,1,1,0.1098,0
"Dc48207",1,1,1,1,1,1,1,1,1,0
"Dc48950",1,1,1,1,1,1,1,1,1,0
"Dc49080",1,1,1,1,1,1,1,1,1,0
"Dc49184",1,1,1,0.8576,0.8028,1,1,1,1,0
"Dc51020",1,1,1,1,1,1,1,1,1,0
"Dc52523",1,1,1,1,1,1,1,1,1,0
"Dc55481",1,0.4536,1,1,1,1,1,1,1,0
"Dc58248",1,1,1,1,1,1,1,0.0594,1,0
"Dc62188",1,1,1,1,1,1,1,1,0.9918,0
"Dc67011",1,1,1,1,1,1,1,1,1,0
"locus003",1,1,1,1,1,1,1,1,1,0
"locus004",1,1,1,1,0.7236,1,1,1,1,0
"locus005",1,1,1,1,1,1,1,1,1,0
"locus006",1,0.2322,1,0.6528,1,1,1,1,1,0
"locus008",1,1,1,1,1,1,0.5808,0.2088,1,0
"locus013",1,1,1,0.9522,1,1,1,1,1,0
"locus022",0.198,1,1,1,1,1,1,1,1,0
"locus024",1,1,1,1,1,1,0.8586,1,1,0
"locus025",1,1,1,1,1,1,1,1,1,0
"locus027",1,1,1,1,1,NA,1,1,0.8576,0
"locus030",1,1,1,1,1,1,1,0.9414,1,0
"locus035",1,1,1,1,1,1,1,1,1,0
"locus038",1,1,1,1,1,1,1,1,1,0
"locus039",1,1,1,1,1,1,1,1,1,0
"locus041",1,1,1,1,1,NA,0.5952,1,1,0
"locus045",1,0.5328,1,1,1,1,1,1,1,0
"locus047",1,1,1,1,1,1,1,1,1,0
"locus048",1,1,1,1,1,1,1,1,1,0
"locus053",1,0.1908,1,1,1,1,1,0.8384,1,0
"locus055",1,1,1,1,1,1,1,1,1,0
"locus056",1,1,1,1,1,1,1,1,1,0
"locus058",1,1,1,1,1,1,1,1,1,0
"locus060",1,1,1,1,1,1,1,1,1,0
"locus062",1,0.4734,1,1,1,1,1,1,1,0
"locus064",1,1,1,1,1,1,1,1,1,0
"locus065",1,1,1,1,1,1,1,1,1,0
"locus073",1,1,1,1,1,1,1,1,1,0
"locus074",1,1,1,1,0.9792,1,1,1,1,0
"locus076",1,0.558,1,1,1,1,1,1,1,0
"locus077",1,1,1,1,1,1,1,1,1,0
"locus080",1,1,1,1,1,1,1,1,1,0
"locus083",1,1,NA,1,0.712,1,1,1,1,0
"locus088",1,1,1,1,1,1,1,1,1,0
"locus093",1,1,1,1,1,1,1,1,1,0
"locus096",1,1,1,1,1,1,1,1,1,0
"locus098",1,1,1,1,1,1,1,1,1,0
"locus100",1,1,1,1,1,1,0.1098,1,1,0
"locus106",1,1,1,1,1,1,1,1,1,0
"locus116",1,1,1,1,1,1,1,1,1,0
"locus119",0.477,0.477,1,0.72,1,1,0.4858,1,1,0
"locus120",1,1,1,1,1,1,1,1,1,0
"locus128",1,1,1,1,1,1,1,1,1,0
"locus129",1,1,1,1,1,1,1,1,1,0
"locus130",1,1,1,1,1,1,1,1,1,0
"locus134",1,1,1,1,1,1,1,1,1,0
"locus135",1,1,1,1,1,1,1,1,0.6858,0
"locus137",1,1,1,1,1,1,0.5958,1,1,0
"locus139",0.8118,1,1,1,1,1,1,1,1,0
"locus140",0.9072,1,1,1,1,1,1,1,1,0
"locus146",1,1,1,1,1,1,1,1,1,0
"locus148",1,1,1,1,1,1,1,1,1,0
"locus151",1,1,1,1,0.84,1,0.72,1,1,0
"locus157",1,1,1,1,1,NA,1,1,1,0
"locus161",1,1,1,1,1,1,1,1,1,0
"locus165",1,1,1,1,1,1,1,1,1,0
"locus170",1,1,1,1,1,1,1,1,1,0
"locus176",1,1,1,1,1,1,1,1,1,0
"locus184",1,1,1,0.7308,1,1,1,1,1,0
"locus186",1,1,1,1,1,1,1,1,1,0
"locus188",1,0.4842,1,1,1,1,1,1,1,0
"locus189",1,1,1,1,1,1,1,1,1,0
"locus190",1,1,1,1,1,1,1,1,1,0
"locus191",1,1,1,1,1,1,1,1,1,0
"locus192",1,1,1,1,1,1,1,1,1,0
"locus195",1,1,1,1,1,1,1,1,1,0
"locus202",1,1,1,1,1,1,1,1,1,0
"locus215",0.7632,1,1,1,1,1,1,0.8432,1,0
"locus227",0.0918,1,1,1,1,1,1,1,1,0
"locus231",1,1,1,1,1,NA,1,1,1,0
"locus235",1,1,1,1,1,1,1,1,1,0
"locus236",1,1,1,1,1,1,1,1,1,0
"locus237",1,1,1,1,1,1,0.1044,1,1,0
"locus239",1,1,1,1,1,1,1,1,1,0
"locus248",1,1,1,1,1,1,1,1,0.4734,0
"locus256",1,1,1,1,1,1,1,1,1,0
"locus263",1,1,1,1,1,1,1,1,1,0
"locus264",1,1,1,1,1,1,1,1,1,0
"locus274",1,1,1,1,1,1,1,1,1,0
"locus280",1,1,1,1,1,1,1,1,1,0
"locus282",1,1,1,0.8528,1,1,1,0.8528,0.7434,0
"locus286",1,1,1,1,1,1,1,1,1,0
"locus291",1,1,1,1,1,1,1,1,1,0
"locus292",0.2556,1,1,1,1,1,1,1,1,0
"locus296",1,1,1,1,1,1,1,1,0.5184,0
"locus301",1,1,1,1,1,1,1,1,1,0
"locus321",1,1,1,1,1,1,1,1,1,0
"locus322",1,0.378,1,0.8368,1,1,1,1,1,0
"locus323",1,1,1,1,1,1,1,1,1,0
"locus329",1,1,1,1,1,1,1,1,1,0
"locus332",1,1,1,1,1,1,1,1,1,0
"locus358",1,1,1,0.8946,1,1,1,1,1,0
"locus359",1,1,1,1,1,1,1,1,1,0
"locus360",1,1,1,1,1,1,1,0.9468,1,0
