"","indiv","collection","repunit","inferred_collection","inferred_repunit","scaled_likelihood","log_likelihood","z_score","n_non_miss_loci","n_miss_loci","missing_loci"
"1","z0037466","Bird's Head-Summer","Bird's Head-Summer","Bird's Head-Winter","Bird's Head-Winter",0.552555965568105,-145.757329947719,-0.362037124992077,149,1,"c(locus314_1 = 142)"
"2","z0037467","Bird's Head-Summer","Bird's Head-Summer","Bird's Head-Summer","Bird's Head-Summer",0.808351085006257,-132.624677516284,0.660386164147997,141,9,"c(Dc01018_1 = 1, Dc06503_1 = 8, Dc10003_1 = 15, Dc10878_1 = 17, Dc30071_1 = 33, Dc31007_1 = 34, locus027_1 = 66, locus093_1 = 92, locus314_1 = 142)"
"3","z0037468","Bird's Head-Summer","Bird's Head-Summer","Bird's Head-Summer","Bird's Head-Summer",0.938015340629224,-134.824040964546,1.07931805369843,148,2,"c(Dc06503_1 = 8, Dc31007_1 = 34)"
"4","z0037412","Bird's Head-Summer","Bird's Head-Summer","Bird's Head-Winter","Bird's Head-Winter",0.642087718020697,-138.616804520844,0.658960783672967,149,1,"c(locus314_1 = 142)"
"5","z0037417","Bird's Head-Summer","Bird's Head-Summer","Bird's Head-Summer","Bird's Head-Summer",0.578675776799671,-137.511808569327,0.44154587128394,146,4,"c(Dc06503_1 = 8, Dc10878_1 = 17, Dc31007_1 = 34, locus027_1 = 66)"
"6","z0037418","Bird's Head-Summer","Bird's Head-Summer","Bird's Head-Winter","Bird's Head-Winter",0.75367791734387,-131.103908819846,1.4595195367617,147,3,"c(locus027_1 = 66, locus130_1 = 102, locus165_1 = 112)"
"7","z0037419","Bird's Head-Summer","Bird's Head-Summer","Bird's Head-Summer","Bird's Head-Summer",0.785022043812191,-148.936629405598,-0.864994234373851,149,1,"c(locus314_1 = 142)"
"8","z0037422","Bird's Head-Summer","Bird's Head-Summer","Bird's Head-Summer","Bird's Head-Summer",0.730272978321001,-142.177198271135,-0.16365583770894,147,3,"c(locus027_1 = 66, locus083_1 = 90, locus130_1 = 102)"
"9","z0062622","Bird's Head-Summer","Bird's Head-Summer","IsabelSI-South","IsabelSI-South",0.500162214262764,-136.050665927661,0.94971306391339,150,0,"integer(0)"
"10","z0062627","Bird's Head-Summer","Bird's Head-Summer","IsabelSI-South","IsabelSI-South",0.589645240965052,-146.605979178772,-0.543447946470939,149,1,"c(locus314_1 = 142)"
"11","z0062630","Bird's Head-Summer","Bird's Head-Summer","Bird's Head-Winter","Bird's Head-Winter",0.431600821304036,-145.265480891495,-0.191177029080309,150,0,"integer(0)"
"12","z0062634","Bird's Head-Summer","Bird's Head-Summer","Bird's Head-Winter","Bird's Head-Winter",0.960359264650494,-134.437977105941,1.33352577174946,150,0,"integer(0)"
"13","z0062636","Bird's Head-Summer","Bird's Head-Summer","Bird's Head-Summer","Bird's Head-Summer",0.978372914945264,-148.665758178781,-0.716853360774235,150,0,"integer(0)"
"14","z0062680","Bird's Head-Summer","Bird's Head-Summer","Bird's Head-Winter","Bird's Head-Winter",0.586169809972021,-145.106416673754,-0.470011477481383,147,3,"c(Dc31007_1 = 34, locus130_1 = 102, locus165_1 = 112)"
"15","z0062681","Bird's Head-Summer","Bird's Head-Summer","Bird's Head-Summer","Bird's Head-Summer",0.884076638248285,-128.30621581771,1.96461007407023,148,2,"c(locus061_1 = 81, locus314_1 = 142)"
"16","z0076691","Bird's Head-Summer","Bird's Head-Summer","Bird's Head-Summer","Bird's Head-Summer",0.673323036928281,-160.903800481043,-2.41892946440026,150,0,"integer(0)"
"17","z0076693","Bird's Head-Summer","Bird's Head-Summer","Bird's Head-Winter","Bird's Head-Winter",0.831921226740183,-130.800171663511,1.8457927038883,150,0,"integer(0)"
"18","z0076695","Bird's Head-Summer","Bird's Head-Summer","Bird's Head-Summer","Bird's Head-Summer",0.669374832494518,-140.030795125865,0.392895028794324,149,1,"c(locus314_1 = 142)"
"19","z0076697","Bird's Head-Summer","Bird's Head-Summer","Bird's Head-Summer","Bird's Head-Summer",0.476153104974305,-144.26129783967,-0.104277712855082,150,0,"integer(0)"
"20","z0076699","Bird's Head-Summer","Bird's Head-Summer","Bird's Head-Summer","Bird's Head-Summer",0.854427983918279,-138.907828812838,0.358834305968017,148,2,"c(Dc06503_1 = 8, Dc41234_1 = 42)"
"21","z0076701","Bird's Head-Summer","Bird's Head-Summer","Bird's Head-Summer","Bird's Head-Summer",0.838864818334727,-136.131404573282,0.367316800418373,145,5,"c(Dc06503_1 = 8, Dc10878_1 = 17, Dc41234_1 = 42, locus165_1 = 112, locus314_1 = 142)"
"22","z0076703","Bird's Head-Summer","Bird's Head-Summer","Bird's Head-Winter","Bird's Head-Winter",0.959851981497097,-129.515336476998,1.30903572029651,144,6,"c(Dc06503_1 = 8, Dc10878_1 = 17, Dc13592_1 = 22, Dc31007_1 = 34, Dc41234_1 = 42, locus130_1 = 102)"
"23","z0076705","Bird's Head-Summer","Bird's Head-Summer","Bird's Head-Winter","Bird's Head-Winter",0.897058634463955,-134.6046263522,1.08251336234845,148,2,"c(locus130_1 = 102, locus165_1 = 112)"
"24","z0076707","Bird's Head-Summer","Bird's Head-Summer","Bird's Head-Winter","Bird's Head-Winter",0.911839682447479,-127.228446529411,2.34875436740868,150,0,"integer(0)"
"25","z0076709","Bird's Head-Summer","Bird's Head-Summer","Bird's Head-Summer","Bird's Head-Summer",0.527397715921964,-133.707111059096,1.28607292110686,149,1,"c(locus314_1 = 142)"
"26","z0076711","Bird's Head-Summer","Bird's Head-Summer","Bird's Head-Winter","Bird's Head-Winter",0.618599553802616,-141.916367649173,0.280436968199248,150,0,"integer(0)"
"27","z0076713","Bird's Head-Summer","Bird's Head-Summer","Bird's Head-Winter","Bird's Head-Winter",0.915743266879846,-130.762960025942,1.31326917886625,145,5,"c(Dc06503_1 = 8, Dc31007_1 = 34, Dc41234_1 = 42, locus130_1 = 102, locus314_1 = 142)"
"28","z0076715","Bird's Head-Summer","Bird's Head-Summer","Bird's Head-Summer","Bird's Head-Summer",0.631182796297334,-146.112635222781,-0.562673306201601,148,2,"c(Dc06503_1 = 8, Dc10878_1 = 17)"
"29","z0134098","Bird's Head-Summer","Bird's Head-Summer","IsabelSI-South","IsabelSI-South",0.579512129391259,-142.728041491448,-0.786230690801906,142,8,"c(Dc06503_1 = 8, Dc10878_1 = 17, Dc16747_1 = 25, Dc41234_1 = 42, Dc48207_1 = 46, locus027_1 = 66, locus093_1 = 92, locus314_1 = 142)"
"30","z0134061","Bird's Head-Summer","Bird's Head-Summer","Bird's Head-Summer","Bird's Head-Summer",0.649176919590077,-115.919669138787,0.572492140366858,124,26,"c(Dc01018_1 = 1, Dc06503_1 = 8, Dc07937_1 = 10, Dc08189_1 = 12, Dc10003_1 = 15, Dc10878_1 = 17, Dc13159_1 = 21, Dc14022_1 = 23, Dc16747_1 = 25, Dc20232_1 = 27, Dc22883_1 = 28, Dc27955_1 = 30, Dc28776_1 = 32, Dc31007_1 = 34, Dc41234_1 = 42, Dc48207_1 = 46, locus027_1 = 66, locus040_1 = 71, locus076_1 = 87, locus093_1 = 92, locus098_1 = 94, locus116_1 = 97, locus157_1 = 110, locus231_1 = 125, locus256_1 = 131, locus280_1 = 135)"
"31","z0134055","Bird's Head-Summer","Bird's Head-Summer","HaevoSI-Winter","HaevoSI-Winter",0.670870791808783,-128.909632775413,2.34850370982666,137,13,"c(Dc01018_1 = 1, Dc06503_1 = 8, Dc10003_1 = 15, Dc10878_1 = 17, Dc11714_1 = 20, Dc27955_1 = 30, Dc31007_1 = 34, Dc48207_1 = 46, Dc55481_1 = 52, locus027_1 = 66, locus041_1 = 72, locus116_1 = 97, locus128_1 = 100)"
"32","z0134059","Bird's Head-Summer","Bird's Head-Summer","IsabelSI-South","IsabelSI-South",0.957644399923086,-116.33220489323,1.67927025004391,133,17,"c(Dc01018_1 = 1, Dc06503_1 = 8, Dc08189_1 = 12, Dc10003_1 = 15, Dc10878_1 = 17, Dc13159_1 = 21, Dc16747_1 = 25, Dc22883_1 = 28, Dc27955_1 = 30, Dc31007_1 = 34, Dc41234_1 = 42, Dc48207_1 = 46, Dc55481_1 = 52, locus027_1 = 66, locus040_1 = 71, locus093_1 = 92, locus231_1 = 125)"
"33","z0134112","Bird's Head-Summer","Bird's Head-Summer","Bird's Head-Summer","Bird's Head-Summer",0.639330826625251,-145.262075329551,-0.345988156559373,149,1,"c(locus314_1 = 142)"
"34","z0134108","Bird's Head-Summer","Bird's Head-Summer","Bird's Head-Summer","Bird's Head-Summer",0.698495210184582,-145.505958279285,-0.833112979156097,145,5,"c(Dc06503_1 = 8, Dc31007_1 = 34, Dc41234_1 = 42, locus093_1 = 92, locus116_1 = 97)"
"35","z0134097","Bird's Head-Summer","Bird's Head-Summer","Bird's Head-Summer","Bird's Head-Summer",0.591999931835385,-128.161579011162,0.0181549826283721,133,17,"c(Dc01018_1 = 1, Dc06503_1 = 8, Dc08189_1 = 12, Dc10003_1 = 15, Dc10878_1 = 17, Dc22883_1 = 28, Dc27955_1 = 30, Dc31007_1 = 34, Dc41234_1 = 42, Dc48207_1 = 46, locus027_1 = 66, locus040_1 = 71, locus041_1 = 72, locus093_1 = 92, locus098_1 = 94, locus151_1 = 109, locus231_1 = 125)"
"36","z0134111","Bird's Head-Summer","Bird's Head-Summer","Bird's Head-Winter","Bird's Head-Winter",0.780916951895038,-142.764596944321,-1.4049010612641,136,14,"c(Dc01018_1 = 1, Dc06503_1 = 8, Dc10878_1 = 17, Dc16747_1 = 25, Dc27955_1 = 30, Dc31007_1 = 34, Dc41234_1 = 42, Dc48207_1 = 46, locus040_1 = 71, locus093_1 = 92, locus116_1 = 97, locus151_1 = 109, locus157_1 = 110, locus231_1 = 125)"
"37","z0134113","Bird's Head-Summer","Bird's Head-Summer","Bird's Head-Winter","Bird's Head-Winter",0.728831577354349,-139.227475612835,0.545899061057464,149,1,"c(Dc13592_1 = 22)"
"38","z0134109","Bird's Head-Summer","Bird's Head-Summer","Bird's Head-Summer","Bird's Head-Summer",0.853570843984029,-134.950362649537,0.451855575928709,144,6,"c(Dc06503_1 = 8, Dc10003_1 = 15, Dc10878_1 = 17, Dc41234_1 = 42, locus027_1 = 66, locus314_1 = 142)"
"39","z0134095","Bird's Head-Summer","Bird's Head-Summer","Bird's Head-Winter","Bird's Head-Winter",0.724089621547974,-101.037241125954,1.54431905390074,115,35,"c(Dc01018_1 = 1, Dc01784_1 = 4, Dc06503_1 = 8, Dc07937_1 = 10, Dc08189_1 = 12, Dc10003_1 = 15, Dc10878_1 = 17, Dc11714_1 = 20, Dc13159_1 = 21, Dc14022_1 = 23, Dc16747_1 = 25, Dc22883_1 = 28, Dc27955_1 = 30, Dc28776_1 = 32, Dc31007_1 = 34, Dc33714_1 = 35, Dc33907_1 = 36, Dc41234_1 = 42, Dc48207_1 = 46, Dc52523_1 = 51, Dc55481_1 = 52, locus027_1 = 66, locus038_1 = 69, locus040_1 = 71, locus041_1 = 72, locus076_1 = 87, locus093_1 = 92, locus098_1 = 94, locus116_1 = 97, locus128_1 = 100, locus151_1 = 109, 
locus157_1 = 110, locus231_1 = 125, locus256_1 = 131, locus280_1 = 135)"
"40","z0134070","Bird's Head-Summer","Bird's Head-Summer","Bird's Head-Winter","Bird's Head-Winter",0.55700114594445,-131.527295936916,1.74340082869986,150,0,"integer(0)"
"41","z0134066","Bird's Head-Summer","Bird's Head-Summer","IsabelSI-South","IsabelSI-South",0.440534476993603,-106.707737846982,1.29699504866334,119,31,"c(Dc01018_1 = 1, Dc06503_1 = 8, Dc07937_1 = 10, Dc08189_1 = 12, Dc10003_1 = 15, Dc10878_1 = 17, Dc11714_1 = 20, Dc13159_1 = 21, Dc16747_1 = 25, Dc22883_1 = 28, Dc27955_1 = 30, Dc28776_1 = 32, Dc31007_1 = 34, Dc33907_1 = 36, Dc41234_1 = 42, Dc48207_1 = 46, Dc55481_1 = 52, locus027_1 = 66, locus035_1 = 68, locus038_1 = 69, locus040_1 = 71, locus041_1 = 72, locus076_1 = 87, locus093_1 = 92, locus098_1 = 94, locus151_1 = 109, locus157_1 = 110, locus231_1 = 125, locus256_1 = 131, locus280_1 = 135, locus314_1 = 142
)"
"42","z0134087","Bird's Head-Summer","Bird's Head-Summer","Bird's Head-Winter","Bird's Head-Winter",0.858702937195637,-122.129527529863,-0.0170574565944117,124,26,"c(Dc01018_1 = 1, Dc06503_1 = 8, Dc08189_1 = 12, Dc10003_1 = 15, Dc10878_1 = 17, Dc13159_1 = 21, Dc13592_1 = 22, Dc14022_1 = 23, Dc16747_1 = 25, Dc27955_1 = 30, Dc31007_1 = 34, Dc41234_1 = 42, Dc48207_1 = 46, Dc55481_1 = 52, locus027_1 = 66, locus040_1 = 71, locus093_1 = 92, locus098_1 = 94, locus116_1 = 97, locus128_1 = 100, locus151_1 = 109, locus157_1 = 110, locus165_1 = 112, locus231_1 = 125, locus256_1 = 131, locus280_1 = 135)"
"43","z0102610","Bird's Head-Summer","Bird's Head-Summer","Bird's Head-Summer","Bird's Head-Summer",0.747850297899975,-149.661464451548,-0.855336936108324,150,0,"integer(0)"
"44","z0102616","Bird's Head-Summer","Bird's Head-Summer","Bird's Head-Winter","Bird's Head-Winter",0.971891118427873,-150.808593466269,-1.11714919534491,149,1,"c(locus061_1 = 81)"
"45","z0102589","Bird's Head-Summer","Bird's Head-Summer","Bird's Head-Winter","Bird's Head-Winter",0.967998240211752,-146.325962896775,-0.340511530892001,150,0,"integer(0)"
"46","z0102605","Bird's Head-Summer","Bird's Head-Summer","PNG","PNG",0.721725556189558,-138.025123253381,1.5827002565005,150,0,"integer(0)"
"47","z0102682","Bird's Head-Summer","Bird's Head-Summer","Bird's Head-Summer","Bird's Head-Summer",0.658023798285488,-125.118926987195,-0.572073965329852,125,25,"c(Dc01018_1 = 1, Dc06503_1 = 8, Dc10003_1 = 15, Dc10878_1 = 17, Dc13159_1 = 21, Dc16747_1 = 25, Dc22883_1 = 28, Dc27955_1 = 30, Dc28776_1 = 32, Dc31007_1 = 34, Dc33907_1 = 36, Dc36571_1 = 39, Dc41234_1 = 42, Dc48207_1 = 46, Dc55481_1 = 52, locus027_1 = 66, locus040_1 = 71, locus041_1 = 72, locus076_1 = 87, locus093_1 = 92, locus098_1 = 94, locus128_1 = 100, locus157_1 = 110, locus231_1 = 125, locus256_1 = 131)"
"48","z0134101","Bird's Head-Summer","Bird's Head-Summer","Bird's Head-Summer","Bird's Head-Summer",0.829387988845377,-149.199889487636,-0.791140743882281,150,0,"integer(0)"
"49","z0037463","Bird's Head-Summer","Bird's Head-Summer","Bird's Head-Winter","Bird's Head-Winter",0.927807786351199,-140.346680581985,0.501476490804717,150,0,"integer(0)"
"50","z0037464","Bird's Head-Summer","Bird's Head-Summer","Bird's Head-Winter","Bird's Head-Winter",0.524779697550842,-149.540294027629,-0.793145838399371,150,0,"integer(0)"
"51","z0037471","Bird's Head-Summer","Bird's Head-Summer","Bird's Head-Winter","Bird's Head-Winter",0.911614933289042,-136.864946329802,0.849752131876289,148,2,"c(Dc31007_1 = 34, locus314_1 = 142)"
"52","z0134074","Bird's Head-Summer","Bird's Head-Summer","Bird's Head-Winter","Bird's Head-Winter",0.517298314383118,-161.956396867732,-2.67828312355833,149,1,"c(locus314_1 = 142)"
"53","z0062632","Bird's Head-Winter","Bird's Head-Winter","IsabelSI-South","IsabelSI-South",0.401174838241249,-122.34496031959,0.75712278434924,131,19,"c(Dc10003_1 = 15, Dc55481_1 = 52, locus061_1 = 81, locus080_1 = 89, locus083_1 = 90, locus093_1 = 92, locus130_1 = 102, locus134_1 = 103, locus151_1 = 109, locus157_1 = 110, locus165_1 = 112, locus176_1 = 114, locus188_1 = 116, locus191_1 = 119, locus192_1 = 120, locus215_1 = 123, locus256_1 = 131, locus263_1 = 132, locus286_1 = 137)"
"54","z0062684","Bird's Head-Winter","Bird's Head-Winter","IsabelSI-South","IsabelSI-South",0.602590071150257,-121.469853454023,0.0839319707997402,126,24,"c(Dc06503_1 = 8, Dc10003_1 = 15, Dc27955_1 = 30, Dc31007_1 = 34, Dc36571_1 = 39, Dc41234_1 = 42, Dc55481_1 = 52, locus027_1 = 66, locus061_1 = 81, locus080_1 = 89, locus083_1 = 90, locus130_1 = 102, locus151_1 = 109, locus157_1 = 110, locus165_1 = 112, locus176_1 = 114, locus188_1 = 116, locus191_1 = 119, locus215_1 = 123, locus256_1 = 131, locus263_1 = 132, locus286_1 = 137, locus359_1 = 149, locus360_1 = 150)"
"55","z0062686","Bird's Head-Winter","Bird's Head-Winter","Bird's Head-Winter","Bird's Head-Winter",0.587731074535111,-127.259483104079,-0.135975788640909,131,19,"c(Dc10003_1 = 15, Dc31007_1 = 34, Dc41234_1 = 42, locus061_1 = 81, locus077_1 = 88, locus080_1 = 89, locus083_1 = 90, locus130_1 = 102, locus134_1 = 103, locus151_1 = 109, locus165_1 = 112, locus176_1 = 114, locus188_1 = 116, locus191_1 = 119, locus192_1 = 120, locus215_1 = 123, locus263_1 = 132, locus286_1 = 137, locus359_1 = 149)"
"56","z0062690","Bird's Head-Winter","Bird's Head-Winter","IsabelSI-South","IsabelSI-South",0.577749673299395,-128.636927631655,-0.332604298268038,130,20,"c(Dc31007_1 = 34, locus061_1 = 81, locus073_1 = 85, locus077_1 = 88, locus080_1 = 89, locus083_1 = 90, locus130_1 = 102, locus134_1 = 103, locus151_1 = 109, locus157_1 = 110, locus165_1 = 112, locus176_1 = 114, locus188_1 = 116, locus191_1 = 119, locus192_1 = 120, locus215_1 = 123, locus263_1 = 132, locus286_1 = 137, locus301_1 = 141, locus359_1 = 149)"
"57","z0062691","Bird's Head-Winter","Bird's Head-Winter","Bird's Head-Winter","Bird's Head-Winter",0.9021547507073,-118.887552893782,0.204625819761685,123,27,"c(Dc01018_1 = 1, Dc06503_1 = 8, Dc10003_1 = 15, Dc10878_1 = 17, Dc31007_1 = 34, Dc41234_1 = 42, locus027_1 = 66, locus061_1 = 81, locus077_1 = 88, locus080_1 = 89, locus083_1 = 90, locus093_1 = 92, locus130_1 = 102, locus134_1 = 103, locus151_1 = 109, locus157_1 = 110, locus165_1 = 112, locus176_1 = 114, locus188_1 = 116, locus191_1 = 119, locus192_1 = 120, locus215_1 = 123, locus256_1 = 131, locus263_1 = 132, locus286_1 = 137, locus359_1 = 149, locus360_1 = 150)"
"58","z0062692","Bird's Head-Winter","Bird's Head-Winter","Bird's Head-Winter","Bird's Head-Winter",0.502928300329734,-112.572208111659,-1.07311232619323,108,42,"c(Dc01018_1 = 1, Dc06503_1 = 8, Dc08189_1 = 12, Dc10003_1 = 15, Dc10878_1 = 17, Dc11714_1 = 20, Dc22883_1 = 28, Dc27955_1 = 30, Dc28776_1 = 32, Dc31007_1 = 34, Dc36571_1 = 39, Dc41234_1 = 42, Dc48207_1 = 46, Dc55481_1 = 52, locus027_1 = 66, locus040_1 = 71, locus041_1 = 72, locus061_1 = 81, locus076_1 = 87, locus077_1 = 88, locus080_1 = 89, locus083_1 = 90, locus093_1 = 92, locus098_1 = 94, locus106_1 = 96, locus116_1 = 97, locus130_1 = 102, locus134_1 = 103, locus151_1 = 109, locus157_1 = 110, locus176_1 = 114, 
locus188_1 = 116, locus191_1 = 119, locus192_1 = 120, locus215_1 = 123, locus231_1 = 125, locus256_1 = 131, locus263_1 = 132, locus286_1 = 137, locus301_1 = 141, locus359_1 = 149, locus360_1 = 150)"
"59","z0062693","Bird's Head-Winter","Bird's Head-Winter","IsabelSI-South","IsabelSI-South",0.919837371962897,-120.960719152504,0.241650475586366,126,24,"c(Dc06503_1 = 8, Dc10003_1 = 15, Dc10878_1 = 17, Dc31007_1 = 34, Dc41234_1 = 42, Dc55481_1 = 52, locus061_1 = 81, locus077_1 = 88, locus080_1 = 89, locus083_1 = 90, locus130_1 = 102, locus134_1 = 103, locus151_1 = 109, locus157_1 = 110, locus165_1 = 112, locus176_1 = 114, locus188_1 = 116, locus191_1 = 119, locus192_1 = 120, locus215_1 = 123, locus263_1 = 132, locus286_1 = 137, locus359_1 = 149, locus360_1 = 150)"
"60","z0062694","Bird's Head-Winter","Bird's Head-Winter","Bird's Head-Summer","Bird's Head-Summer",0.929024979965918,-147.938828528262,-0.864876951914876,148,2,"c(locus130_1 = 102, locus151_1 = 109)"
"61","z0062697","Bird's Head-Winter","Bird's Head-Winter","Bird's Head-Winter","Bird's Head-Winter",0.602903449650726,-116.110892073862,1.21409227461096,128,22,"c(Dc06503_1 = 8, Dc10003_1 = 15, Dc31007_1 = 34, Dc41234_1 = 42, locus061_1 = 81, locus077_1 = 88, locus080_1 = 89, locus083_1 = 90, locus130_1 = 102, locus134_1 = 103, locus151_1 = 109, locus157_1 = 110, locus165_1 = 112, locus176_1 = 114, locus188_1 = 116, locus191_1 = 119, locus192_1 = 120, locus215_1 = 123, locus263_1 = 132, locus286_1 = 137, locus359_1 = 149, locus360_1 = 150)"
"62","z0062700","Bird's Head-Winter","Bird's Head-Winter","IsabelSI-South","IsabelSI-South",0.646421056725087,-120.436839088166,-1.66382949140615,112,38,"c(Dc01018_1 = 1, Dc06503_1 = 8, Dc08189_1 = 12, Dc10003_1 = 15, Dc10878_1 = 17, Dc11714_1 = 20, Dc22883_1 = 28, Dc27955_1 = 30, Dc28776_1 = 32, Dc31007_1 = 34, Dc36571_1 = 39, Dc41234_1 = 42, Dc48207_1 = 46, Dc55481_1 = 52, locus027_1 = 66, locus040_1 = 71, locus041_1 = 72, locus061_1 = 81, locus077_1 = 88, locus080_1 = 89, locus083_1 = 90, locus093_1 = 92, locus106_1 = 96, locus116_1 = 97, locus130_1 = 102, locus151_1 = 109, locus157_1 = 110, locus165_1 = 112, locus176_1 = 114, locus188_1 = 116, 
locus191_1 = 119, locus215_1 = 123, locus231_1 = 125, locus256_1 = 131, locus263_1 = 132, locus286_1 = 137, locus359_1 = 149, locus360_1 = 150)"
"63","z0062701","Bird's Head-Winter","Bird's Head-Winter","Bird's Head-Summer","Bird's Head-Summer",0.619626544831237,-119.34568012244,0.345636152069243,125,25,"c(Dc01018_1 = 1, Dc06503_1 = 8, Dc10003_1 = 15, Dc10878_1 = 17, Dc31007_1 = 34, Dc41234_1 = 42, locus061_1 = 81, locus077_1 = 88, locus080_1 = 89, locus083_1 = 90, locus130_1 = 102, locus134_1 = 103, locus151_1 = 109, locus157_1 = 110, locus165_1 = 112, locus176_1 = 114, locus188_1 = 116, locus191_1 = 119, locus192_1 = 120, locus215_1 = 123, locus256_1 = 131, locus263_1 = 132, locus286_1 = 137, locus359_1 = 149, locus360_1 = 150)"
"64","z0062702","Bird's Head-Winter","Bird's Head-Winter","Bird's Head-Winter","Bird's Head-Winter",0.914666445779261,-132.14168076779,0.564805513591693,141,9,"c(Dc31007_1 = 34, locus061_1 = 81, locus080_1 = 89, locus083_1 = 90, locus130_1 = 102, locus151_1 = 109, locus176_1 = 114, locus215_1 = 123, locus359_1 = 149)"
"65","z0062704","Bird's Head-Winter","Bird's Head-Winter","Bird's Head-Summer","Bird's Head-Summer",0.888490909203871,-120.770619393528,0.947860115368092,132,18,"c(Dc06503_1 = 8, Dc10003_1 = 15, Dc10878_1 = 17, Dc27955_1 = 30, Dc31007_1 = 34, Dc41234_1 = 42, Dc55481_1 = 52, locus027_1 = 66, locus061_1 = 81, locus083_1 = 90, locus130_1 = 102, locus151_1 = 109, locus188_1 = 116, locus191_1 = 119, locus215_1 = 123, locus286_1 = 137, locus359_1 = 149, locus360_1 = 150)"
"66","z0062707","Bird's Head-Winter","Bird's Head-Winter","Bird's Head-Winter","Bird's Head-Winter",0.718256459918005,-122.390203536971,-1.26342993974413,120,30,"c(Dc01018_1 = 1, Dc06503_1 = 8, Dc10003_1 = 15, Dc10878_1 = 17, Dc11714_1 = 20, Dc16747_1 = 25, Dc22883_1 = 28, Dc31007_1 = 34, Dc36571_1 = 39, Dc41234_1 = 42, Dc52523_1 = 51, Dc55481_1 = 52, locus040_1 = 71, locus061_1 = 81, locus080_1 = 89, locus083_1 = 90, locus130_1 = 102, locus151_1 = 109, locus157_1 = 110, locus165_1 = 112, locus176_1 = 114, locus188_1 = 116, locus191_1 = 119, locus215_1 = 123, locus256_1 = 131, locus263_1 = 132, locus286_1 = 137, locus314_1 = 142, locus359_1 = 149, locus360_1 = 150
)"
"67","z0062708","Bird's Head-Winter","Bird's Head-Winter","Bird's Head-Winter","Bird's Head-Winter",0.965768580079397,-122.429637604044,1.32799782676445,137,13,"c(Dc06503_1 = 8, Dc10003_1 = 15, Dc31007_1 = 34, Dc41234_1 = 42, Dc55481_1 = 52, locus061_1 = 81, locus130_1 = 102, locus151_1 = 109, locus157_1 = 110, locus188_1 = 116, locus191_1 = 119, locus215_1 = 123, locus360_1 = 150)"
"68","z0062709","Bird's Head-Winter","Bird's Head-Winter","Bird's Head-Summer","Bird's Head-Summer",0.567728963555395,-126.818376224993,-0.212417703144843,129,21,"c(Dc06503_1 = 8, Dc10003_1 = 15, Dc11714_1 = 20, Dc16747_1 = 25, Dc31007_1 = 34, Dc41234_1 = 42, Dc55481_1 = 52, locus061_1 = 81, locus080_1 = 89, locus083_1 = 90, locus130_1 = 102, locus151_1 = 109, locus157_1 = 110, locus176_1 = 114, locus191_1 = 119, locus192_1 = 120, locus215_1 = 123, locus256_1 = 131, locus263_1 = 132, locus286_1 = 137, locus359_1 = 149)"
"69","z0062710","Bird's Head-Winter","Bird's Head-Winter","IsabelSI-South","IsabelSI-South",0.919275101269101,-118.407264648887,1.16188135420634,131,19,"c(Dc06503_1 = 8, Dc10003_1 = 15, Dc22883_1 = 28, Dc27955_1 = 30, Dc31007_1 = 34, locus061_1 = 81, locus073_1 = 85, locus080_1 = 89, locus083_1 = 90, locus130_1 = 102, locus151_1 = 109, locus157_1 = 110, locus176_1 = 114, locus188_1 = 116, locus191_1 = 119, locus215_1 = 123, locus263_1 = 132, locus286_1 = 137, locus359_1 = 149)"
"70","z0062712","Bird's Head-Winter","Bird's Head-Winter","Bird's Head-Winter","Bird's Head-Winter",0.478147613749191,-136.958849524222,0.755656899868564,148,2,"c(locus083_1 = 90, locus130_1 = 102)"
"71","z0062715","Bird's Head-Winter","Bird's Head-Winter","Bird's Head-Winter","Bird's Head-Winter",0.78961530639484,-117.141945667084,1.13307330226643,129,21,"c(Dc06503_1 = 8, Dc10003_1 = 15, Dc10878_1 = 17, Dc31007_1 = 34, Dc41234_1 = 42, locus061_1 = 81, locus080_1 = 89, locus083_1 = 90, locus130_1 = 102, locus151_1 = 109, locus157_1 = 110, locus165_1 = 112, locus176_1 = 114, locus188_1 = 116, locus191_1 = 119, locus192_1 = 120, locus215_1 = 123, locus263_1 = 132, locus286_1 = 137, locus359_1 = 149, locus360_1 = 150)"
"72","z0062716","Bird's Head-Winter","Bird's Head-Winter","Bird's Head-Summer","Bird's Head-Summer",0.822534207046127,-126.268542265831,1.49567409645471,142,8,"c(Dc13592_1 = 22, Dc16747_1 = 25, Dc31007_1 = 34, locus061_1 = 81, locus130_1 = 102, locus151_1 = 109, locus157_1 = 110, locus215_1 = 123)"
"73","z0062717","Bird's Head-Winter","Bird's Head-Winter","Bird's Head-Summer","Bird's Head-Summer",0.839550502487352,-121.231970066635,1.50799124658241,136,14,"c(Dc06503_1 = 8, Dc10003_1 = 15, Dc16747_1 = 25, Dc31007_1 = 34, Dc41234_1 = 42, locus061_1 = 81, locus083_1 = 90, locus130_1 = 102, locus151_1 = 109, locus157_1 = 110, locus176_1 = 114, locus191_1 = 119, locus215_1 = 123, locus286_1 = 137)"
"74","z0062718","Bird's Head-Winter","Bird's Head-Winter","Bird's Head-Summer","Bird's Head-Summer",0.716611638911322,-134.894463754847,-0.427359616038305,137,13,"c(Dc08189_1 = 12, Dc10003_1 = 15, Dc31007_1 = 34, locus061_1 = 81, locus080_1 = 89, locus083_1 = 90, locus130_1 = 102, locus151_1 = 109, locus157_1 = 110, locus176_1 = 114, locus215_1 = 123, locus286_1 = 137, locus360_1 = 150)"
"75","z0062720","Bird's Head-Winter","Bird's Head-Winter","Bird's Head-Winter","Bird's Head-Winter",0.82214254440067,-103.391694634947,0.630405822655732,109,41,"c(Dc01018_1 = 1, Dc06503_1 = 8, Dc10878_1 = 17, Dc13159_1 = 21, Dc13592_1 = 22, Dc16747_1 = 25, Dc22883_1 = 28, Dc22887_1 = 29, Dc27955_1 = 30, Dc30071_1 = 33, Dc31007_1 = 34, Dc33907_1 = 36, Dc35779_1 = 38, Dc41234_1 = 42, Dc48207_1 = 46, Dc55481_1 = 52, locus027_1 = 66, locus040_1 = 71, locus041_1 = 72, locus061_1 = 81, locus076_1 = 87, locus077_1 = 88, locus083_1 = 90, locus106_1 = 96, locus116_1 = 97, locus130_1 = 102, locus134_1 = 103, locus151_1 = 109, locus157_1 = 110, locus165_1 = 112, locus176_1 = 114, 
locus188_1 = 116, locus191_1 = 119, locus215_1 = 123, locus231_1 = 125, locus256_1 = 131, locus263_1 = 132, locus286_1 = 137, locus301_1 = 141, locus359_1 = 149, locus360_1 = 150)"
"76","z0062721","Bird's Head-Winter","Bird's Head-Winter","Bird's Head-Winter","Bird's Head-Winter",0.955682907564355,-124.248528287147,0.287398020784983,131,19,"c(Dc16747_1 = 25, Dc22883_1 = 28, Dc31007_1 = 34, Dc41234_1 = 42, Dc55481_1 = 52, locus061_1 = 81, locus080_1 = 89, locus083_1 = 90, locus130_1 = 102, locus151_1 = 109, locus157_1 = 110, locus165_1 = 112, locus176_1 = 114, locus191_1 = 119, locus215_1 = 123, locus263_1 = 132, locus286_1 = 137, locus359_1 = 149, locus360_1 = 150)"
"77","z0062724","Bird's Head-Winter","Bird's Head-Winter","IsabelSI-South","IsabelSI-South",0.56328881512002,-137.124076545669,0.232235271209984,145,5,"c(Dc13592_1 = 22, locus061_1 = 81, locus083_1 = 90, locus130_1 = 102, locus151_1 = 109)"
"78","z0062725","Bird's Head-Winter","Bird's Head-Winter","Bird's Head-Summer","Bird's Head-Summer",0.92688848065943,-130.952755234061,-0.835144906180685,129,21,"c(Dc06503_1 = 8, Dc10003_1 = 15, Dc31007_1 = 34, Dc41234_1 = 42, locus061_1 = 81, locus077_1 = 88, locus080_1 = 89, locus083_1 = 90, locus130_1 = 102, locus151_1 = 109, locus157_1 = 110, locus165_1 = 112, locus176_1 = 114, locus188_1 = 116, locus191_1 = 119, locus192_1 = 120, locus215_1 = 123, locus263_1 = 132, locus286_1 = 137, locus359_1 = 149, locus360_1 = 150)"
"79","z0062726","Bird's Head-Winter","Bird's Head-Winter","IsabelSI-South","IsabelSI-South",0.828637646784433,-150.157649021756,-0.99083714658055,150,0,"integer(0)"
"80","z0062727","Bird's Head-Winter","Bird's Head-Winter","Bird's Head-Winter","Bird's Head-Winter",0.968764138401104,-130.06330576158,0.527511828347269,139,11,"c(Dc10003_1 = 15, Dc31007_1 = 34, locus061_1 = 81, locus083_1 = 90, locus130_1 = 102, locus151_1 = 109, locus157_1 = 110, locus176_1 = 114, locus188_1 = 116, locus215_1 = 123, locus360_1 = 150)"
"81","z0062729","Bird's Head-Winter","Bird's Head-Winter","IsabelSI-South","IsabelSI-South",0.400117242957024,-124.884036549964,1.27085006495607,139,11,"c(Dc10003_1 = 15, Dc13592_1 = 22, Dc31007_1 = 34, locus061_1 = 81, locus080_1 = 89, locus083_1 = 90, locus130_1 = 102, locus151_1 = 109, locus165_1 = 112, locus176_1 = 114, locus215_1 = 123)"
"82","z0062730","Bird's Head-Winter","Bird's Head-Winter","IsabelSI-South","IsabelSI-South",0.515379587022137,-140.654428992502,-2.15291352021273,130,20,"c(Dc06503_1 = 8, Dc10003_1 = 15, Dc30071_1 = 33, locus061_1 = 81, locus077_1 = 88, locus080_1 = 89, locus083_1 = 90, locus130_1 = 102, locus134_1 = 103, locus151_1 = 109, locus157_1 = 110, locus176_1 = 114, locus188_1 = 116, locus191_1 = 119, locus192_1 = 120, locus215_1 = 123, locus263_1 = 132, locus286_1 = 137, locus359_1 = 149, locus360_1 = 150)"
"83","z0062731","Bird's Head-Winter","Bird's Head-Winter","Bird's Head-Summer","Bird's Head-Summer",0.684976658059249,-134.026433234694,-0.10903373066055,139,11,"c(Dc13592_1 = 22, Dc31007_1 = 34, locus061_1 = 81, locus080_1 = 89, locus083_1 = 90, locus130_1 = 102, locus151_1 = 109, locus157_1 = 110, locus188_1 = 116, locus215_1 = 123, locus359_1 = 149)"
"84","z0062735","Bird's Head-Winter","Bird's Head-Winter","Bird's Head-Summer","Bird's Head-Summer",0.715759642578509,-115.223882821933,1.26488851973629,129,21,"c(Dc06503_1 = 8, Dc10003_1 = 15, Dc10878_1 = 17, Dc11714_1 = 20, Dc31007_1 = 34, Dc41234_1 = 42, locus061_1 = 81, locus080_1 = 89, locus083_1 = 90, locus130_1 = 102, locus151_1 = 109, locus157_1 = 110, locus165_1 = 112, locus176_1 = 114, locus188_1 = 116, locus191_1 = 119, locus215_1 = 123, locus256_1 = 131, locus263_1 = 132, locus359_1 = 149, locus360_1 = 150)"
"85","z0062736","Bird's Head-Winter","Bird's Head-Winter","Bird's Head-Summer","Bird's Head-Summer",0.853233338326847,-125.349989877921,0.902754162045189,137,13,"c(Dc10003_1 = 15, Dc36571_1 = 39, locus061_1 = 81, locus083_1 = 90, locus130_1 = 102, locus151_1 = 109, locus165_1 = 112, locus176_1 = 114, locus188_1 = 116, locus192_1 = 120, locus215_1 = 123, locus263_1 = 132, locus359_1 = 149)"
"86","z0062738","Bird's Head-Winter","Bird's Head-Winter","Bird's Head-Winter","Bird's Head-Winter",0.75150025505492,-127.496522511286,1.15378455401168,142,8,"c(locus061_1 = 81, locus080_1 = 89, locus083_1 = 90, locus130_1 = 102, locus151_1 = 109, locus176_1 = 114, locus188_1 = 116, locus215_1 = 123)"
"87","z0062740","Bird's Head-Winter","Bird's Head-Winter","Bird's Head-Summer","Bird's Head-Summer",0.570546188393754,-132.718997208017,-0.926885882082933,132,18,"c(Dc06503_1 = 8, Dc10003_1 = 15, Dc10878_1 = 17, Dc11714_1 = 20, Dc16747_1 = 25, Dc22883_1 = 28, Dc31007_1 = 34, locus027_1 = 66, locus061_1 = 81, locus083_1 = 90, locus130_1 = 102, locus151_1 = 109, locus157_1 = 110, locus188_1 = 116, locus191_1 = 119, locus215_1 = 123, locus359_1 = 149, locus360_1 = 150)"
"88","z0062744","Bird's Head-Winter","Bird's Head-Winter","IsabelSI-South","IsabelSI-South",0.608502968093021,-130.58767305693,0.200476157542892,137,13,"c(Dc06503_1 = 8, Dc10003_1 = 15, Dc31007_1 = 34, locus027_1 = 66, locus061_1 = 81, locus083_1 = 90, locus130_1 = 102, locus151_1 = 109, locus165_1 = 112, locus188_1 = 116, locus191_1 = 119, locus215_1 = 123, locus286_1 = 137)"
"89","z0062751","Bird's Head-Winter","Bird's Head-Winter","Bird's Head-Winter","Bird's Head-Winter",0.795864992263107,-143.619514531435,-0.811588162122408,143,7,"c(Dc10003_1 = 15, Dc10878_1 = 17, Dc31007_1 = 34, locus061_1 = 81, locus130_1 = 102, locus151_1 = 109, locus215_1 = 123)"
"90","z0062757","Bird's Head-Winter","Bird's Head-Winter","Bird's Head-Winter","Bird's Head-Winter",0.84207430992547,-137.611935584269,-0.487127936645342,140,10,"c(locus061_1 = 81, locus080_1 = 89, locus083_1 = 90, locus130_1 = 102, locus151_1 = 109, locus157_1 = 110, locus176_1 = 114, locus188_1 = 116, locus215_1 = 123, locus286_1 = 137)"
"91","z0062762","Bird's Head-Winter","Bird's Head-Winter","Bird's Head-Summer","Bird's Head-Summer",0.60659500424034,-124.388779566414,0.83804142385164,133,17,"c(Dc06503_1 = 8, Dc10003_1 = 15, Dc10878_1 = 17, Dc31007_1 = 34, locus061_1 = 81, locus077_1 = 88, locus080_1 = 89, locus083_1 = 90, locus130_1 = 102, locus151_1 = 109, locus157_1 = 110, locus165_1 = 112, locus176_1 = 114, locus191_1 = 119, locus215_1 = 123, locus263_1 = 132, locus359_1 = 149)"
"92","z0062763","Bird's Head-Winter","Bird's Head-Winter","IsabelSI-South","IsabelSI-South",0.650312710003576,-123.351309349845,1.21575214203641,136,14,"c(Dc06503_1 = 8, Dc11714_1 = 20, locus061_1 = 81, locus083_1 = 90, locus130_1 = 102, locus151_1 = 109, locus157_1 = 110, locus165_1 = 112, locus176_1 = 114, locus215_1 = 123, locus263_1 = 132, locus286_1 = 137, locus359_1 = 149, locus360_1 = 150)"
"93","z0062764","Bird's Head-Winter","Bird's Head-Winter","IsabelSI-South","IsabelSI-South",0.583166363219698,-132.921277107859,-0.0330019380992347,138,12,"c(Dc11714_1 = 20, Dc31007_1 = 34, Dc41234_1 = 42, locus061_1 = 81, locus083_1 = 90, locus130_1 = 102, locus134_1 = 103, locus151_1 = 109, locus176_1 = 114, locus215_1 = 123, locus263_1 = 132, locus286_1 = 137)"
"94","z0062765","Bird's Head-Winter","Bird's Head-Winter","Bird's Head-Summer","Bird's Head-Summer",0.779320843018622,-112.325714868389,2.35900842349068,134,16,"c(Dc10003_1 = 15, Dc31007_1 = 34, Dc41234_1 = 42, locus061_1 = 81, locus083_1 = 90, locus130_1 = 102, locus151_1 = 109, locus157_1 = 110, locus176_1 = 114, locus188_1 = 116, locus191_1 = 119, locus215_1 = 123, locus256_1 = 131, locus263_1 = 132, locus359_1 = 149, locus360_1 = 150)"
"95","z0062769","Bird's Head-Winter","Bird's Head-Winter","Bird's Head-Winter","Bird's Head-Winter",0.728136372861341,-114.661415147418,2.26944093573023,136,14,"c(Dc31007_1 = 34, Dc41234_1 = 42, locus027_1 = 66, locus061_1 = 81, locus080_1 = 89, locus130_1 = 102, locus151_1 = 109, locus157_1 = 110, locus176_1 = 114, locus188_1 = 116, locus191_1 = 119, locus215_1 = 123, locus286_1 = 137, locus360_1 = 150)"
"96","z0062770","Bird's Head-Winter","Bird's Head-Winter","IsabelSI-South","IsabelSI-South",0.661576658662838,-124.136722228156,0.0308492511782375,129,21,"c(Dc06503_1 = 8, Dc10003_1 = 15, Dc31007_1 = 34, Dc41234_1 = 42, locus061_1 = 81, locus073_1 = 85, locus080_1 = 89, locus083_1 = 90, locus130_1 = 102, locus151_1 = 109, locus157_1 = 110, locus165_1 = 112, locus176_1 = 114, locus188_1 = 116, locus191_1 = 119, locus192_1 = 120, locus215_1 = 123, locus263_1 = 132, locus286_1 = 137, locus359_1 = 149, locus360_1 = 150)"
"97","z0062771","Bird's Head-Winter","Bird's Head-Winter","IsabelSI-South","IsabelSI-South",0.886977169111808,-133.157394006824,-0.242763016895354,136,14,"c(Dc06503_1 = 8, Dc10003_1 = 15, Dc10878_1 = 17, Dc31007_1 = 34, locus061_1 = 81, locus080_1 = 89, locus083_1 = 90, locus130_1 = 102, locus151_1 = 109, locus176_1 = 114, locus191_1 = 119, locus215_1 = 123, locus263_1 = 132, locus360_1 = 150)"
"98","z0062772","Bird's Head-Winter","Bird's Head-Winter","Bird's Head-Summer","Bird's Head-Summer",0.478005599033733,-119.37811626757,0.877830534687697,129,21,"c(Dc06503_1 = 8, Dc10003_1 = 15, Dc10878_1 = 17, Dc11714_1 = 20, Dc16747_1 = 25, Dc31007_1 = 34, Dc41234_1 = 42, Dc55481_1 = 52, locus061_1 = 81, locus080_1 = 89, locus083_1 = 90, locus130_1 = 102, locus151_1 = 109, locus157_1 = 110, locus176_1 = 114, locus191_1 = 119, locus215_1 = 123, locus256_1 = 131, locus263_1 = 132, locus286_1 = 137, locus359_1 = 149)"
"99","z0062773","Bird's Head-Winter","Bird's Head-Winter","Bird's Head-Summer","Bird's Head-Summer",0.840224032482392,-122.534038588339,-0.027700079850332,126,24,"c(Dc06503_1 = 8, Dc10003_1 = 15, Dc31007_1 = 34, Dc41234_1 = 42, Dc48207_1 = 46, Dc55481_1 = 52, locus061_1 = 81, locus062_1 = 82, locus080_1 = 89, locus083_1 = 90, locus130_1 = 102, locus151_1 = 109, locus157_1 = 110, locus165_1 = 112, locus176_1 = 114, locus188_1 = 116, locus191_1 = 119, locus192_1 = 120, locus215_1 = 123, locus256_1 = 131, locus263_1 = 132, locus286_1 = 137, locus359_1 = 149, locus360_1 = 150)"
"100","z0062775","Bird's Head-Winter","Bird's Head-Winter","IsabelSI-South","IsabelSI-South",0.706329987394333,-144.396836734443,-0.811235674974404,145,5,"c(locus061_1 = 81, locus130_1 = 102, locus151_1 = 109, locus176_1 = 114, locus215_1 = 123)"
"101","z0062776","Bird's Head-Winter","Bird's Head-Winter","Bird's Head-Summer","Bird's Head-Summer",0.653641071693669,-124.359396720065,2.13784363106596,145,5,"c(locus061_1 = 81, locus083_1 = 90, locus130_1 = 102, locus151_1 = 109, locus157_1 = 110)"
"102","z0062779","Bird's Head-Winter","Bird's Head-Winter","Bird's Head-Summer","Bird's Head-Summer",0.735883229542357,-134.916800659722,0.643267068201544,145,5,"c(Dc10003_1 = 15, locus061_1 = 81, locus083_1 = 90, locus130_1 = 102, locus151_1 = 109)"
"103","z0062780","Bird's Head-Winter","Bird's Head-Winter","Bird's Head-Summer","Bird's Head-Summer",0.689915052912468,-150.147985016723,-1.40290825545764,146,4,"c(locus061_1 = 81, locus083_1 = 90, locus130_1 = 102, locus151_1 = 109)"
"104","z0062783","Bird's Head-Winter","Bird's Head-Winter","IsabelSI-South","IsabelSI-South",0.558672380171067,-148.470898547461,-1.68427849690431,142,8,"c(Dc10003_1 = 15, Dc31007_1 = 34, locus061_1 = 81, locus083_1 = 90, locus130_1 = 102, locus151_1 = 109, locus191_1 = 119, locus359_1 = 149)"
"105","z0062784","Bird's Head-Winter","Bird's Head-Winter","IsabelSI-South","IsabelSI-South",0.898489761012065,-139.227540032325,-0.265607563208283,144,6,"c(Dc41234_1 = 42, locus061_1 = 81, locus083_1 = 90, locus130_1 = 102, locus151_1 = 109, locus165_1 = 112)"
"106","z0062687","Bird's Head-Winter","Bird's Head-Winter","Bird's Head-Summer","Bird's Head-Summer",0.64637962443241,-145.630219693431,-0.29466839115718,150,0,"integer(0)"
"107","z0062737","Bird's Head-Winter","Bird's Head-Winter","IsabelSI-South","IsabelSI-South",0.698467535614141,-146.889490238345,-0.836926926157555,147,3,"c(Dc06503_1 = 8, Dc10878_1 = 17, Dc31007_1 = 34)"
"108","z0062742","Bird's Head-Winter","Bird's Head-Winter","Bird's Head-Summer","Bird's Head-Summer",0.955568655454445,-136.004783900267,0.961542067915484,149,1,"c(locus314_1 = 142)"
"109","z0062743","Bird's Head-Winter","Bird's Head-Winter","IsabelSI-South","IsabelSI-South",0.57494710133788,-137.071849245185,0.809239548877891,150,0,"integer(0)"
"110","z0062752","Bird's Head-Winter","Bird's Head-Winter","Bird's Head-Summer","Bird's Head-Summer",0.613896641660535,-156.281369838305,-1.77603834314483,150,0,"integer(0)"
"111","z0062761","Bird's Head-Winter","Bird's Head-Winter","Bird's Head-Summer","Bird's Head-Summer",0.864157119443744,-137.491387966118,0.837286430729028,150,0,"integer(0)"
"112","z0062766","Bird's Head-Winter","Bird's Head-Winter","IsabelSI-South","IsabelSI-South",0.940249586594349,-142.055129203103,0.123741812984538,150,0,"integer(0)"
"113","z0062787","Bird's Head-Winter","Bird's Head-Winter","Bird's Head-Winter","Bird's Head-Winter",0.545284213084902,-151.216526583204,-1.19290302643501,149,1,"c(Dc36571_1 = 39)"
"114","z0016882","Malaysia","Malaysia","IsabelSI-South","IsabelSI-South",0.707145628208142,-134.799479481941,-1.62793649928686,130,20,"c(Dc06503_1 = 8, Dc10878_1 = 17, Dc11714_1 = 20, Dc13159_1 = 21, Dc16747_1 = 25, Dc22883_1 = 28, Dc27955_1 = 30, Dc31007_1 = 34, Dc33907_1 = 36, Dc36571_1 = 39, Dc41234_1 = 42, locus025_1 = 65, locus027_1 = 66, locus038_1 = 69, locus076_1 = 87, locus093_1 = 92, locus128_1 = 100, locus157_1 = 110, locus231_1 = 125, locus301_1 = 141)"
"115","z0016883","Malaysia","Malaysia","Malaysia","Malaysia",0.999982745023768,-139.058521379405,2.24023548313323,149,1,"c(locus314_1 = 142)"
"116","z0016884","Malaysia","Malaysia","Bird's Head-Winter","Bird's Head-Winter",0.531925094961587,-152.456134888036,-1.20374747056581,150,0,"integer(0)"
"117","z0016885","Malaysia","Malaysia","Bird's Head-Winter","Bird's Head-Winter",0.617683895321694,-151.305731260784,-1.86033269267229,142,8,"c(Dc06503_1 = 8, Dc31007_1 = 34, locus027_1 = 66, locus041_1 = 72, locus076_1 = 87, locus093_1 = 92, locus128_1 = 100, locus231_1 = 125)"
"118","z0016886","Malaysia","Malaysia","Malaysia","Malaysia",0.999020672466435,-130.0112769212,0.371520766099372,129,21,"c(Dc01018_1 = 1, Dc06503_1 = 8, Dc08189_1 = 12, Dc10878_1 = 17, Dc13159_1 = 21, Dc16747_1 = 25, Dc22883_1 = 28, Dc27955_1 = 30, Dc31007_1 = 34, Dc36571_1 = 39, Dc41234_1 = 42, Dc55481_1 = 52, locus027_1 = 66, locus038_1 = 69, locus076_1 = 87, locus093_1 = 92, locus098_1 = 94, locus128_1 = 100, locus165_1 = 112, locus231_1 = 125, locus256_1 = 131)"
"119","z0016887","Malaysia","Malaysia","IsabelSI-South","IsabelSI-South",0.709749512035269,-135.202126215652,-1.32690146036159,131,19,"c(Dc01018_1 = 1, Dc06503_1 = 8, Dc10878_1 = 17, Dc16747_1 = 25, Dc22883_1 = 28, Dc27955_1 = 30, Dc31007_1 = 34, Dc35779_1 = 38, Dc41234_1 = 42, Dc55481_1 = 52, locus027_1 = 66, locus038_1 = 69, locus076_1 = 87, locus093_1 = 92, locus098_1 = 94, locus128_1 = 100, locus157_1 = 110, locus231_1 = 125, locus256_1 = 131)"
"120","z0016888","Malaysia","Malaysia","Malaysia","Malaysia",0.999693254355122,-137.295285750002,0.343562415660802,137,13,"c(Dc01018_1 = 1, Dc06503_1 = 8, Dc10878_1 = 17, Dc13592_1 = 22, Dc22883_1 = 28, Dc27955_1 = 30, Dc31007_1 = 34, Dc41234_1 = 42, Dc55481_1 = 52, locus027_1 = 66, locus076_1 = 87, locus093_1 = 92, locus128_1 = 100)"
"121","z0040942","PNG","PNG","Bird's Head-Winter","Bird's Head-Winter",0.82096996508109,-159.894822765546,-2.50176720725891,148,2,"c(Dc10003_1 = 15, locus314_1 = 142)"
"122","z0032025","PNG","PNG","IsabelSI-South","IsabelSI-South",0.692856939274093,-140.999627715852,-0.469130527430065,145,5,"c(Dc52523_1 = 51, locus027_1 = 66, locus061_1 = 81, locus083_1 = 90, locus280_1 = 135)"
"123","z0032028","PNG","PNG","IsabelSI-South","IsabelSI-South",0.589628345789446,-130.890336983953,-0.00426064076519821,137,13,"c(Dc10003_1 = 15, Dc13592_1 = 22, Dc22883_1 = 28, locus027_1 = 66, locus041_1 = 72, locus045_1 = 73, locus083_1 = 90, locus128_1 = 100, locus130_1 = 102, locus191_1 = 119, locus195_1 = 121, locus231_1 = 125, locus301_1 = 141)"
"124","z0032021","PNG","PNG","PNG","PNG",0.436721303982727,-146.003188572195,0.59477542745672,150,0,"integer(0)"
"125","z0032022","PNG","PNG","Bird's Head-Winter","Bird's Head-Winter",0.546954828467115,-92.1561996325401,0.306417208126277,99,51,"c(Dc01018_1 = 1, Dc01707_1 = 3, Dc01784_1 = 4, Dc06503_1 = 8, Dc07937_1 = 10, Dc08189_1 = 12, Dc10003_1 = 15, Dc10878_1 = 17, Dc10885_1 = 18, Dc11714_1 = 20, Dc13159_1 = 21, Dc14022_1 = 23, Dc16747_1 = 25, Dc20232_1 = 27, Dc22883_1 = 28, Dc27955_1 = 30, Dc28776_1 = 32, Dc31007_1 = 34, Dc33714_1 = 35, Dc33907_1 = 36, Dc34902_1 = 37, Dc35779_1 = 38, Dc36571_1 = 39, Dc36616_1 = 40, Dc40235_1 = 41, Dc41234_1 = 42, Dc47935_1 = 45, Dc48207_1 = 46, Dc52523_1 = 51, Dc55481_1 = 52, Dc62188_1 = 54, locus027_1 = 66, 
locus038_1 = 69, locus040_1 = 71, locus041_1 = 72, locus076_1 = 87, locus093_1 = 92, locus098_1 = 94, locus106_1 = 96, locus116_1 = 97, locus128_1 = 100, locus151_1 = 109, locus157_1 = 110, locus191_1 = 119, locus195_1 = 121, locus227_1 = 124, locus231_1 = 125, locus256_1 = 131, locus280_1 = 135, locus323_1 = 145, locus360_1 = 150)"
"126","z0032023","PNG","PNG","Bird's Head-Winter","Bird's Head-Winter",0.515528867369795,-126.898377887687,-0.65380570262717,128,22,"c(Dc01018_1 = 1, Dc06503_1 = 8, Dc07937_1 = 10, Dc08189_1 = 12, Dc10003_1 = 15, Dc10878_1 = 17, Dc13159_1 = 21, Dc13592_1 = 22, Dc16747_1 = 25, Dc22883_1 = 28, Dc27955_1 = 30, Dc31007_1 = 34, Dc36571_1 = 39, Dc41234_1 = 42, Dc55481_1 = 52, locus027_1 = 66, locus040_1 = 71, locus093_1 = 92, locus098_1 = 94, locus128_1 = 100, locus157_1 = 110, locus231_1 = 125)"
"127","z0032024","PNG","PNG","Bird's Head-Summer","Bird's Head-Summer",0.890533121978477,-150.398717713294,-1.21805882336508,148,2,"c(locus027_1 = 66, locus041_1 = 72)"
"128","z0032031","PNG","PNG","Bird's Head-Summer","Bird's Head-Summer",0.952188137297459,-135.142317329379,0.144322908101348,141,9,"c(Dc01018_1 = 1, Dc06503_1 = 8, Dc10003_1 = 15, Dc10878_1 = 17, Dc31007_1 = 34, Dc41234_1 = 42, locus027_1 = 66, locus038_1 = 69, locus093_1 = 92)"
"129","z0006805","PNG","PNG","IsabelSI-South","IsabelSI-South",0.728779974129472,-137.992167068755,0.68264104554542,150,0,"integer(0)"
"130","z0026450","PNG","PNG","Bird's Head-Winter","Bird's Head-Winter",0.736941297048614,-143.951836156703,-0.00619276621593615,150,0,"integer(0)"
"131","z0026451","PNG","PNG","Bird's Head-Summer","Bird's Head-Summer",0.729697254356399,-129.085287879787,1.5664639817543,145,5,"c(Dc06503_1 = 8, Dc10003_1 = 15, Dc10878_1 = 17, Dc31007_1 = 34, locus314_1 = 142)"
"132","z0026452","PNG","PNG","Bird's Head-Winter","Bird's Head-Winter",0.552152609618152,-136.06718890189,0.167402699123288,142,8,"c(Dc06503_1 = 8, Dc10003_1 = 15, Dc13592_1 = 22, Dc22883_1 = 28, Dc31007_1 = 34, Dc41234_1 = 42, locus040_1 = 71, locus093_1 = 92)"
"133","z0026456","PNG","PNG","PNG","PNG",0.990292602574113,-134.401667303386,0.226870012084176,135,15,"c(Dc06503_1 = 8, Dc10003_1 = 15, Dc10878_1 = 17, Dc27955_1 = 30, Dc31007_1 = 34, Dc41234_1 = 42, Dc48207_1 = 46, Dc55481_1 = 52, locus027_1 = 66, locus040_1 = 71, locus041_1 = 72, locus076_1 = 87, locus093_1 = 92, locus195_1 = 121, locus231_1 = 125)"
"134","z0026457","PNG","PNG","IsabelSI-South","IsabelSI-South",0.695180430236082,-142.194831026524,0.0662499882310938,149,1,"c(locus314_1 = 142)"
"135","z0026458","PNG","PNG","Bird's Head-Winter","Bird's Head-Winter",0.851761082063443,-128.225482087853,-0.263707098892976,131,19,"c(Dc01784_1 = 4, Dc06503_1 = 8, Dc07937_1 = 10, Dc10003_1 = 15, Dc10878_1 = 17, Dc13159_1 = 21, Dc22883_1 = 28, Dc27955_1 = 30, Dc31007_1 = 34, Dc41234_1 = 42, Dc48207_1 = 46, locus027_1 = 66, locus076_1 = 87, locus093_1 = 92, locus098_1 = 94, locus128_1 = 100, locus231_1 = 125, locus256_1 = 131, locus314_1 = 142)"
"136","z0216926","HaevoSI-Summer","HaevoSI-Summer","IsabelSI-South","IsabelSI-South",0.993098080828828,-107.429093556408,0.996124459993122,117,33,"c(Dc01018_1 = 1, Dc06503_1 = 8, Dc10003_1 = 15, Dc16747_1 = 25, Dc22883_1 = 28, Dc27955_1 = 30, Dc40235_1 = 41, Dc41234_1 = 42, locus025_1 = 65, locus027_1 = 66, locus041_1 = 72, locus061_1 = 81, locus076_1 = 87, locus077_1 = 88, locus080_1 = 89, locus083_1 = 90, locus093_1 = 92, locus128_1 = 100, locus130_1 = 102, locus134_1 = 103, locus151_1 = 109, locus157_1 = 110, locus165_1 = 112, locus176_1 = 114, locus188_1 = 116, locus191_1 = 119, locus192_1 = 120, locus215_1 = 123, locus231_1 = 125, locus263_1 = 132, 
locus286_1 = 137, locus301_1 = 141, locus359_1 = 149)"
"137","z0216927","HaevoSI-Summer","HaevoSI-Summer","Bird's Head-Summer","Bird's Head-Summer",0.523543535720262,-116.537783171758,0.973476084230247,127,23,"c(Dc06503_1 = 8, Dc10878_1 = 17, Dc27955_1 = 30, locus008_1 = 60, locus025_1 = 65, locus027_1 = 66, locus061_1 = 81, locus077_1 = 88, locus080_1 = 89, locus083_1 = 90, locus093_1 = 92, locus130_1 = 102, locus134_1 = 103, locus165_1 = 112, locus176_1 = 114, locus188_1 = 116, locus191_1 = 119, locus192_1 = 120, locus215_1 = 123, locus231_1 = 125, locus274_1 = 134, locus301_1 = 141, locus360_1 = 150)"
"138","z0216928","HaevoSI-Summer","HaevoSI-Summer","IsabelSI-South","IsabelSI-South",0.694503444556354,-138.800953590562,0.424237017974283,148,2,"c(locus083_1 = 90, locus314_1 = 142)"
"139","z0216930","HaevoSI-Summer","HaevoSI-Summer","IsabelSI-South","IsabelSI-South",0.759601574118513,-147.240131536836,-0.906866722605417,147,3,"c(Dc11714_1 = 20, locus083_1 = 90, locus314_1 = 142)"
"140","z0216947","HaevoSI-Winter","HaevoSI-Winter","IsabelSI-South","IsabelSI-South",0.950083360041437,-86.4207209516469,0.776588473416124,94,56,"c(Dc01018_1 = 1, Dc06503_1 = 8, Dc07937_1 = 10, Dc08189_1 = 12, Dc10003_1 = 15, Dc10878_1 = 17, Dc10885_1 = 18, Dc13159_1 = 21, Dc16747_1 = 25, Dc22883_1 = 28, Dc22887_1 = 29, Dc27955_1 = 30, Dc28776_1 = 32, Dc30071_1 = 33, Dc31007_1 = 34, Dc33907_1 = 36, Dc35779_1 = 38, Dc40235_1 = 41, Dc41234_1 = 42, Dc48207_1 = 46, Dc52523_1 = 51, Dc55481_1 = 52, locus024_1 = 64, locus027_1 = 66, locus038_1 = 69, locus039_1 = 70, locus040_1 = 71, locus041_1 = 72, locus061_1 = 81, locus076_1 = 87, locus083_1 = 90, 
locus093_1 = 92, locus098_1 = 94, locus106_1 = 96, locus116_1 = 97, locus128_1 = 100, locus130_1 = 102, locus134_1 = 103, locus146_1 = 107, locus151_1 = 109, locus157_1 = 110, locus165_1 = 112, locus176_1 = 114, locus191_1 = 119, locus192_1 = 120, locus195_1 = 121, locus227_1 = 124, locus231_1 = 125, locus274_1 = 134, locus280_1 = 135, locus282_1 = 136, locus301_1 = 141, locus321_1 = 143, locus323_1 = 145, locus329_1 = 146, locus360_1 = 150)"
"141","z0216948","HaevoSI-Winter","HaevoSI-Winter","Bird's Head-Winter","Bird's Head-Winter",0.799058630666166,-95.0891672965728,-0.0334940300059811,96,54,"c(Dc01018_1 = 1, Dc06503_1 = 8, Dc07937_1 = 10, Dc08189_1 = 12, Dc10003_1 = 15, Dc10878_1 = 17, Dc13159_1 = 21, Dc13592_1 = 22, Dc14022_1 = 23, Dc16747_1 = 25, Dc20232_1 = 27, Dc22883_1 = 28, Dc27955_1 = 30, Dc28776_1 = 32, Dc31007_1 = 34, Dc33907_1 = 36, Dc36571_1 = 39, Dc36616_1 = 40, Dc40235_1 = 41, Dc41234_1 = 42, Dc48207_1 = 46, Dc55481_1 = 52, locus024_1 = 64, locus027_1 = 66, locus038_1 = 69, locus039_1 = 70, locus040_1 = 71, locus041_1 = 72, locus045_1 = 73, locus053_1 = 76, locus061_1 = 81, 
locus073_1 = 85, locus076_1 = 87, locus083_1 = 90, locus093_1 = 92, locus106_1 = 96, locus128_1 = 100, locus130_1 = 102, locus134_1 = 103, locus146_1 = 107, locus157_1 = 110, locus165_1 = 112, locus191_1 = 119, locus195_1 = 121, locus227_1 = 124, locus231_1 = 125, locus256_1 = 131, locus274_1 = 134, locus280_1 = 135, locus282_1 = 136, locus301_1 = 141, locus321_1 = 143, locus329_1 = 146, locus360_1 = 150)"
"142","z0216904","HaevoSI-Winter","HaevoSI-Winter","IsabelSI-South","IsabelSI-South",0.941161084103425,-153.789366539727,-1.65481510650591,148,2,"c(locus083_1 = 90, locus314_1 = 142)"
"143","z0216906","HaevoSI-Winter","HaevoSI-Winter","IsabelSI-South","IsabelSI-South",0.878882128794313,-131.075482465494,1.3205282530726,147,3,"c(locus061_1 = 81, locus130_1 = 102, locus215_1 = 123)"
"144","z0216907","HaevoSI-Winter","HaevoSI-Winter","IsabelSI-South","IsabelSI-South",0.879231029471888,-112.114340727097,-0.35708641244634,115,35,"c(Dc01018_1 = 1, Dc06503_1 = 8, Dc10003_1 = 15, Dc10878_1 = 17, Dc10885_1 = 18, Dc13159_1 = 21, Dc16747_1 = 25, Dc20232_1 = 27, Dc22883_1 = 28, Dc31007_1 = 34, Dc41234_1 = 42, Dc55481_1 = 52, locus025_1 = 65, locus027_1 = 66, locus061_1 = 81, locus076_1 = 87, locus077_1 = 88, locus080_1 = 89, locus093_1 = 92, locus098_1 = 94, locus116_1 = 97, locus128_1 = 100, locus130_1 = 102, locus134_1 = 103, locus157_1 = 110, locus165_1 = 112, locus176_1 = 114, locus188_1 = 116, locus189_1 = 117, locus191_1 = 119, 
locus192_1 = 120, locus215_1 = 123, locus231_1 = 125, locus256_1 = 131, locus360_1 = 150)"
"145","z0216913","HaevoSI-Winter","HaevoSI-Winter","IsabelSI-South","IsabelSI-South",0.409482165978822,-115.327279772749,0.943113319179634,127,23,"c(Dc06503_1 = 8, Dc10878_1 = 17, Dc27955_1 = 30, Dc41234_1 = 42, locus027_1 = 66, locus038_1 = 69, locus061_1 = 81, locus076_1 = 87, locus077_1 = 88, locus080_1 = 89, locus083_1 = 90, locus130_1 = 102, locus134_1 = 103, locus157_1 = 110, locus165_1 = 112, locus176_1 = 114, locus188_1 = 116, locus191_1 = 119, locus192_1 = 120, locus215_1 = 123, locus274_1 = 134, locus314_1 = 142, locus360_1 = 150)"
"146","z0216918","HaevoSI-Winter","HaevoSI-Winter","Bird's Head-Summer","Bird's Head-Summer",0.666226353191757,-137.75661981878,-0.507669986180153,139,11,"c(locus055_1 = 77, locus061_1 = 81, locus077_1 = 88, locus083_1 = 90, locus130_1 = 102, locus134_1 = 103, locus165_1 = 112, locus176_1 = 114, locus192_1 = 120, locus215_1 = 123, locus360_1 = 150)"
"147","z0061452","IsabelSI-South","IsabelSI-South","Bird's Head-Winter","Bird's Head-Winter",0.648581366399354,-130.212405353382,0.485696553997576,139,11,"c(Dc01018_1 = 1, Dc06503_1 = 8, Dc10003_1 = 15, Dc10878_1 = 17, Dc13592_1 = 22, Dc27955_1 = 30, Dc31007_1 = 34, Dc41234_1 = 42, Dc52523_1 = 51, locus083_1 = 90, locus151_1 = 109)"
"148","z0061459","IsabelSI-South","IsabelSI-South","IsabelSI-South","IsabelSI-South",0.513825813583067,-120.233352927024,1.31025705301535,135,15,"c(Dc01018_1 = 1, Dc06503_1 = 8, Dc10003_1 = 15, Dc10878_1 = 17, Dc22883_1 = 28, Dc27955_1 = 30, Dc31007_1 = 34, Dc41234_1 = 42, Dc52523_1 = 51, Dc55481_1 = 52, locus027_1 = 66, locus040_1 = 71, locus093_1 = 92, locus116_1 = 97, locus231_1 = 125)"
"149","z0061462","IsabelSI-South","IsabelSI-South","IsabelSI-South","IsabelSI-South",0.474895637497487,-110.152432334725,1.99035173070185,129,21,"c(Dc01018_1 = 1, Dc06503_1 = 8, Dc10003_1 = 15, Dc10878_1 = 17, Dc22883_1 = 28, Dc27955_1 = 30, Dc31007_1 = 34, Dc41234_1 = 42, Dc52523_1 = 51, Dc55481_1 = 52, locus027_1 = 66, locus038_1 = 69, locus076_1 = 87, locus093_1 = 92, locus098_1 = 94, locus116_1 = 97, locus128_1 = 100, locus135_1 = 104, locus157_1 = 110, locus231_1 = 125, locus280_1 = 135)"
"150","z0061457","IsabelSI-South","IsabelSI-South","IsabelSI-South","IsabelSI-South",0.842928470034272,-129.729485354078,1.7276675207133,148,2,"c(Dc31007_1 = 34, locus314_1 = 142)"
"151","z0012487","IsabelSI-South","IsabelSI-South","IsabelSI-South","IsabelSI-South",0.489881579740107,-140.635929526041,-0.804783713373366,141,9,"c(Dc10003_1 = 15, Dc41234_1 = 42, locus027_1 = 66, locus041_1 = 72, locus083_1 = 90, locus093_1 = 92, locus128_1 = 100, locus195_1 = 121, locus231_1 = 125)"
"152","z0012498","IsabelSI-South","IsabelSI-South","IsabelSI-South","IsabelSI-South",0.947276582407984,-117.120037466225,0.191877810517908,122,28,"c(Dc01018_1 = 1, Dc06503_1 = 8, Dc08189_1 = 12, Dc10003_1 = 15, Dc10878_1 = 17, Dc16747_1 = 25, Dc22883_1 = 28, Dc27955_1 = 30, Dc31007_1 = 34, Dc41234_1 = 42, Dc48207_1 = 46, Dc55481_1 = 52, locus027_1 = 66, locus038_1 = 69, locus041_1 = 72, locus076_1 = 87, locus083_1 = 90, locus093_1 = 92, locus128_1 = 100, locus130_1 = 102, locus157_1 = 110, locus165_1 = 112, locus176_1 = 114, locus192_1 = 120, locus195_1 = 121, locus231_1 = 125, locus256_1 = 131, locus280_1 = 135)"
"153","z0012516","IsabelSI-South","IsabelSI-South","IsabelSI-South","IsabelSI-South",0.977736423713717,-130.145139443613,1.65582666439767,149,1,"c(locus083_1 = 90)"
"154","z0012518","IsabelSI-South","IsabelSI-South","Bird's Head-Winter","Bird's Head-Winter",0.513081691703505,-125.014818650662,0.921577039977932,135,15,"c(Dc06503_1 = 8, Dc10003_1 = 15, Dc10878_1 = 17, Dc13159_1 = 21, Dc13592_1 = 22, Dc16747_1 = 25, Dc31007_1 = 34, Dc41234_1 = 42, locus027_1 = 66, locus041_1 = 72, locus083_1 = 90, locus093_1 = 92, locus128_1 = 100, locus157_1 = 110, locus231_1 = 125)"
"155","z0012480","IsabelSI-South","IsabelSI-South","IsabelSI-South","IsabelSI-South",0.978662739027702,-136.08840721188,0.460229420143358,145,5,"c(Dc06503_1 = 8, Dc10003_1 = 15, Dc31007_1 = 34, Dc41234_1 = 42, locus093_1 = 92)"
"156","z0012481","IsabelSI-South","IsabelSI-South","IsabelSI-South","IsabelSI-South",0.813177662253991,-135.754319237683,0.990478380479025,150,0,"integer(0)"
"157","z0012482","IsabelSI-South","IsabelSI-South","IsabelSI-South","IsabelSI-South",0.498875845085439,-132.220195938041,0.614634553776728,144,6,"c(Dc10878_1 = 17, Dc11714_1 = 20, Dc41234_1 = 42, locus027_1 = 66, locus061_1 = 81, locus130_1 = 102)"
"158","z0012483","IsabelSI-South","IsabelSI-South","IsabelSI-South","IsabelSI-South",0.937624531063716,-141.025986068477,0.12147751356479,149,1,"c(locus027_1 = 66)"
"159","z0012484","IsabelSI-South","IsabelSI-South","Bird's Head-Winter","Bird's Head-Winter",0.66153045404549,-139.879729212174,-0.598534376996464,141,9,"c(Dc01018_1 = 1, Dc06503_1 = 8, Dc10878_1 = 17, Dc41234_1 = 42, locus027_1 = 66, locus045_1 = 73, locus128_1 = 100, locus231_1 = 125, locus314_1 = 142)"
"160","z0012485","IsabelSI-South","IsabelSI-South","Bird's Head-Summer","Bird's Head-Summer",0.639306411993214,-145.876735809023,-0.328954037435026,150,0,"integer(0)"
"161","z0012486","IsabelSI-South","IsabelSI-South","Bird's Head-Winter","Bird's Head-Winter",0.535379262070984,-149.971444669279,-1.65147529927025,144,6,"c(Dc06503_1 = 8, Dc10878_1 = 17, Dc27955_1 = 30, Dc31007_1 = 34, Dc41234_1 = 42, locus027_1 = 66)"
"162","z0012488","IsabelSI-South","IsabelSI-South","Bird's Head-Winter","Bird's Head-Winter",0.646428047482278,-133.616474139316,0.0271718616719772,139,11,"c(Dc01018_1 = 1, Dc06503_1 = 8, Dc10003_1 = 15, Dc10878_1 = 17, Dc11714_1 = 20, Dc13592_1 = 22, Dc31007_1 = 34, Dc36571_1 = 39, Dc41234_1 = 42, locus027_1 = 66, locus128_1 = 100)"
"163","z0012489","IsabelSI-South","IsabelSI-South","PNG","PNG",0.666996523124646,-146.699668168111,0.508530271741435,150,0,"integer(0)"
"164","z0012491","IsabelSI-South","IsabelSI-South","Bird's Head-Winter","Bird's Head-Winter",0.925068518746288,-140.002443062869,-0.275272286933322,144,6,"c(locus061_1 = 81, locus083_1 = 90, locus130_1 = 102, locus176_1 = 114, locus192_1 = 120, locus215_1 = 123)"
"165","z0012492","IsabelSI-South","IsabelSI-South","Bird's Head-Winter","Bird's Head-Winter",0.643113069601543,-140.435417036769,0.488980838637278,150,0,"integer(0)"
"166","z0012493","IsabelSI-South","IsabelSI-South","IsabelSI-South","IsabelSI-South",0.997507016568482,-133.103798107074,0.281687736115988,141,9,"c(Dc06503_1 = 8, Dc10003_1 = 15, Dc27955_1 = 30, Dc31007_1 = 34, Dc41234_1 = 42, locus027_1 = 66, locus061_1 = 81, locus083_1 = 90, locus231_1 = 125)"
"167","z0012494","IsabelSI-South","IsabelSI-South","Bird's Head-Winter","Bird's Head-Winter",0.583012726648381,-138.073108952521,-0.141553536944186,142,8,"c(Dc06503_1 = 8, Dc22883_1 = 28, Dc31007_1 = 34, Dc41234_1 = 42, locus027_1 = 66, locus093_1 = 92, locus280_1 = 135, locus314_1 = 142)"
"168","z0012496","IsabelSI-South","IsabelSI-South","Bird's Head-Winter","Bird's Head-Winter",0.925198316632184,-140.325529779211,0.504454895510755,150,0,"integer(0)"
"169","z0012497","IsabelSI-South","IsabelSI-South","Bird's Head-Summer","Bird's Head-Summer",0.690064037736198,-153.072974452407,-1.44378583168239,149,1,"c(locus130_1 = 102)"
"170","z0012499","IsabelSI-South","IsabelSI-South","IsabelSI-South","IsabelSI-South",0.887749352698676,-138.414322017128,0.624569601887848,150,0,"integer(0)"
"171","z0012500","IsabelSI-South","IsabelSI-South","Bird's Head-Winter","Bird's Head-Winter",0.948879678497757,-135.340986840469,1.12735810752303,149,1,"c(locus314_1 = 142)"
"172","z0012503","IsabelSI-South","IsabelSI-South","Bird's Head-Summer","Bird's Head-Summer",0.641021251081648,-138.114183594785,0.390163745426732,147,3,"c(Dc06503_1 = 8, Dc31007_1 = 34, Dc41234_1 = 42)"
"173","z0012504","IsabelSI-South","IsabelSI-South","Bird's Head-Summer","Bird's Head-Summer",0.45407181806019,-147.926935237691,-0.614097311907816,150,0,"integer(0)"
"174","z0012511","IsabelSI-South","IsabelSI-South","Bird's Head-Winter","Bird's Head-Winter",0.830610710170072,-138.324529656522,0.137562426635809,145,5,"c(Dc06503_1 = 8, Dc10003_1 = 15, Dc10878_1 = 17, Dc41234_1 = 42, locus314_1 = 142)"
"175","z0012515","IsabelSI-South","IsabelSI-South","PNG","PNG",0.732417506865222,-104.190039134602,2.41840799889631,118,32,"c(Dc13592_1 = 22, locus005_1 = 58, locus024_1 = 64, locus025_1 = 65, locus027_1 = 66, locus038_1 = 69, locus039_1 = 70, locus041_1 = 72, locus045_1 = 73, locus058_1 = 79, locus061_1 = 81, locus073_1 = 85, locus077_1 = 88, locus083_1 = 90, locus128_1 = 100, locus130_1 = 102, locus134_1 = 103, locus135_1 = 104, locus146_1 = 107, locus157_1 = 110, locus161_1 = 111, locus165_1 = 112, locus176_1 = 114, locus192_1 = 120, locus195_1 = 121, locus215_1 = 123, locus231_1 = 125, locus263_1 = 132, locus282_1 = 136, 
locus301_1 = 141, locus321_1 = 143, locus329_1 = 146)"
"176","z0012517","IsabelSI-South","IsabelSI-South","IsabelSI-South","IsabelSI-South",0.997573893138681,-137.74388492759,-0.616355650656809,139,11,"c(Dc06503_1 = 8, Dc10003_1 = 15, Dc16747_1 = 25, Dc22883_1 = 28, Dc27955_1 = 30, Dc31007_1 = 34, Dc41234_1 = 42, Dc55481_1 = 52, locus027_1 = 66, locus093_1 = 92, locus323_1 = 145)"
"177","z0012519","IsabelSI-South","IsabelSI-South","IsabelSI-South","IsabelSI-South",0.666839512729515,-136.959733021896,0.717981367842569,149,1,"c(locus165_1 = 112)"
"178","z0012520","IsabelSI-South","IsabelSI-South","IsabelSI-South","IsabelSI-South",0.773891176231591,-133.47702857879,0.779784319494568,146,4,"c(Dc13592_1 = 22, locus027_1 = 66, locus083_1 = 90, locus176_1 = 114)"
"179","z0012521","IsabelSI-South","IsabelSI-South","IsabelSI-South","IsabelSI-South",0.810150390214543,-158.48499068949,-2.13634249796503,150,0,"integer(0)"
"180","z0012522","IsabelSI-South","IsabelSI-South","IsabelSI-South","IsabelSI-South",0.85343895491896,-142.546303586272,-1.45663819205956,136,14,"c(locus027_1 = 66, locus061_1 = 81, locus077_1 = 88, locus083_1 = 90, locus130_1 = 102, locus134_1 = 103, locus165_1 = 112, locus176_1 = 114, locus192_1 = 120, locus215_1 = 123, locus263_1 = 132, locus286_1 = 137, locus314_1 = 142, locus321_1 = 143)"
"181","z0012523","IsabelSI-South","IsabelSI-South","Bird's Head-Winter","Bird's Head-Winter",0.931605352941161,-127.791322063162,0.215053891069603,133,17,"c(Dc01018_1 = 1, Dc06503_1 = 8, Dc10003_1 = 15, Dc10878_1 = 17, Dc13159_1 = 21, Dc16747_1 = 25, Dc22883_1 = 28, Dc27955_1 = 30, Dc31007_1 = 34, Dc41234_1 = 42, Dc48207_1 = 46, locus027_1 = 66, locus093_1 = 92, locus128_1 = 100, locus157_1 = 110, locus231_1 = 125, locus280_1 = 135)"
"182","z0012524","IsabelSI-South","IsabelSI-South","IsabelSI-South","IsabelSI-South",0.997815078810893,-145.088219160769,-1.7956776440931,137,13,"c(Dc06503_1 = 8, Dc10003_1 = 15, Dc10878_1 = 17, Dc16747_1 = 25, Dc27955_1 = 30, Dc31007_1 = 34, Dc41234_1 = 42, Dc48207_1 = 46, locus027_1 = 66, locus038_1 = 69, locus076_1 = 87, locus093_1 = 92, locus157_1 = 110)"
"183","z0012525","IsabelSI-South","IsabelSI-South","IsabelSI-South","IsabelSI-South",0.940496514598986,-133.741544601098,0.353292189613907,143,7,"c(Dc01018_1 = 1, Dc10878_1 = 17, Dc16747_1 = 25, Dc27955_1 = 30, Dc31007_1 = 34, Dc41234_1 = 42, locus027_1 = 66)"
"184","z0061453","IsabelSI-South","IsabelSI-South","Bird's Head-Winter","Bird's Head-Winter",0.984615748426182,-117.963931997912,1.31112997169763,132,18,"c(Dc06503_1 = 8, Dc10003_1 = 15, Dc10878_1 = 17, Dc13159_1 = 21, Dc22883_1 = 28, Dc27955_1 = 30, Dc31007_1 = 34, Dc41234_1 = 42, Dc52523_1 = 51, locus027_1 = 66, locus041_1 = 72, locus083_1 = 90, locus093_1 = 92, locus098_1 = 94, locus116_1 = 97, locus128_1 = 100, locus157_1 = 110, locus280_1 = 135)"
"185","z0006796","IsabelSI-South","IsabelSI-South","IsabelSI-South","IsabelSI-South",0.70448728578979,-140.87104645195,-0.921513498824475,140,10,"c(Dc01018_1 = 1, Dc06503_1 = 8, Dc10003_1 = 15, Dc10878_1 = 17, Dc16747_1 = 25, Dc22883_1 = 28, Dc31007_1 = 34, Dc41234_1 = 42, Dc55481_1 = 52, locus093_1 = 92)"
"186","z0006798","IsabelSI-South","IsabelSI-South","IsabelSI-South","IsabelSI-South",0.654676053618117,-136.952023233199,0.825722760860982,150,0,"integer(0)"
"187","z0006799","IsabelSI-South","IsabelSI-South","Bird's Head-Winter","Bird's Head-Winter",0.53758591004411,-146.735257346186,-0.628995806505607,148,2,"c(locus165_1 = 112, locus314_1 = 142)"
"188","z0006800","IsabelSI-South","IsabelSI-South","Bird's Head-Summer","Bird's Head-Summer",0.974102521889801,-137.942290603934,0.580754944534766,148,2,"c(Dc06503_1 = 8, Dc10878_1 = 17)"
"189","z0006801","IsabelSI-South","IsabelSI-South","IsabelSI-South","IsabelSI-South",0.973340368364283,-131.481284350311,0.763501933273198,143,7,"c(Dc06503_1 = 8, Dc10003_1 = 15, Dc31007_1 = 34, Dc41234_1 = 42, locus027_1 = 66, locus157_1 = 110, locus231_1 = 125)"
"190","z0006802","IsabelSI-South","IsabelSI-South","IsabelSI-South","IsabelSI-South",0.932277446079242,-130.329790950523,1.70620633968753,149,1,"c(locus314_1 = 142)"
"191","z0006803","IsabelSI-South","IsabelSI-South","IsabelSI-South","IsabelSI-South",0.974215634994713,-136.345670126801,0.444034402771638,147,3,"c(Dc06503_1 = 8, Dc11714_1 = 20, Dc22883_1 = 28)"
"192","z0061467","IsabelSI-South","IsabelSI-South","IsabelSI-South","IsabelSI-South",0.738337974463708,-140.733304632292,0.305571402771007,150,0,"integer(0)"
"193","z0061468","IsabelSI-South","IsabelSI-South","Bird's Head-Winter","Bird's Head-Winter",0.738949956421197,-128.455796581511,0.94358809176664,138,12,"c(Dc01018_1 = 1, Dc06503_1 = 8, Dc10003_1 = 15, Dc10878_1 = 17, Dc27955_1 = 30, Dc31007_1 = 34, Dc41234_1 = 42, Dc48207_1 = 46, locus027_1 = 66, locus093_1 = 92, locus231_1 = 125, locus256_1 = 131)"
"194","z0216932","IsabelSI-South","IsabelSI-South","Bird's Head-Summer","Bird's Head-Summer",0.421642998690133,-139.753489998616,0.522671583159247,150,0,"integer(0)"
"195","z0216933","IsabelSI-South","IsabelSI-South","Bird's Head-Summer","Bird's Head-Summer",0.593719170039324,-110.667221805721,1.02348007305083,120,30,"c(Dc01018_1 = 1, Dc06503_1 = 8, Dc10003_1 = 15, Dc10878_1 = 17, Dc31007_1 = 34, Dc41234_1 = 42, Dc55481_1 = 52, locus024_1 = 64, locus027_1 = 66, locus041_1 = 72, locus045_1 = 73, locus048_1 = 75, locus073_1 = 85, locus076_1 = 87, locus083_1 = 90, locus093_1 = 92, locus128_1 = 100, locus130_1 = 102, locus134_1 = 103, locus157_1 = 110, locus165_1 = 112, locus191_1 = 119, locus195_1 = 121, locus231_1 = 125, locus274_1 = 134, locus280_1 = 135, locus282_1 = 136, locus301_1 = 141, locus321_1 = 143, locus360_1 = 150
)"
"196","z0216934","IsabelSI-South","IsabelSI-South","Bird's Head-Summer","Bird's Head-Summer",0.604121168688976,-134.86648961689,0.724245719882651,146,4,"c(Dc10003_1 = 15, Dc13592_1 = 22, locus027_1 = 66, locus083_1 = 90)"
"197","z0216935","IsabelSI-South","IsabelSI-South","IsabelSI-South","IsabelSI-South",0.964187153160207,-129.931798141254,1.066738622161,145,5,"c(Dc10003_1 = 15, Dc13592_1 = 22, Dc36571_1 = 39, Dc41234_1 = 42, locus027_1 = 66)"
"198","z0216936","IsabelSI-South","IsabelSI-South","IsabelSI-South","IsabelSI-South",0.97366000834398,-144.324716976773,-1.06239176292408,143,7,"c(Dc10003_1 = 15, Dc41234_1 = 42, locus027_1 = 66, locus041_1 = 72, locus083_1 = 90, locus093_1 = 92, locus195_1 = 121)"
"199","z0216939","IsabelSI-South","IsabelSI-South","IsabelSI-South","IsabelSI-South",0.987787661131101,-134.514604681597,-0.0725013051333183,140,10,"c(Dc10003_1 = 15, locus027_1 = 66, locus041_1 = 72, locus083_1 = 90, locus128_1 = 100, locus130_1 = 102, locus134_1 = 103, locus191_1 = 119, locus195_1 = 121, locus231_1 = 125)"
"200","z0216940","IsabelSI-South","IsabelSI-South","IsabelSI-South","IsabelSI-South",0.711390346742298,-81.3844046853869,1.31636581475238,90,60,"c(Dc01018_1 = 1, Dc01661_1 = 2, Dc03556_1 = 7, Dc06503_1 = 8, Dc08189_1 = 12, Dc10003_1 = 15, Dc10878_1 = 17, Dc13159_1 = 21, Dc13592_1 = 22, Dc14022_1 = 23, Dc16747_1 = 25, Dc22883_1 = 28, Dc22887_1 = 29, Dc27955_1 = 30, Dc28776_1 = 32, Dc31007_1 = 34, Dc33714_1 = 35, Dc33907_1 = 36, Dc36571_1 = 39, Dc36616_1 = 40, Dc40235_1 = 41, Dc41234_1 = 42, Dc48207_1 = 46, Dc55481_1 = 52, Dc67011_1 = 55, locus024_1 = 64, locus025_1 = 65, locus027_1 = 66, locus030_1 = 67, locus038_1 = 69, locus039_1 = 70, locus040_1 = 71, 
locus041_1 = 72, locus045_1 = 73, locus048_1 = 75, locus053_1 = 76, locus061_1 = 81, locus076_1 = 87, locus080_1 = 89, locus083_1 = 90, locus093_1 = 92, locus098_1 = 94, locus116_1 = 97, locus128_1 = 100, locus130_1 = 102, locus157_1 = 110, locus165_1 = 112, locus188_1 = 116, locus191_1 = 119, locus195_1 = 121, locus227_1 = 124, locus231_1 = 125, locus256_1 = 131, locus280_1 = 135, locus282_1 = 136, locus301_1 = 141, locus314_1 = 142, locus321_1 = 143, locus329_1 = 146, locus360_1 = 150)"
"201","z0216941","IsabelSI-South","IsabelSI-South","Bird's Head-Winter","Bird's Head-Winter",0.515979320626131,-98.8711175545837,0.0332859310301165,102,48,"c(Dc01018_1 = 1, Dc06503_1 = 8, Dc07300_1 = 9, Dc07937_1 = 10, Dc08189_1 = 12, Dc10003_1 = 15, Dc10878_1 = 17, Dc13159_1 = 21, Dc16747_1 = 25, Dc22883_1 = 28, Dc27955_1 = 30, Dc28776_1 = 32, Dc31007_1 = 34, Dc33907_1 = 36, Dc40235_1 = 41, Dc41234_1 = 42, Dc48207_1 = 46, Dc55481_1 = 52, locus024_1 = 64, locus025_1 = 65, locus027_1 = 66, locus038_1 = 69, locus039_1 = 70, locus040_1 = 71, locus041_1 = 72, locus061_1 = 81, locus076_1 = 87, locus083_1 = 90, locus093_1 = 92, locus098_1 = 94, locus116_1 = 97, 
locus128_1 = 100, locus130_1 = 102, locus134_1 = 103, locus157_1 = 110, locus165_1 = 112, locus191_1 = 119, locus195_1 = 121, locus227_1 = 124, locus231_1 = 125, locus256_1 = 131, locus274_1 = 134, locus280_1 = 135, locus282_1 = 136, locus301_1 = 141, locus321_1 = 143, locus329_1 = 146, locus360_1 = 150)"
"202","z0216942","IsabelSI-South","IsabelSI-South","Bird's Head-Winter","Bird's Head-Winter",0.563174818533258,-123.301832055665,0.396620569676127,129,21,"c(Dc06503_1 = 8, Dc10003_1 = 15, Dc31007_1 = 34, Dc55481_1 = 52, locus027_1 = 66, locus038_1 = 69, locus041_1 = 72, locus045_1 = 73, locus076_1 = 87, locus083_1 = 90, locus093_1 = 92, locus128_1 = 100, locus130_1 = 102, locus134_1 = 103, locus188_1 = 116, locus191_1 = 119, locus195_1 = 121, locus231_1 = 125, locus280_1 = 135, locus301_1 = 141, locus360_1 = 150)"
"203","z0216931","IsabelSI-South","IsabelSI-South","Bird's Head-Summer","Bird's Head-Summer",0.460463804160904,-135.474477369166,-0.30404054748307,139,11,"c(locus027_1 = 66, locus061_1 = 81, locus077_1 = 88, locus080_1 = 89, locus083_1 = 90, locus130_1 = 102, locus165_1 = 112, locus176_1 = 114, locus188_1 = 116, locus215_1 = 123, locus314_1 = 142)"
"204","z0012501","IsabelSI-South","IsabelSI-South","IsabelSI-South","IsabelSI-South",0.818057129555543,-99.9740470110212,2.42840318680048,119,31,"c(Dc10003_1 = 15, Dc33907_1 = 36, locus005_1 = 58, locus024_1 = 64, locus025_1 = 65, locus027_1 = 66, locus038_1 = 69, locus039_1 = 70, locus041_1 = 72, locus045_1 = 73, locus073_1 = 85, locus083_1 = 90, locus093_1 = 92, locus128_1 = 100, locus130_1 = 102, locus134_1 = 103, locus135_1 = 104, locus157_1 = 110, locus165_1 = 112, locus176_1 = 114, locus188_1 = 116, locus192_1 = 120, locus195_1 = 121, locus215_1 = 123, locus227_1 = 124, locus231_1 = 125, locus263_1 = 132, locus280_1 = 135, locus282_1 = 136, 
locus321_1 = 143, locus329_1 = 146)"
"205","z0012506","IsabelSI-South","IsabelSI-South","Bird's Head-Summer","Bird's Head-Summer",0.571270011112915,-151.682634984441,-2.50288198651572,139,11,"c(Dc06503_1 = 8, Dc10003_1 = 15, Dc10878_1 = 17, Dc27955_1 = 30, Dc41234_1 = 42, Dc55481_1 = 52, locus027_1 = 66, locus093_1 = 92, locus106_1 = 96, locus191_1 = 119, locus231_1 = 125)"
"206","z0012507","IsabelSI-South","IsabelSI-South","HaevoSI-Summer","HaevoSI-Summer",0.536519443947805,-150.402391303994,1.54151107106838,144,6,"c(Dc10003_1 = 15, Dc22883_1 = 28, Dc41234_1 = 42, Dc55481_1 = 52, locus027_1 = 66, locus314_1 = 142)"
"207","z0012490","IsabelSI-South","IsabelSI-South","IsabelSI-South","IsabelSI-South",0.585382125720546,-109.989748829445,0.0639164901671255,114,36,"c(Dc01018_1 = 1, Dc03556_1 = 7, Dc06503_1 = 8, Dc07937_1 = 10, Dc08189_1 = 12, Dc10003_1 = 15, Dc10878_1 = 17, Dc13159_1 = 21, Dc14022_1 = 23, Dc16747_1 = 25, Dc20232_1 = 27, Dc22883_1 = 28, Dc27955_1 = 30, Dc31007_1 = 34, Dc33907_1 = 36, Dc36571_1 = 39, Dc41234_1 = 42, Dc48207_1 = 46, Dc55481_1 = 52, locus024_1 = 64, locus027_1 = 66, locus038_1 = 69, locus040_1 = 71, locus041_1 = 72, locus073_1 = 85, locus076_1 = 87, locus093_1 = 92, locus098_1 = 94, locus116_1 = 97, locus157_1 = 110, locus227_1 = 124, 
locus231_1 = 125, locus256_1 = 131, locus280_1 = 135, locus282_1 = 136, locus360_1 = 150)"
"208","z0012505","IsabelSI-South","IsabelSI-South","IsabelSI-South","IsabelSI-South",0.463813929033815,-151.809465925485,-1.68042052848377,147,3,"c(Dc06503_1 = 8, Dc41234_1 = 42, locus027_1 = 66)"
"209","z0012509","IsabelSI-South","IsabelSI-South","Bird's Head-Summer","Bird's Head-Summer",0.889854620138709,-132.218412776569,1.25485593186252,147,3,"c(Dc10003_1 = 15, Dc13592_1 = 22, locus314_1 = 142)"
"210","z0012527","IsabelSI-South","IsabelSI-South","HaevoSI-Winter","HaevoSI-Winter",0.572877231907075,-140.291705506329,2.35959908408832,150,0,"integer(0)"
"211","z0061449","IsabelSI-South","IsabelSI-South","HaevoSI-Summer","HaevoSI-Summer",0.814266653589916,-126.285937636634,3.55993922927284,133,17,"c(Dc01018_1 = 1, Dc10003_1 = 15, Dc10878_1 = 17, Dc22883_1 = 28, Dc27955_1 = 30, Dc31007_1 = 34, Dc41234_1 = 42, Dc52523_1 = 51, Dc55481_1 = 52, locus027_1 = 66, locus083_1 = 90, locus093_1 = 92, locus116_1 = 97, locus128_1 = 100, locus157_1 = 110, locus231_1 = 125, locus280_1 = 135)"
"212","z0061455","IsabelSI-South","IsabelSI-South","IsabelSI-South","IsabelSI-South",0.414136231091099,-121.570531950118,0.302799189675324,129,21,"c(Dc01018_1 = 1, Dc06503_1 = 8, Dc08189_1 = 12, Dc10003_1 = 15, Dc10878_1 = 17, Dc16747_1 = 25, Dc22883_1 = 28, Dc27955_1 = 30, Dc31007_1 = 34, Dc33907_1 = 36, Dc41234_1 = 42, Dc55481_1 = 52, locus027_1 = 66, locus040_1 = 71, locus041_1 = 72, locus076_1 = 87, locus093_1 = 92, locus116_1 = 97, locus128_1 = 100, locus231_1 = 125, locus256_1 = 131)"
"213","z0061461","IsabelSI-South","IsabelSI-South","IsabelSI-South","IsabelSI-South",0.979722040616309,-137.117975447024,0.447320231872224,147,3,"c(Dc01018_1 = 1, Dc10003_1 = 15, locus027_1 = 66)"
