"locus","Bird's Head-Summer","Bird's Head-Winter","HaevoSI-Summer","HaevoSI-Winter","In-water, CA","In-water, Indonesia","IsabelSI-South","Malaysia","PNG","num.sig.p"
"Dc01018",0.298,0.6702,1,0.4286,0.4376,1,0.0454,1,1,1
"Dc01661",0.4642,0.7752,1,0.6932,1,1,0.7258,0.2306,0.6406,0
"Dc01707",0.3626,0.7284,0.66,0.6312,0.3574,1,0.1352,0.5258,0.8154,0
"Dc01784",0.2414,0.0982,1,0.4426,1,1,0.1498,1,0.501,0
"Dc02951",0.1198,0.2616,1,0.2316,1,1,0.7322,1,1,0
"Dc03456",0.5774,0.4524,1,1,1,1,1,1,0.503,0
"Dc03556",0.403,0.5986,1,1,1,1,0.6266,1,0.1268,0
"Dc06503",1,1,1,1,1,NA,1,1,1,0
"Dc07300",0.6052,0.3772,0.1422,0.6782,0.1806,1,0.6428,1,0.2524,0
"Dc07937",0.0802,0.8656,1,1,0.326,1,0.3606,1,0.6432,0
"Dc08054",0.3406,0.4342,1,1,1,1,0.4828,1,0.6656,0
"Dc08189",0.5662,0.5606,1,1,1,0.3388,0.5164,0.3936,1,0
"Dc08463",0.1006,0.5302,1,1,1,1,0.4616,0.163,0.5394,0
"Dc08865",0.6646,0.1122,0.657,0.5378,0.665,1,0.7878,0.6234,0.2022,0
"Dc10003",0.6036,0.3616,0.1968,0.4326,1,NA,1,1,0.1486,0
"Dc10390",1,0.159,1,1,1,1,0.4728,1,0.019,1
"Dc10878",0.4982,0.7754,0.2,0.1914,0.5072,1,1,1,1,0
"Dc10885",0.0824,0.9136,0.4942,1,1,0.599,0.1194,0.1066,1,0
"Dc11203",0.575,0.575,1,1,1,1,1,1,0.4662,0
"Dc11714",0.1508,0.0458,0.2022,1,0.1052,1,0.0212,0.4726,0.3278,2
"Dc13159",0.5246,0.5052,0.4374,0.4366,0.7236,1,0.5234,1,0.7802,0
"Dc13592",0.678,0.434,1,0.186,0.4372,1,0.4036,0.0822,0.128,0
"Dc14022",1,1,1,1,1,1,1,1,1,0
"Dc14945",0.3142,0.3302,1,1,1,1,0.2614,1,1,0
"Dc16747",1,0.7536,1,1,1,1,0.5082,0.32,1,0
"Dc18951",0.0606,0.4892,1,1,1,1,0.187,1,1,0
"Dc20232",1,1,1,1,1,1,0.6366,0.7172,1,0
"Dc22883",0.375,0.4142,0.6078,0.6616,0.798,1,0.9132,0.607,0.845,0
"Dc22887",1,1,1,1,1,1,1,1,1,0
"Dc27955",0.0818,0.7096,1,1,1,1,1,1,1,0
"Dc28124",0.5894,0.5828,1,1,1,1,1,1,1,0
"Dc28776",0.4502,0.7236,1,1,0.4414,1,0.237,1,0.587,0
"Dc30071",0.5638,0.19,0.3136,1,0.5214,1,0.4614,0.1004,0.573,0
"Dc31007",1,1,1,1,1,1,1,1,0.207,0
"Dc33714",0.8774,0.6912,1,1,0.3218,0.5896,0.1156,1,0.73,0
"Dc33907",0.1704,1,1,1,1,1,1,1,1,0
"Dc34902",1,0.5046,1,1,0.2392,1,0.5196,1,1,0
"Dc35779",1,0.4458,1,1,1,1,1,0.4034,0.4978,0
"Dc36571",0.4036,0.0664,1,1,0.4272,1,0.7952,1,0.083,0
"Dc36616",1,0.5048,1,0.0904,1,1,1,1,1,0
"Dc40235",0.3216,1,1,1,1,0.2048,0.7124,1,1,0
"Dc41234",0.6434,0.1714,1,0.195,1,1,0.3674,0.2008,0.414,0
"Dc46984",0.2152,0.6406,0.0854,0.6952,1,0.5904,0.6918,1,0.4114,0
"Dc47572",1,0.547,1,0.2294,1,1,0.0618,0.5062,1,0
"Dc47935",0.6646,0.8494,1,0.324,0.3418,1,0.3978,1,0.0122,1
"Dc48207",1,1,1,1,1,1,1,1,1,0
"Dc48950",0.3832,0.7332,0.5364,1,0.1792,0.1956,0.5286,0.5288,0.3986,0
"Dc49080",0.7638,0.6142,0.4352,0.5058,0.4388,1,0.4638,0.4524,1,0
"Dc49184",0.5836,0.5336,1,0.1072,0.0892,0.1902,0.4308,1,1,0
"Dc51020",1,0.3638,1,1,1,1,1,1,0.6264,0
"Dc52523",0.6818,0.3572,0.1476,0.216,0.4762,0.1986,0.6268,0.7062,1,0
"Dc55481",1,0.0504,1,1,0.2424,1,0.305,1,1,0
"Dc58248",0.8828,0.61,1,1,1,1,0.1428,0.0066,0.7532,1
"Dc62188",0.8932,0.6038,1,0.7034,0.6568,1,0.5468,0.6944,0.1102,0
"Dc67011",1,0.4318,1,1,1,1,0.4776,0.45,1,0
"locus003",0.3812,1,1,1,1,1,0.4064,1,1,0
"locus004",0.178,1,1,0.4336,0.0804,1,0.7724,0.4314,1,0
"locus005",0.674,0.2856,1,1,1,1,0.4542,1,1,0
"locus006",0.4868,0.0258,1,0.0816,1,0.403,1,1,1,1
"locus008",0.3148,1,1,1,0.4602,1,0.0726,0.0232,0.5258,1
"locus013",1,0.5844,1,0.1058,1,1,1,0.437,1,0
"locus014",1,0.0034,1,1,0.5084,1,1,1,1,1
"locus022",0.022,0.4466,1,1,0.265,1,0.5512,0.4396,0.5616,1
"locus024",1,1,1,1,1,1,0.0954,1,0.1292,0
"locus025",0.7688,0.1354,0.3298,1,0.5076,1,1,1,1,0
"locus027",1,1,1,1,0.4374,NA,0.6766,1,0.1072,0
"locus030",0.5926,1,1,1,1,0.2038,0.6262,0.1046,1,0
"locus035",1,1,1,1,1,1,1,1,1,0
"locus038",0.592,0.6062,0.4262,1,1,1,1,1,0.589,0
"locus039",0.5874,1,1,1,1,1,0.5786,1,1,0
"locus040",1,0.0046,1,1,1,1,0.0216,1,1,2
"locus041",0.3596,0.72,1,1,0.2346,NA,0.0744,1,0.2554,0
"locus045",0.406,0.0592,1,0.2718,1,1,1,1,0.2232,0
"locus047",0.5694,1,1,1,1,1,0.8152,0.4476,0.6192,0
"locus048",1,1,1,1,1,1,1,1,1,0
"locus053",0.506,0.0212,1,1,0.604,1,0.6432,0.1048,0.8368,1
"locus055",1,0.4442,0.42,1,1,1,0.5644,0.4464,1,0
"locus056",1,0.1982,1,1,1,1,1,1,1,0
"locus058",0.1514,0.4444,1,0.4358,1,1,0.5772,0.5024,1,0
"locus060",0.6374,0.2576,1,1,0.4382,1,1,1,1,0
"locus061",1,0.2802,1,1,1,1,0.1968,1,0.0036,1
"locus062",0.777,0.0526,1,0.2284,1,1,0.2426,1,0.5316,0
"locus064",0.236,0.278,0.14,1,1,1,1,1,1,0
"locus065",1,1,1,1,1,1,1,1,1,0
"locus073",0.1628,0.4192,1,1,0.1282,1,0.3026,0.439,0.535,0
"locus074",1,0.4812,1,1,0.1088,1,0.3742,1,1,0
"locus076",0.577,0.062,1,0.407,1,1,1,1,0.2826,0
"locus077",1,0.5708,1,1,1,1,1,1,1,0
"locus080",0.781,0.7074,1,1,0.4444,1,0.2128,1,0.6292,0
"locus083",0.188,0.5204,NA,1,0.089,1,1,1,1,0
"locus088",0.6578,0.713,1,1,1,1,0.2678,1,0.5436,0
"locus093",1,1,1,1,1,1,1,1,1,0
"locus096",1,0.425,1,1,1,1,0.2696,1,1,0
"locus098",1,0.7686,1,1,1,1,0.7388,1,1,0
"locus100",0.7102,0.3196,1,1,1,1,0.0122,1,1,1
"locus106",1,1,1,1,1,1,0.2418,1,0.2236,0
"locus116",0.3398,0.19,1,1,0.4458,1,0.7568,1,1,0
"locus119",0.053,0.0558,0.4406,0.12,0.433,1,0.0694,1,1,0
"locus120",0.2786,0.1794,1,0.4464,1,1,0.3378,1,1,0
"locus128",0.3502,0.7094,1,1,0.4336,1,1,0.3418,1,0
"locus129",0.2362,1,0.1504,0.3212,0.2358,1,0.444,1,1,0
"locus130",0.5954,1,1,1,0.511,1,1,1,1,0
"locus134",0.4442,0.1628,1,1,1,1,0.5886,1,1,0
"locus135",0.276,1,1,1,1,1,0.7242,1,0.0762,0
"locus137",0.5756,0.6128,1,1,1,1,0.0662,0.4436,1,0
"locus139",0.0902,1,1,1,1,1,0.683,1,0.5144,0
"locus140",0.1008,1,1,1,1,1,0.6778,1,0.504,0
"locus146",1,0.1894,0.1468,1,0.4378,1,0.6096,0.4308,0.2806,0
"locus148",0.2124,1,1,0.4338,1,1,0.5434,1,1,0
"locus151",1,1,1,1,0.105,0.334,0.08,0.1628,1,0
"locus157",0.4184,1,1,1,1,NA,0.1658,1,1,0
"locus161",0.3198,0.5842,0.4248,1,1,1,1,0.2254,1,0
"locus165",0.5492,1,1,1,0.5234,0.4066,1,0.5078,1,0
"locus170",0.7804,1,0.4278,0.4302,1,1,0.4382,0.4428,1,0
"locus176",0.7586,0.3546,1,0.3972,1,1,0.4014,0.4436,0.6142,0
"locus184",1,0.7674,1,0.0812,0.4482,1,0.7582,0.2242,0.3216,0
"locus186",0.5114,0.4728,1,1,1,1,0.4704,1,0.4632,0
"locus188",0.3374,0.0538,1,1,0.7056,1,0.6596,0.8424,1,0
"locus189",0.4028,0.5686,0.3178,1,0.4428,1,1,1,0.305,0
"locus190",0.7242,0.728,1,1,0.4456,1,0.516,1,1,0
"locus191",0.5746,1,1,1,0.451,1,1,0.4536,0.506,0
"locus192",0.5024,0.1932,1,1,0.2338,1,0.277,1,1,0
"locus195",0.3918,1,1,0.4232,0.4386,1,0.1616,1,0.5544,0
"locus202",0.56,1,1,0.4416,1,1,0.4284,1,0.5862,0
"locus215",0.0848,0.6356,0.3264,1,1,0.3914,0.3142,0.1054,1,0
"locus227",0.0102,0.3258,1,1,1,1,0.6724,1,1,1
"locus231",1,1,1,1,1,NA,0.7216,1,1,0
"locus235",0.7262,1,1,1,0.1576,1,0.7342,1,0.2862,0
"locus236",0.6666,1,1,0.2344,1,1,0.6704,1,0.5138,0
"locus237",0.6212,0.2988,1,1,1,1,0.0116,1,0.7152,1
"locus239",0.4302,1,1,0.1662,1,1,0.4212,1,1,0
"locus248",0.4874,1,1,0.4324,1,1,0.7184,1,0.0526,0
"locus256",0.771,0.7712,1,1,0.4436,1,0.7826,1,1,0
"locus263",1,1,1,1,1,1,1,1,1,0
"locus264",1,1,0.4214,1,1,1,0.1906,0.4308,0.5944,0
"locus274",0.7604,0.5738,1,0.3152,0.4448,1,1,1,1,0
"locus280",0.7264,1,1,1,0.4422,1,0.4706,1,0.5298,0
"locus282",0.3394,1,1,0.1086,0.4394,1,0.3832,0.1066,0.0826,0
"locus286",1,1,1,1,1,0.1962,1,1,1,0
"locus291",0.55,0.5612,1,1,0.4412,1,0.4192,1,0.2896,0
"locus292",0.0284,0.4302,1,0.4406,1,1,0.4546,1,1,1
"locus296",0.405,1,1,1,1,1,0.4268,1,0.0576,0
"locus301",1,1,1,0.4256,0.4332,1,0.6492,1,1,0
"locus314",8e-04,0,1,1,0.02,1,1,1,0.1446,3
"locus321",0.2284,0.5748,1,1,1,0.2014,0.7832,0.4394,0.3022,0
"locus322",1,0.042,1,0.1046,0.4414,1,1,1,1,1
"locus323",0.18,0.503,1,1,1,1,0.3316,1,0.2622,0
"locus329",0.5756,0.4512,1,0.435,0.1276,1,1,1,0.6172,0
"locus332",0.761,0.5596,1,1,1,1,0.6828,0.2304,0.528,0
"locus358",1,1,0.3034,0.0994,1,1,0.218,1,1,0
"locus359",0.3184,1,1,0.435,1,1,0.2672,0.2278,1,0
"locus360",0.3958,0.1722,1,1,1,0.3408,0.2144,0.1052,0.6134,0
