"locus","Bird's Head-Summer","Bird's Head-Winter","HaevoSI-Summer","HaevoSI-Winter","IsabelSI-South","Malaysia","PNG","num.sig.adj.p"
"locus314",0.006,0,1,1,1,1,0.705,2
"Dc58248",1,1,1,1,0.9144,0.0364,1,1
"locus014",1,0.0406,1,1,1,1,1,1
"locus040",1,0.0336,1,1,0.138,1,1,1
"locus061",1,1,1,1,1,1,0.0434,1
"Dc01018",1,1,1,1,0.329,1,1,0
"Dc01661",1,1,1,1,1,1,1,0
"Dc01707",1,1,1,1,0.938,1,1,0
"Dc01784",1,0.7476,1,1,0.9276,1,1,0
"Dc02951",0.8694,1,1,1,1,1,1,0
"Dc03456",1,1,1,1,1,1,1,0
"Dc03556",1,1,1,1,1,1,0.8456,0
"Dc06503",1,1,1,1,1,1,1,0
"Dc07300",1,1,1,1,1,1,1,0
"Dc07937",0.5768,1,1,1,1,1,1,0
"Dc08054",1,1,1,1,1,1,1,0
"Dc08189",1,1,1,1,1,1,1,0
"Dc08463",0.7364,1,1,1,1,0.9708,1,0
"Dc08865",1,0.7406,1,1,1,1,1,0
"Dc10003",1,1,1,1,1,1,1,0
"Dc10390",1,0.9288,1,1,1,1,0.1428,0
"Dc10878",1,1,1,1,1,1,1,0
"Dc10885",0.546,1,1,1,0.6516,0.6516,1,0
"Dc11203",1,1,1,1,1,1,1,0
"Dc11714",0.746,0.2508,0.768,1,0.1582,0.972,0.972,0
"Dc13159",1,1,1,1,1,1,1,0
"Dc13592",1,1,1,0.991,1,0.63,0.6996,0
"Dc14022",1,1,1,1,1,1,1,0
"Dc14945",1,1,1,1,1,1,1,0
"Dc16747",1,1,1,1,1,1,1,0
"Dc18951",0.4284,1,1,1,1,1,1,0
"Dc20232",1,1,1,1,1,1,1,0
"Dc22883",1,1,1,1,1,1,1,0
"Dc22887",1,1,1,1,1,1,1,0
"Dc27955",0.5964,1,1,1,1,1,1,0
"Dc28124",1,1,1,1,1,1,1,0
"Dc28776",1,1,1,1,1,1,1,0
"Dc30071",1,1,1,1,1,0.721,1,0
"Dc31007",1,1,1,1,1,1,1,0
"Dc33714",1,1,1,1,0.7658,1,1,0
"Dc33907",1,1,1,1,1,1,1,0
"Dc34902",1,1,1,1,1,1,1,0
"Dc35779",1,1,1,1,1,1,1,0
"Dc36571",1,0.4494,1,1,1,1,0.5544,0
"Dc36616",1,1,1,0.6664,1,1,1,0
"Dc40235",1,1,1,1,1,1,1,0
"Dc41234",1,1,1,1,1,1,1,0
"Dc46984",1,1,0.5754,1,1,1,1,0
"Dc47572",1,1,1,1,0.4578,1,1,0
"Dc47935",1,1,1,1,1,1,0.0994,0
"Dc48207",1,1,1,1,1,1,1,0
"Dc48950",1,1,1,1,1,1,1,0
"Dc49080",1,1,1,1,1,1,1,0
"Dc49184",1,1,1,0.7798,1,1,1,0
"Dc51020",1,1,1,1,1,1,1,0
"Dc52523",1,1,0.9674,1,1,1,1,0
"Dc55481",1,0.3612,1,1,1,1,1,0
"Dc62188",1,1,1,1,1,1,0.7406,0
"Dc67011",1,1,1,1,1,1,1,0
"locus003",1,1,1,1,1,1,1,0
"locus004",1,1,1,1,1,1,1,0
"locus005",1,1,1,1,1,1,1,0
"locus006",1,0.21,1,0.45,1,1,1,0
"locus008",1,1,1,1,0.45,0.1596,1,0
"locus013",1,1,1,0.7378,1,1,1,0
"locus022",0.1694,1,1,1,1,1,1,0
"locus024",1,1,1,1,0.6776,1,0.7248,0
"locus025",1,0.8274,1,1,1,1,1,0
"locus027",1,1,1,1,1,1,0.7574,0
"locus030",1,1,1,1,1,0.7252,1,0
"locus035",1,1,1,1,1,1,1,0
"locus038",1,1,1,1,1,1,1,0
"locus039",1,1,1,1,1,1,1,0
"locus041",1,1,1,1,0.4774,1,1,0
"locus045",1,0.364,1,1,1,1,1,0
"locus047",1,1,1,1,1,1,1,0
"locus048",1,1,1,1,1,1,1,0
"locus053",1,0.1722,1,1,1,0.648,1,0
"locus055",1,1,1,1,1,1,1,0
"locus056",1,1,1,1,1,1,1,0
"locus058",1,1,1,1,1,1,1,0
"locus060",1,1,1,1,1,1,1,0
"locus062",1,0.3458,1,1,1,1,1,0
"locus064",1,1,1,1,1,1,1,0
"locus065",1,1,1,1,1,1,1,0
"locus073",1,1,1,1,1,1,1,0
"locus074",1,1,1,1,1,1,1,0
"locus076",1,0.4816,1,1,1,1,1,0
"locus077",1,1,1,1,1,1,1,0
"locus080",1,1,1,1,1,1,1,0
"locus083",1,1,NA,1,1,1,1,0
"locus088",1,1,1,1,1,1,1,0
"locus093",1,1,1,1,1,1,1,0
"locus096",1,1,1,1,1,1,1,0
"locus098",1,1,1,1,1,1,1,0
"locus100",1,1,1,1,0.0812,1,1,0
"locus106",1,1,1,1,1,1,1,0
"locus116",1,1,1,1,1,1,1,0
"locus119",0.3584,0.3584,1,0.4592,0.366,1,1,0
"locus120",1,1,1,1,1,1,1,0
"locus128",1,1,1,1,1,1,1,0
"locus129",1,1,1,1,1,1,1,0
"locus130",1,1,1,1,1,1,1,0
"locus134",1,1,1,1,1,1,1,0
"locus135",1,1,1,1,1,1,0.5264,0
"locus137",1,1,1,1,0.4284,1,1,0
"locus139",0.6762,1,1,1,1,1,1,0
"locus140",0.6762,1,1,1,1,1,1,0
"locus146",1,1,0.924,1,1,1,1,0
"locus148",1,1,1,1,1,1,1,0
"locus151",1,1,1,1,0.5642,0.8988,1,0
"locus157",1,1,1,1,1,1,1,0
"locus161",1,1,1,1,1,1,1,0
"locus165",1,1,1,1,1,1,1,0
"locus170",1,1,1,1,1,1,1,0
"locus176",1,1,1,1,1,1,1,0
"locus184",1,1,1,0.5278,1,1,1,0
"locus186",1,1,1,1,1,1,1,0
"locus188",1,0.4046,1,1,1,1,1,0
"locus189",1,1,1,1,1,1,1,0
"locus190",1,1,1,1,1,1,1,0
"locus191",1,1,1,1,1,1,1,0
"locus192",1,1,1,1,1,1,1,0
"locus195",1,1,1,1,1,1,1,0
"locus202",1,1,1,1,1,1,1,0
"locus215",0.6398,1,1,1,1,0.6398,1,0
"locus227",0.0574,1,1,1,1,1,1,0
"locus231",1,1,1,1,1,1,1,0
"locus235",1,1,1,1,1,1,1,0
"locus236",1,1,1,1,1,1,1,0
"locus237",1,1,1,1,0.084,1,1,0
"locus239",1,1,1,1,1,1,1,0
"locus248",1,1,1,1,1,1,0.385,0
"locus256",1,1,1,1,1,1,1,0
"locus263",1,1,1,1,1,1,1,0
"locus264",1,1,1,1,1,1,1,0
"locus274",1,1,1,1,1,1,1,0
"locus280",1,1,1,1,1,1,1,0
"locus282",1,1,1,0.6408,1,0.6408,0.6272,0
"locus286",1,1,1,1,1,1,1,0
"locus291",1,1,1,1,1,1,1,0
"locus292",0.1974,1,1,1,1,1,1,0
"locus296",1,1,1,1,1,1,0.4158,0
"locus301",1,1,1,1,1,1,1,0
"locus321",1,1,1,1,1,1,1,0
"locus322",1,0.2926,1,0.642,1,1,1,0
"locus323",1,1,1,1,1,1,1,0
"locus329",1,1,1,1,1,1,1,0
"locus332",1,1,1,1,1,1,1,0
"locus358",1,1,1,0.763,1,1,1,0
"locus359",1,1,1,1,1,1,1,0
"locus360",1,1,1,1,1,0.707,1,0
