"locus","num.genotyped","num.missing","prop.genotyped","num.alleles","allelic.richness","prop.unique.alleles","exptd.het","obsvd.het","num.snps"
"Dc01018",179,44,0.802690582959641,2,0.0111731843575419,0,0.318873918282397,0.255605381165919,1
"Dc01661",222,1,0.995515695067265,3,0.0135135135135135,0.0045045045045045,0.620828503447013,0.605381165919282,2
"Dc01707",222,1,0.995515695067265,4,0.018018018018018,0.0045045045045045,0.655196957680028,0.704035874439462,2
"Dc01784",220,3,0.986547085201794,2,0.00909090909090909,0,0.438144543383723,0.466367713004484,1
"Dc02951",223,0,1,2,0.00896860986547085,0,0.333430745200786,0.322869955156951,1
"Dc03456",223,0,1,2,0.00896860986547085,0,0.49624628407316,0.497757847533632,1
"Dc03556",221,2,0.991031390134529,2,0.00904977375565611,0,0.491899323832097,0.542600896860987,1
"Dc06503",125,98,0.560538116591928,2,0.016,0,0.154506024096386,0.0941704035874439,1
"Dc07300",222,1,0.995515695067265,3,0.0135135135135135,0.0045045045045045,0.652522725886157,0.62780269058296,2
"Dc07937",213,10,0.955156950672646,3,0.0140845070422535,0,0.56095001380834,0.556053811659193,2
"Dc08054",223,0,1,3,0.0134529147982063,0,0.597772963168237,0.609865470852018,2
"Dc08189",203,20,0.910313901345291,3,0.0147783251231527,0,0.588250319284802,0.573991031390135,2
"Dc08463",223,0,1,2,0.00896860986547085,0,0.396281553887237,0.37219730941704,1
"Dc08865",223,0,1,3,0.0134529147982063,0,0.550823802085958,0.542600896860987,2
"Dc10003",129,94,0.57847533632287,2,0.0155038759689922,0,0.294151358851386,0.134529147982063,1
"Dc10390",223,0,1,2,0.00896860986547085,0,0.196029626643825,0.174887892376682,1
"Dc10878",150,73,0.672645739910314,2,0.0133333333333333,0,0.498974358974359,0.336322869955157,1
"Dc10885",220,3,0.986547085201794,3,0.0136363636363636,0,0.586363636363636,0.560538116591928,2
"Dc11203",223,0,1,2,0.00896860986547085,0,0.236660452461329,0.237668161434978,2
"Dc11714",205,18,0.919282511210762,2,0.00975609756097561,0,0.500459180630926,0.345291479820628,1
"Dc13159",201,22,0.901345291479821,3,0.0149253731343284,0,0.541730251485714,0.479820627802691,2
"Dc13592",201,22,0.901345291479821,3,0.0149253731343284,0,0.320355826850784,0.269058295964126,2
"Dc14022",216,7,0.968609865470852,2,0.00925925925925926,0,0.0585094955744608,0.0582959641255605,1
"Dc14945",223,0,1,2,0.00896860986547085,0,0.133501284828941,0.116591928251121,1
"Dc16747",185,38,0.829596412556054,2,0.0108108108108108,0,0.412231743939061,0.354260089686099,1
"Dc18951",223,0,1,2,0.00896860986547085,0,0.444439965737895,0.385650224215247,1
"Dc20232",218,5,0.977578475336323,3,0.0137614678899083,0,0.223695033217336,0.224215246636771,2
"Dc22883",181,42,0.811659192825112,3,0.0165745856353591,0,0.637517026063268,0.524663677130045,2
"Dc22887",220,3,0.986547085201794,2,0.00909090909090909,0,0.198374404638642,0.210762331838565,1
"Dc27955",176,47,0.789237668161435,2,0.0113636363636364,0,0.342770655270655,0.246636771300448,1
"Dc28124",223,0,1,2,0.00896860986547085,0,0.203002972741472,0.228699551569507,1
"Dc28776",212,11,0.95067264573991,2,0.00943396226415094,0,0.391888576653731,0.381165919282511,1
"Dc30071",219,4,0.982062780269058,2,0.0091324200913242,0,0.499639509733237,0.515695067264574,1
"Dc31007",124,99,0.556053811659193,2,0.0161290322580645,0,0.16896304035523,0.0941704035874439,1
"Dc33714",220,3,0.986547085201794,3,0.0136363636363636,0,0.548426175191551,0.533632286995516,2
"Dc33907",210,13,0.94170403587444,2,0.00952380952380952,0,0.378270257983862,0.376681614349776,1
"Dc34902",222,1,0.995515695067265,2,0.00900900900900901,0.0045045045045045,0.175329957497,0.165919282511211,1
"Dc35779",219,4,0.982062780269058,2,0.0091324200913242,0,0.299259166379319,0.286995515695067,1
"Dc36571",205,18,0.919282511210762,2,0.00975609756097561,0,0.49544993738446,0.426008968609865,1
"Dc36616",220,3,0.986547085201794,2,0.00909090909090909,0,0.339355974321806,0.318385650224215,1
"Dc40235",217,6,0.973094170403587,2,0.00921658986175115,0,0.301401645363502,0.278026905829596,1
"Dc41234",132,91,0.591928251121076,3,0.0227272727272727,0,0.630487383339094,0.358744394618834,2
"Dc46984",223,0,1,3,0.0134529147982063,0,0.594961455131758,0.565022421524664,2
"Dc47572",223,0,1,3,0.0134529147982063,0,0.373366251826473,0.367713004484305,2
"Dc47935",222,1,0.995515695067265,4,0.018018018018018,0.0045045045045045,0.594340390051451,0.582959641255605,3
"Dc48207",196,27,0.878923766816143,2,0.0102040816326531,0,0.0449788611096612,0.0403587443946188,1
"Dc48950",223,0,1,3,0.0134529147982063,0,0.610701869300146,0.614349775784753,2
"Dc49080",223,0,1,2,0.00896860986547085,0,0.50103290169799,0.475336322869955,1
"Dc49184",223,0,1,3,0.0134529147982063,0,0.41286844359349,0.403587443946188,2
"Dc51020",223,0,1,2,0.00896860986547085,0,0.433365244117499,0.434977578475336,1
"Dc52523",213,10,0.955156950672646,4,0.0187793427230047,0,0.574879867439934,0.551569506726457,2
"Dc55481",179,44,0.802690582959641,2,0.0111731843575419,0,0.315478146565889,0.2152466367713,1
"Dc58248",223,0,1,4,0.0179372197309417,0,0.568982717791102,0.506726457399103,2
"Dc62188",222,1,0.995515695067265,3,0.0135135135135135,0.0045045045045045,0.614656417139487,0.614349775784753,2
"Dc67011",222,1,0.995515695067265,2,0.00900900900900901,0.0045045045045045,0.323958269782198,0.349775784753363,1
"locus003",223,0,1,2,0.00896860986547085,0,0.438232478460221,0.439461883408072,1
"locus004",223,0,1,2,0.00896860986547085,0,0.358421927747266,0.349775784753363,1
"locus005",221,2,0.991031390134529,2,0.00904977375565611,0,0.34841628959276,0.309417040358744,1
"locus006",223,0,1,2,0.00896860986547085,0,0.336020557263062,0.354260089686099,1
"locus008",222,1,0.995515695067265,2,0.00900900900900901,0.0045045045045045,0.415065178044862,0.439461883408072,1
"locus013",223,0,1,2,0.00896860986547085,0,0.472817050435834,0.430493273542601,1
"locus014",223,0,1,2,0.00896860986547085,0,0.496679598931829,0.457399103139013,1
"locus022",223,0,1,3,0.0134529147982063,0,0.597772963168237,0.609865470852018,2
"locus024",215,8,0.964125560538117,2,0.00930232558139535,0,0.33176126199382,0.340807174887892,1
"locus025",215,8,0.964125560538117,2,0.00930232558139535,0,0.500992031224589,0.426008968609865,1
"locus027",139,84,0.623318385650224,2,0.0143884892086331,0,0.395423733215594,0.228699551569507,1
"locus030",222,1,0.995515695067265,2,0.00900900900900901,0.0045045045045045,0.500111849998983,0.466367713004484,1
"locus035",222,1,0.995515695067265,2,0.00900900900900901,0.0045045045045045,0.220934252536961,0.233183856502242,1
"locus038",203,20,0.910313901345291,2,0.00985221674876847,0,0.501185914979018,0.426008968609865,1
"locus039",217,6,0.973094170403587,2,0.00921658986175115,0,0.248752141846085,0.273542600896861,1
"locus040",199,24,0.89237668161435,2,0.0100502512562814,0,0.246028631824108,0.165919282511211,1
"locus041",190,33,0.852017937219731,2,0.0105263157894737,0,0.405651992778781,0.345291479820628,1
"locus045",215,8,0.964125560538117,2,0.00930232558139535,0,0.297674418604651,0.286995515695067,2
"locus047",223,0,1,2,0.00896860986547085,0,0.494825414420315,0.475336322869955,1
"locus048",221,2,0.991031390134529,2,0.00904977375565611,0,0.122890181713711,0.130044843049327,1
"locus053",221,2,0.991031390134529,3,0.0135746606334842,0,0.589271606078329,0.57847533632287,2
"locus055",222,1,0.995515695067265,2,0.00900900900900901,0.0045045045045045,0.359546905822301,0.340807174887892,1
"locus056",223,0,1,2,0.00896860986547085,0,0.370161737290271,0.399103139013453,1
"locus058",222,1,0.995515695067265,2,0.00900900900900901,0.0045045045045045,0.476714863848047,0.47085201793722,1
"locus060",223,0,1,2,0.00896860986547085,0,0.277402126265935,0.295964125560538,1
"locus061",154,69,0.690582959641256,2,0.012987012987013,0,0.277232539447523,0.15695067264574,2
"locus062",222,1,0.995515695067265,2,0.00900900900900901,0.0045045045045045,0.451304577715413,0.448430493273543,1
"locus064",223,0,1,2,0.00896860986547085,0,0.383584420819267,0.390134529147982,1
"locus065",223,0,1,2,0.00896860986547085,0,0.152496598982214,0.15695067264574,1
"locus073",215,8,0.964125560538117,2,0.00930232558139535,0,0.49638423591912,0.457399103139013,1
"locus074",223,0,1,2,0.00896860986547085,0,0.338590215145866,0.31390134529148,1
"locus076",194,29,0.869955156950673,2,0.0103092783505155,0,0.501172114334426,0.399103139013453,1
"locus077",203,20,0.910313901345291,2,0.00985221674876847,0,0.141397555190658,0.139013452914798,1
"locus080",187,36,0.838565022421525,2,0.0106951871657754,0,0.500422933004545,0.426008968609865,1
"locus083",141,82,0.632286995515695,2,0.0141843971631206,0,0.348224426440524,0.210762331838565,1
"locus088",223,0,1,2,0.00896860986547085,0,0.336020557263062,0.37219730941704,1
"locus093",167,56,0.748878923766816,2,0.0119760479041916,0,0.0237363111614607,0.0179372197309417,1
"locus096",223,0,1,2,0.00896860986547085,0,0.311986698241548,0.349775784753363,1
"locus098",204,19,0.914798206278027,2,0.00980392156862745,0,0.397058823529412,0.36322869955157,1
"locus100",223,0,1,2,0.00896860986547085,0,0.365526276011488,0.345291479820628,3
"locus106",216,7,0.968609865470852,2,0.00925925925925926,0,0.229601701469451,0.201793721973094,1
"locus116",203,20,0.910313901345291,2,0.00985221674876847,0,0.42338989235541,0.390134529147982,1
"locus119",223,0,1,2,0.00896860986547085,0,0.481614349775785,0.506726457399103,1
"locus120",223,0,1,2,0.00896860986547085,0,0.262135335315161,0.255605381165919,1
"locus128",188,35,0.84304932735426,2,0.0106382978723404,0,0.350851063829787,0.273542600896861,1
"locus129",223,0,1,3,0.0134529147982063,0,0.417725600846476,0.399103139013453,2
"locus130",140,83,0.62780269058296,2,0.0142857142857143,0,0.280363543266769,0.183856502242152,1
"locus134",197,26,0.883408071748879,2,0.0101522842639594,0,0.420661060952455,0.358744394618834,1
"locus135",220,3,0.986547085201794,3,0.0136363636363636,0,0.444274176848209,0.443946188340807,2
"locus137",223,0,1,2,0.00896860986547085,0,0.292165062729884,0.26457399103139,1
"locus139",223,0,1,2,0.00896860986547085,0,0.223439310727062,0.228699551569507,1
"locus140",223,0,1,2,0.00896860986547085,0,0.223439310727062,0.228699551569507,1
"locus146",220,3,0.986547085201794,2,0.00909090909090909,0,0.484572375232967,0.502242152466368,1
"locus148",223,0,1,2,0.00896860986547085,0,0.442918325187686,0.443946188340807,1
"locus151",162,61,0.726457399103139,2,0.0123456790123457,0,0.445820433436532,0.340807174887892,1
"locus157",157,66,0.704035874439462,2,0.0127388535031847,0,0.281496103050406,0.201793721973094,1
"locus161",222,1,0.995515695067265,2,0.00900900900900901,0.0045045045045045,0.315813556219877,0.327354260089686,1
"locus165",176,47,0.789237668161435,2,0.0113636363636364,0,0.395218207718208,0.318385650224215,1
"locus170",223,0,1,2,0.00896860986547085,0,0.479800473623218,0.47085201793722,1
"locus176",173,50,0.775784753363229,2,0.0115606936416185,0,0.482080924855491,0.345291479820628,1
"locus184",223,0,1,2,0.00896860986547085,0,0.417675215397793,0.439461883408072,1
"locus186",222,1,0.995515695067265,2,0.00900900900900901,0.0045045045045045,0.256838102210563,0.255605381165919,1
"locus188",185,38,0.829596412556054,3,0.0162162162162162,0,0.628594448106643,0.506726457399103,2
"locus189",222,1,0.995515695067265,2,0.00900900900900901,0.0045045045045045,0.471478250259289,0.457399103139013,2
"locus190",223,0,1,2,0.00896860986547085,0,0.374716581851161,0.36322869955157,1
"locus191",175,48,0.7847533632287,2,0.0114285714285714,0,0.498223495702006,0.381165919282511,1
"locus192",197,26,0.883408071748879,2,0.0101522842639594,0,0.462200178246212,0.412556053811659,1
"locus195",207,16,0.928251121076233,2,0.00966183574879227,0,0.424465733235077,0.430493273542601,1
"locus202",223,0,1,2,0.00896860986547085,0,0.47173880183403,0.434977578475336,1
"locus215",168,55,0.753363228699552,2,0.0119047619047619,0,0.404193319118692,0.251121076233184,1
"locus227",216,7,0.968609865470852,2,0.00925925925925926,0,0.252986164819112,0.224215246636771,1
"locus231",174,49,0.780269058295964,2,0.0114942528735632,0,0.373182284938222,0.286995515695067,1
"locus235",223,0,1,2,0.00896860986547085,0,0.410177860633849,0.403587443946188,1
"locus236",223,0,1,2,0.00896860986547085,0,0.300780974454577,0.31390134529148,1
"locus237",223,0,1,3,0.0134529147982063,0,0.391908096941603,0.394618834080717,2
"locus239",223,0,1,2,0.00896860986547085,0,0.433365244117499,0.452914798206278,1
"locus248",223,0,1,2,0.00896860986547085,0,0.356013503300247,0.354260089686099,1
"locus256",192,31,0.860986547085202,2,0.0104166666666667,0,0.489066579634465,0.412556053811659,1
"locus263",191,32,0.856502242152466,2,0.0104712041884817,0,0.104176114111391,0.0941704035874439,1
"locus264",223,0,1,2,0.00896860986547085,0,0.469521842092004,0.488789237668161,1
"locus274",217,6,0.973094170403587,2,0.00921658986175115,0,0.475601579378678,0.448430493273543,1
"locus280",202,21,0.905829596412556,2,0.0099009900990099,0,0.383264132864899,0.331838565022422,1
"locus282",215,8,0.964125560538117,2,0.00930232558139535,0,0.420979020979021,0.37219730941704,1
"locus286",192,31,0.860986547085202,2,0.0104166666666667,0,0.157514686684073,0.139013452914798,1
"locus291",223,0,1,2,0.00896860986547085,0,0.445941452108631,0.426008968609865,2
"locus292",223,0,1,2,0.00896860986547085,0,0.480717488789238,0.475336322869955,1
"locus296",223,0,1,2,0.00896860986547085,0,0.306424144707009,0.278026905829596,1
"locus301",209,14,0.937219730941704,2,0.00956937799043062,0,0.338714674193659,0.304932735426009,1
"locus314",184,39,0.825112107623318,2,0.0108695652173913,0,0.181361805473285,0.0582959641255605,1
"locus321",215,8,0.964125560538117,2,0.00930232558139535,0,0.459489347861441,0.434977578475336,1
"locus322",223,0,1,2,0.00896860986547085,0,0.472817050435834,0.493273542600897,1
"locus323",220,3,0.986547085201794,2,0.00909090909090909,0,0.397597846344999,0.367713004484305,1
"locus329",217,6,0.973094170403587,2,0.00921658986175115,0,0.500292674620321,0.484304932735426,1
"locus332",223,0,1,2,0.00896860986547085,0,0.398327203103744,0.394618834080717,1
"locus358",223,0,1,2,0.00896860986547085,0,0.314737743739608,0.300448430493274,1
"locus359",192,31,0.860986547085202,2,0.0104166666666667,0,0.333754895561358,0.309417040358744,1
"locus360",185,38,0.829596412556054,2,0.0108108108108108,0,0.498483849703362,0.408071748878924,1
