"ids.1","ids.2","strata.1","strata.2","mismatch.loci","num.loci.genotyped","num.loci.shared","prop.loci.shared"
"z0076697","z0076697b","Bird's Head-Summer","Bird's Head-Summer",NA,147,147,1
"z0076691","z0076691b","Bird's Head-Summer","Bird's Head-Summer",NA,147,147,1
"z0134112","z0134112b","Bird's Head-Summer","Bird's Head-Summer",NA,146,146,1
"z0076695","z0076695b","Bird's Head-Summer","Bird's Head-Summer",NA,146,146,1
"z0062761","z0062761b","Bird's Head-Winter","Bird's Head-Winter",NA,146,146,1
"z0062752","z0062752b","Bird's Head-Winter","Bird's Head-Winter",NA,146,146,1
"z0012492","z0012492b","IsabelSI-South","IsabelSI-South",NA,146,146,1
"z0012521","z0012521b","IsabelSI-South","IsabelSI-South",NA,145,145,1
"z0012514","z0012514b","IsabelSI-South","IsabelSI-South",NA,145,145,1
"z0012504","z0012514b","IsabelSI-South","IsabelSI-South",NA,145,145,1
"z0012504","z0012514","IsabelSI-South","IsabelSI-South",NA,145,145,1
"z0062743","z0062743b","Bird's Head-Winter","Bird's Head-Winter",NA,144,144,1
"z0134070","z0134070b","Bird's Head-Summer","Bird's Head-Summer",NA,143,143,1
"z0102610","z0102610b","Bird's Head-Summer","Bird's Head-Summer",NA,143,143,1
"z0062766","z0062766b","Bird's Head-Winter","Bird's Head-Winter",NA,143,143,1
"z0026457b","z0040945","PNG","PNG",NA,143,143,1
"z0016884","z0016884b","Malaysia","Malaysia",NA,143,143,1
"z0012508","z0012509c","IsabelSI-South","IsabelSI-South",NA,143,143,1
"z0012481","z0012481b","IsabelSI-South","IsabelSI-South",NA,143,143,1
"z0012496b","z0061464","IsabelSI-South","IsabelSI-South",NA,142,142,1
"z0134113","z0134113b","Bird's Head-Summer","Bird's Head-Summer",NA,141,141,1
"z0134074","z0134074b","Bird's Head-Summer","Bird's Head-Summer",NA,141,141,1
"z0062780","z0062780b","Bird's Head-Winter","Bird's Head-Winter",NA,141,141,1
"z0062726","z0062726b","Bird's Head-Winter","Bird's Head-Winter",NA,141,141,1
"z0012508","z0012509b","IsabelSI-South","IsabelSI-South",NA,141,141,1
"z0026450","z0026450b","PNG","PNG",NA,140,140,1
"z0012509b","z0012509c","IsabelSI-South","IsabelSI-South",NA,140,140,1
"z0062622","z0062622b","Bird's Head-Summer","Bird's Head-Summer",NA,139,139,1
"z0061467","z0061467b","IsabelSI-South","IsabelSI-South",NA,139,139,1
"z0062742","z0062742b","Bird's Head-Winter","Bird's Head-Winter",NA,136,136,1
"z0026457","z0040945","PNG","PNG",NA,136,136,1
"z0062687","z0062687b","Bird's Head-Winter","Bird's Head-Winter",NA,135,135,1
"z0026457","z0026457b","PNG","PNG",NA,135,135,1
"z0062630","z0062630b","Bird's Head-Summer","Bird's Head-Summer",NA,134,134,1
"z0102605","z0102605b","Bird's Head-Summer","Bird's Head-Summer",NA,133,133,1
"z0062787","z0062787b","Bird's Head-Winter","Bird's Head-Winter",NA,133,133,1
"z0062712b","z0062767","Bird's Head-Winter","Bird's Head-Winter",NA,133,133,1
"z0026450b","z0040943","PNG","PNG",NA,133,133,1
"z0012489","z0012489b","IsabelSI-South","IsabelSI-South",NA,133,133,1
"z0062627","z0062627b","Bird's Head-Summer","Bird's Head-Summer",NA,132,132,1
"z0062712","z0062767","Bird's Head-Winter","Bird's Head-Winter",NA,130,130,1
"z0062634","z0062634b","Bird's Head-Summer","Bird's Head-Summer",NA,130,130,1
"z0062712","z0062712b","Bird's Head-Winter","Bird's Head-Winter",NA,129,129,1
"z0026450","z0040943","PNG","PNG",NA,129,129,1
"z0062694","z0062694b","Bird's Head-Winter","Bird's Head-Winter",NA,128,128,1
"z0037419","z0037419b","Bird's Head-Summer","Bird's Head-Summer",NA,128,128,1
"z0032021","z0032021b","PNG","PNG",NA,128,128,1
"z0012527","z0012527b","IsabelSI-South","IsabelSI-South",NA,128,128,1
"z0012516","z0012528","IsabelSI-South","IsabelSI-South",NA,125,125,1
"z0062751","z0062751b","Bird's Head-Winter","Bird's Head-Winter",NA,123,123,1
"z0026451","z0026451b","PNG","PNG",NA,123,123,1
"z0062680","z0062680b","Bird's Head-Summer","Bird's Head-Summer",NA,119,119,1
"z0006803","z0006803b","IsabelSI-South","IsabelSI-South",NA,119,119,1
"z0026452","z0026452b","PNG","PNG",NA,117,117,1
"z0134108","z0134108b","Bird's Head-Summer","Bird's Head-Summer",NA,114,114,1
"z0012480","z0012480b","IsabelSI-South","IsabelSI-South",NA,114,114,1
"z0062636","z0062636b","Bird's Head-Summer","Bird's Head-Summer",NA,113,113,1
"z0012500","z0012500b","IsabelSI-South","IsabelSI-South",NA,110,110,1
"z0012520","z0012520b","IsabelSI-South","IsabelSI-South",NA,105,105,1
"z0006802","z0006802b","IsabelSI-South","IsabelSI-South","locus314",145,144,0.993103448275862
"z0006799","z0006799b","IsabelSI-South","IsabelSI-South","locus314",141,140,0.99290780141844
"z0012519","z0012519b","IsabelSI-South","IsabelSI-South","locus165",134,133,0.992537313432836
"z0134098","z0134098b","Bird's Head-Summer","Bird's Head-Summer","locus314",127,126,0.992125984251969
"z0012505","z0061450","IsabelSI-South","IsabelSI-South","locus083",125,124,0.992
"z0061452","z0061452b","IsabelSI-South","IsabelSI-South","Dc13592",115,114,0.991304347826087
"z0117088","z0117088b","In-water, Indonesia","In-water, Indonesia","Dc13592",99,98,0.98989898989899
"z0117103","z0117103b","In-water, Indonesia","In-water, Indonesia","locus184",84,83,0.988095238095238
