"locus","Indiv","gt","haplo.1","haplo.2","haplo.3","haplo.4","depth.1","depth.2","depth.3","depth.4","num.haps","LABID"
"locus184","z0117103","A/C","A","C",NA,NA,66,52,0,0,"2","z0117103"
"locus184","z0117103b","A/A","A","C",NA,NA,17,4,0,0,"1","z0117103"
"Dc13592","z0117088b","AC/AC","AC","GC",NA,NA,27,6,0,0,"1","z0117088"
"Dc13592","z0117088","AC/GC","AC","GC",NA,NA,17,15,0,0,"2","z0117088"
"locus314","z0006802","A/G","A","G",NA,NA,214,107,0,0,"2","z0006802"
"locus314","z0006802b","A/A","A","G",NA,NA,121,23,0,0,"1","z0006802"
"locus165","z0012519","A/A","A","C",NA,NA,310,68,0,0,"1","z0012519"
"locus165","z0012519b","A/C","A","C",NA,NA,132,59,0,0,"2","z0012519"
"Dc13592","z0061452b","AC/GC","AC","GC","AN","GG",40,18,1,1,"2","z0061452"
"Dc13592","z0061452","AC/AC","AC","GC","AA",NA,36,8,1,0,"1","z0061452"
"locus314","z0134098","A/A","A","G",NA,NA,47,11,0,0,"1","z0134098"
"locus314","z0134098b","A/G","A","G","T",NA,46,23,1,0,"2","z0134098"
"locus314","z0006799","A/G","A","G",NA,NA,132,76,0,0,"2","z0006799"
"locus314","z0006799b","A/A","A","G",NA,NA,99,20,0,0,"1","z0006799"
