"","IsabelSI-South","PNG","Malaysia","In-water, CA","Bird's Head-Summer","Bird's Head-Winter","In-water, Indonesia","HaevoSI-Winter","HaevoSI-Summer"
"z0006796",0.267642028211485,0.00188338118939928,3.31066831031273e-11,0.0994033471608396,0.303654961663735,0.230109566259244,0.000213992432747323,0.0970914020848157,1.32096462788389e-06
"z0006798",0.607109215753389,0.00034592372710093,1.50057854346721e-07,0.00108290990827738,0.0499261729399284,0.332801332228786,5.50149826658316e-05,0.00866972798358775,9.5524184095567e-06
"z0006799",0.415230013708146,0.049869121418915,1.00526566463081e-13,0.0188772353104783,0.0402407617387146,0.474801440144176,1.92926690586621e-06,0.000641402695648931,0.000338095716915233
"z0006800",0.197566148359381,0.0010987336752564,1.16495823494884e-07,0.000805778705520573,0.768991475379359,0.0309093678627863,4.21806257179229e-05,0.000584090125507222,2.1087706483692e-06
"z0006801",0.928257013285778,0.00010810214764515,1.10683204644756e-05,2.63733682354176e-05,0.00778244734700358,0.0169493088964036,6.04010295897556e-08,0.043873815586792,0.00299181064664835
"z0006802",0.797515742100935,0.000435402377083343,2.72744801174622e-07,2.87585821692549e-05,0.0219326903925258,0.0432918231926114,7.21151516971463e-11,0.135221145984471,0.00157416455328748
"z0006803",0.953344933323554,0.00237918966417187,9.13175833082773e-08,0.000451215989585386,0.00582421409740624,0.0376260493319185,6.1516422524306e-08,5.38577830782203e-05,0.000320386976279739
"z0006805",0.371881218968337,0.525355794462175,5.0691745181073e-09,0.00228182160309369,0.0558083372696682,0.0439587756511205,3.25002779945957e-07,0.000275694425695387,0.000438027547955945
"z0012480",0.822064012091562,0.0048434626299272,1.15973402456525e-07,0.00344873587776149,0.0175599486360482,0.150910792008088,2.51231587221966e-08,0.00117046363189883,2.44402815232598e-06
"z0012481",0.79574976488377,0.00669491195301364,1.789020423591e-07,0.000216414884448516,0.0378767272972054,0.136153203331591,9.47584330842165e-09,0.01904642633576,0.00426236293632582
"z0012482",0.31851806972526,0.0989202220074696,4.70875848734074e-12,6.28725106752114e-05,0.0156624019116043,0.0304088299810667,6.11183077851133e-07,0.00161326221225417,0.534813730463884
"z0012483",0.78869638444438,0.000439518492131654,2.866347015127e-08,0.0020648885685521,0.0787772725452169,0.075283023042258,4.08732328308259e-08,0.0547186123085099,2.0231062248491e-05
"z0012484",0.616008129118682,5.96118654506206e-05,1.59524238422373e-06,0.00091486367415188,0.0415066285374918,0.336237058069709,6.62510521996461e-10,0.00526131591779938,1.07969118201129e-05
"z0012485",0.466403671642909,0.0121298075468325,1.26964610789276e-08,0.0011426435183476,0.229422848935493,0.288796639243004,1.52647992005966e-09,0.00043842135390634,0.00166595353656625
"z0012486",0.189996561964442,0.00119319348184648,8.97960379411476e-07,0.000263928499655493,0.246496099529189,0.561952781062315,6.6308929990764e-09,9.46636158736397e-05,1.86725540600043e-06
"z0012487",0.719437053328957,0.0350184887457758,1.36694224749228e-08,0.0280083521790726,0.0266789768423159,0.18813347551257,1.13148769901747e-07,0.00271862582332902,4.90074978730723e-06
"z0012488",0.477837979573407,0.0125083737945436,1.04847588265494e-05,0.000444728325433193,0.130273917906292,0.348343523218672,1.08174160743469e-09,0.0305415603068364,3.94310342474147e-05
"z0012489",0.333571240035411,0.094399610325947,2.37226452295931e-06,0.00424533033947457,0.271492348627821,0.292586439041921,8.48045113227233e-07,0.00340919012929545,0.000292621190494253
"z0012490",0.848038970107677,0.00240761415198405,3.96457796753405e-09,0.00136636966650911,0.0747120589783811,0.0631501852470327,7.23609966990022e-05,0.00509381876616731,0.00515861812097139
"z0012491",0.239053119350553,0.00574954812879385,5.40537602798916e-07,0.12105886155084,0.039343597272438,0.584270319072376,0.000153071075832973,0.0103657313364184,5.21167514478354e-06
"z0012492",0.677088534915121,0.00148279298830365,1.37465595138044e-09,0.0488792390751335,0.0646882405554857,0.204917535260278,8.13552569936214e-07,0.00294003310512912,2.8091733231206e-06
"z0012493",0.995929634654924,0.000242986485998079,3.83546996610765e-07,4.49991199779225e-05,0.000172809630664483,0.00107039663485928,7.82669371021637e-12,0.00253008513565958,8.70478309359364e-06
"z0012494",0.68336502036223,5.32525812601881e-05,1.02272781010652e-08,0.00261684941994055,0.0917870091500733,0.216464221939689,8.43303440940441e-11,0.00557223690075336,0.000141399334445183
"z0012496",0.185531629481276,0.142832291617773,2.10687642035188e-08,0.00659291174864769,0.286783289594726,0.368457422735184,0.00291646314046637,0.00473863850732891,0.00214733210583387
"z0012497",0.176103345337038,0.0285975088706084,1.29099763437732e-13,0.00313979553491709,0.450633765881526,0.289487105307008,2.4845557203544e-06,0.0510479945638505,0.00098799994920238
"z0012498",0.781695213896959,0.00364819876534901,1.62195506179252e-07,0.0111729575830066,0.053763698560077,0.13683906387639,5.65477172818175e-06,0.012856889786278,1.81605647061611e-05
"z0012499",0.959058865797972,0.00638509382167006,1.29169876435931e-08,0.000168090413087014,0.00886566276501487,0.0113561755794448,1.78862919127045e-09,0.00176097252786311,0.0124051243893308
"z0012500",0.148811938110974,0.011222920021822,1.53517829852803e-09,0.0263548150084655,0.182004965209226,0.630487213740904,6.31487834994966e-09,0.000937943031569438,0.000180197026981376
"z0012501",0.814518084109989,0.0135989745901385,2.70375643748979e-07,0.00370892123810459,0.0534574675115531,0.0954182042709419,7.5035176683334e-08,0.0192292758243492,6.8727044103527e-05
"z0012503",0.295768913242908,1.98817808694746e-05,5.17135049279624e-07,0.0926005600414903,0.233825771454669,0.373722350769194,5.44283771927312e-10,0.00405797222797199,4.03280356498468e-06
"z0012504",0.400252733704617,0.00517304021686508,2.71909195635734e-06,0.00274627618330437,0.506370366571654,0.0852581707168099,5.5316570105013e-06,0.000129446050077937,6.17158077053234e-05
"z0012505",0.640169053043444,0.00344719451344672,2.40753924738001e-07,0.000221514908215891,0.250040220795825,0.084069361658401,0.00259909528548761,0.019384182539635,6.91365016193986e-05
"z0012506",0.543567562688895,0.0650132353018166,6.8591117728874e-13,0.000290146517166714,0.287154123996874,0.0898389148518059,1.78897080361288e-06,0.0116673474439576,0.0024668802279945
"z0012507",0.69534646348726,0.150086646662923,9.89158883488439e-06,2.2744360724079e-05,0.0909695492206174,0.00680390926209495,8.17549834041866e-09,0.000223226860521096,0.0565375603815263
"z0012509",0.0730342128595933,0.000267259178692561,1.45538091659725e-08,0.06352484959657,0.615399653194832,0.222820538213985,0.000769223541417296,0.024183804649633,4.44211468016488e-07
"z0012511",0.557045541684968,0.0239577236836074,7.8637788176002e-07,0.000218620458372247,0.0163401019719879,0.401460099030591,5.83749173625281e-10,1.84769758075739e-05,0.000958649233034076
"z0012515",0.704700747266506,0.164764475453398,0.00128568616121331,0.000171090698025631,0.00611819420695161,0.0384238627856953,2.93119320776685e-07,0.000202733127035188,0.0843329171818538
"z0012516",0.886026326183887,0.0686822494985737,2.58891832756894e-09,0.000264790800888406,0.0152180590849734,0.0214469433204111,5.73179417975998e-05,0.000153563513045802,0.00815074706750419
"z0012517",0.968392308306849,0.000499390556392345,4.11684858849076e-10,1.28098957684675e-05,0.00231725111022894,0.028391988864908,5.73086522877752e-07,6.01101123078074e-05,0.000325567655337403
"z0012518",0.29390354281185,0.0232059367870628,7.71372300820006e-11,0.00159290156216673,0.215035193404924,0.463327257278689,1.04884530935799e-08,0.00289599886616657,3.91587235512694e-05
"z0012519",0.720978018277254,0.00524305230842077,1.34408873269734e-09,0.00377418397921484,0.0326337706322471,0.0569623955335107,7.48066227183479e-07,0.180133042702558,0.000274787156477979
"z0012520",0.715627905863313,0.00118785910628141,1.35832379366913e-08,3.62313363744461e-05,0.175560934694602,0.0963396373086165,5.61955004731641e-07,0.00530597243561974,0.00594088371694993
"z0012521",0.833582379130034,4.95302817079303e-06,3.57985817046863e-06,0.000308619416575873,0.00895459935202989,0.0133803271760957,1.50565655162892e-10,0.143764519721235,1.02216712202358e-06
"z0012522",0.97304925058576,0.00857823048739623,6.92606977445632e-07,5.9600226260544e-05,0.00509422584512407,0.0110862300384668,1.42945774671286e-09,0.00210307037561102,2.86984049464309e-05
"z0012523",0.165590169868346,0.0593542868047153,2.66537414588855e-08,0.00893952707383232,0.0527613335802295,0.713222265089497,3.07698196636352e-11,0.000131613024038418,7.77874830017688e-07
"z0012524",0.984442730323174,4.5933881876374e-05,7.63137852297702e-10,0.00011141872045243,0.00201973344326269,0.0132771923663827,5.13892286803775e-09,7.83824571110557e-05,2.46029056797342e-05
"z0012525",0.877293982413833,0.00022954896802424,0.0608020026468837,0.000115868036444989,0.00499629997845399,0.0274684857894869,2.68916163529616e-07,0.0266018445204217,0.00249169873028742
"z0012527",0.359554415682158,0.000213873829060921,3.54672153843135e-13,0.00600080362327201,0.0770882665867304,0.195505492181121,8.43051004729245e-07,0.360604190825668,0.0010321142206309
"z0016882",0.000140886812605184,9.2369275831829e-08,0.999855824042318,1.121008339964e-08,2.01419655080296e-07,1.86141081794122e-06,4.88226851415678e-13,1.1114725526578e-06,1.12622037858357e-08
"z0016883",2.10015050212941e-10,1.71526318806051e-11,0.999999999570361,6.59997549587931e-14,2.27603696131935e-11,1.78079100534289e-10,3.64851136431798e-19,8.41243722058226e-13,7.24733022795119e-13
"z0016884",0.0652839739544048,0.000705473323816209,0.917312966047667,3.56799010631676e-06,0.00374298720563499,0.00968667946989555,4.0839636387065e-12,0.00326414004828826,2.11956102627426e-07
"z0016885",3.34189923667245e-06,1.96577074205839e-09,0.999996492281736,2.78608372416813e-10,3.02166725073114e-08,1.32000827933582e-07,2.41232935159809e-17,9.66111525392923e-10,3.910357984115e-10
"z0016886",9.66913943145921e-06,5.91585400404205e-08,0.99999013364793,5.01968570981556e-11,5.161111951894e-09,1.26578438242729e-07,2.83827967797856e-15,1.29417202855338e-10,6.13493107566464e-09
"z0016887",0.0130103385836171,3.4553428641847e-05,0.986462745702887,6.33226114701738e-08,6.68809020709775e-05,0.000277108660356646,2.45447786638729e-10,6.64009633337533e-08,0.000148242753403296
"z0016888",7.56567510072926e-09,3.26673282568377e-10,0.999999984205172,1.52622111141377e-12,4.94401885415286e-09,2.84686025903973e-09,6.63486592387591e-15,3.42965174036896e-11,7.57710140796068e-11
"z0026450",0.0791310776552155,0.30418379702619,1.59956593120763e-14,0.000254279070472009,0.495092952711967,0.0914924898612345,0.0289475896242304,0.000426559534519672,0.000471254516154721
"z0026451",0.0272135280715229,0.923573718274771,5.18291137500775e-06,8.27537731391086e-05,0.0347828767435552,0.0129945438421855,1.4766811737409e-08,0.000120573708981414,0.00122680790765854
"z0026452",0.0634338084096986,0.850391005112775,0.0143106332876882,0.00357318636680441,0.00814874776339667,0.0577775413688348,4.01765711373518e-09,0.0020943419076767,0.000270731765469099
"z0026456",0.00120588211071829,0.995178900882311,1.75123551890228e-06,0.000109932229355855,0.000558581872015748,0.00265302303694682,1.16311568355837e-12,6.45105528875906e-06,0.000285477576681701
"z0026457",0.152953538490303,0.743179005191925,2.95633101774682e-10,0.00226829019866079,0.0208789349470258,0.0769887137163316,3.44590924859857e-12,0.00345211207220542,0.000279405084469856
"z0026458",0.0681745468640778,0.659565738396234,5.79901629358709e-09,0.00785182147383705,0.0427928772360303,0.220017404027418,1.30454181439692e-06,0.0014682631477168,0.000128038513855835
"z0032021",0.0199249843174006,0.897360764119481,6.07149078721227e-11,0.00270830857174829,0.0408099349715234,0.0379558599103585,1.58626737688437e-07,0.00117953981216934,6.04496098659399e-05
"z0032022",0.308190961665695,0.0109864771708312,8.46495788181144e-09,0.0227190524593044,0.105915462758531,0.537651682523988,0.000326910282885446,0.0141290727231104,8.03719506959718e-05
"z0032023",0.0168580678928738,0.92963586856363,2.84081279312808e-07,0.0028611861256956,0.00171776040109586,0.0486906279442613,3.26112622474393e-10,0.000167448679947679,6.87559851035504e-05
"z0032024",0.378894324618755,0.343178957530277,1.03531951034523e-06,0.00113219571085047,0.097882164865323,0.136529456256852,1.78068492496283e-08,0.000148574604122399,0.0422332732874604
"z0032025",0.0620933731245795,0.926865145380426,2.13061640969719e-08,1.3833689538962e-05,0.00411866106004068,0.00688757258270865,3.7744829304885e-08,1.46554207589924e-05,6.69969095380864e-06
"z0032028",0.49472223075797,0.18300558648544,5.08251754211611e-10,0.00510600940767332,0.0803150900244567,0.231319538312286,9.15466661210493e-08,0.0011618487659818,0.0043696041912746
"z0032031",0.0511196158880327,0.745764969246428,6.44714180933836e-13,0.0522295224017659,0.107415460432558,0.0433038580078521,2.91896157548933e-05,0.000135738172992706,1.64623397096244e-06
"z0035352",0.0906014240522673,0.00845634057605398,3.37712453797212e-11,0.613647622257538,0.113524471444782,0.154735187860515,3.63892660780242e-07,0.019034482859033,1.07023378457681e-07
"z0037412",0.0531443030558998,0.146876462406727,1.729250795461e-08,0.13721412949675,0.338310506396327,0.313267113707379,5.30416468748903e-07,0.0110818917216257,0.000105045506314742
"z0037417",0.0434321758040155,0.000761647365664227,2.23458349696482e-08,0.00242433458380715,0.748715661384129,0.192414423707826,7.8621698317346e-07,0.0122170596705148,3.38889212252262e-05
"z0037418",0.364921758896931,8.32960121324403e-05,3.67867254490003e-09,0.00105867004677907,0.205991102730024,0.405944420296967,5.63954790571877e-05,0.021870994356329,7.3358503108505e-05
"z0037419",0.0564918662788506,0.0056240461169486,1.39546481810699e-07,0.0184783189514434,0.735034306807912,0.182390718937227,9.31982475751006e-07,0.00167204972967816,0.000307621648982686
"z0037422",0.00507276504142025,1.39080079769529e-05,1.94208386746348e-10,0.000450323649457417,0.788782810589187,0.204289701909182,3.40173297362186e-08,0.00138850574217363,1.95084906471557e-06
"z0037463",0.304486718382417,0.000702548315762492,6.83540737915034e-06,0.00973232927452323,0.199206538144189,0.484171770369808,5.24110930733801e-05,0.00163234521559247,8.50379725574951e-06
"z0037464",0.298139383298458,0.00028392601994329,2.09487725486553e-07,0.00121326036252247,0.122882007212764,0.0959836050794055,0.107521774395998,0.37393847859067,3.73555525121569e-05
"z0037466",0.140424184033242,0.0039581728695525,2.88085290421865e-06,0.0186310217089794,0.616262858418752,0.218260684254194,3.43867327111201e-06,0.00245566602672375,1.09316238224576e-06
"z0037467",0.067715784600248,0.00075845302867788,1.45379290578388e-10,0.00792557027173991,0.86047702431231,0.0612873677602855,1.86982189723091e-08,0.00126569417399407,0.000570087009146438
"z0037468",0.00260388874894736,1.13114005319474e-05,5.41442057333453e-10,0.00269928978745466,0.933510314785125,0.0601737423382329,2.57760481714156e-05,0.000975587015212017,8.93348829949138e-08
"z0037471",0.0273970103608525,0.000191812092293697,1.63434825173783e-13,0.343016765444684,0.10615872285684,0.514192225792473,3.74224511665495e-08,0.00904337213875766,5.38914851481501e-08
"z0040942",0.0137285762438084,0.971627868838481,2.13095520368339e-11,0.00105109068884275,0.00104704281090374,0.0124016280601379,8.41499018753277e-11,3.46543327832411e-05,0.000109138919583816
"z0061449",0.439013158602122,0.0264873503053974,5.39743943514887e-11,0.0591957626262473,0.151725774448117,0.254541164182497,0.000402436161190674,0.00729581110349737,0.0613385425169567
"z0061452",0.107585328015346,0.00575507212829213,8.39445818474711e-11,0.0903805666263468,0.026960477909814,0.405980399752491,7.05999612449366e-06,0.363315872967442,1.52225201985718e-05
"z0061453",0.0572161540905949,0.0135162339168099,9.56674677669412e-09,0.00118661848546782,0.0265833997952679,0.900813803594359,5.46635721875247e-09,0.000297876550880728,0.000385898533515895
"z0061455",0.605335547550438,0.0062098907439212,1.13583395616294e-10,0.000705681947455171,0.205763970728139,0.181735742752125,1.41301474104398e-07,0.000211407309961571,3.76175529032071e-05
"z0061457",0.843669750617344,0.0020688376991137,3.69417380453007e-07,0.00542588648361547,0.0216381455130011,0.117377184464843,0.000329854015347039,0.00947513780949829,1.48339798575205e-05
"z0061459",0.839467159048683,0.00220740372017626,0.0475166581651998,1.99763359340791e-05,0.0462283205885166,0.0593983119021673,2.77698355520978e-07,0.00282507507657437,0.00233681746439291
"z0061461",0.923328601558872,0.0271175454856432,3.97921142572626e-05,0.000675470730402726,0.0115101827433828,0.0257103399232018,1.19344274927243e-06,0.00301740979018743,0.00859946421130322
"z0061462",0.341620422359219,0.000332848991034593,8.20811220939727e-10,0.0212868857002352,0.353356788595207,0.28221949446206,0.000497776410357162,0.000609996481590232,7.57861794856483e-05
"z0061467",0.650220786436149,0.000262787438813427,1.23175190037665e-05,0.000273650710296239,0.082466502975108,0.137714006081893,1.52409062923494e-07,0.0978663908008395,0.031183405628834
"z0061468",0.523919338023206,3.86366975619439e-05,3.73930432011264e-06,0.000703970567478233,0.157896546931031,0.306549366495123,3.15056811116519e-10,0.0107205483727597,0.000167853293462813
"z0062622",0.462248926727552,0.00021401276130348,2.45755298703422e-10,0.00347637779530031,0.2215200370721,0.0856691311386587,0.000206167645285936,0.0237919228299352,0.202873423784109
"z0062627",0.202183597939291,0.000312112352724192,1.19163285532856e-09,0.0048564202085435,0.517160179278459,0.274477220822909,1.500281700735e-09,0.00100835313333732,2.11357282106891e-06
"z0062630",0.0923307703107428,0.000588618168257261,3.49899087833111e-13,0.000199497631424981,0.38419335093769,0.511862678313256,3.1784529143397e-07,0.00922494316517792,0.001599823627809
"z0062632",0.263743297843426,0.000248213505063656,2.38939030250286e-12,0.00675456180156406,0.279572021162584,0.448844616944687,1.92744250369226e-06,0.00050801189218915,0.000327349405593594
"z0062634",0.0861613005136322,0.00615489986860312,1.26259417783669e-11,0.0135906774374617,0.226172170777322,0.65685974224279,1.06864757276678e-08,0.0110581806860013,3.01777508828798e-06
"z0062636",0.0306768346186693,0.000705149515864236,6.19544393748835e-12,0.00233389049303178,0.831527782970508,0.126211700100392,0.000194740624956056,0.00834930207849979,5.99591883424292e-07
"z0062680",0.217474072761099,0.000308475291369548,0.00172695861330702,0.000662680898245573,0.54775895895522,0.231902011387577,8.0279610240422e-08,1.4972913696738e-05,0.000151788899875949
"z0062681",0.237399926589796,0.00254604801044135,1.52586068191625e-08,0.000162536623773577,0.568913826473443,0.173157255012995,0.000183865451209944,0.0139429953177505,0.00369353126198439
"z0062684",0.120115329352617,0.0182961650131701,1.69514246105036e-09,0.0174975622128444,0.224281545158849,0.617531622504392,9.98652468528721e-06,0.0022614766638995,6.31087440011975e-06
"z0062686",0.121987652277751,0.00824892600824653,2.06013604020488e-07,0.00370801517612594,0.128724419048941,0.733524705346206,1.94692866019833e-05,0.0037831382869523,3.46855557180737e-06
"z0062687",0.0924254311971411,0.000620097310294399,2.87394907555122e-08,0.0101444122325142,0.344591051198881,0.541301055145409,4.14879192689952e-10,0.010889573668678,2.83500927115266e-05
"z0062690",0.400878520294927,0.0169702906390458,9.89960643577554e-11,0.137079655423405,0.086046691832271,0.33937230294827,1.03202950874791e-05,0.0194539887109006,0.000188229757096779
"z0062691",0.283775324498127,0.00501922556381093,7.3971431671861e-09,0.0110410723242988,0.0933655482443052,0.604900009306195,9.13052473288156e-12,0.00187319896494106,2.56136920487119e-05
"z0062692",0.0469909111354718,0.00044585311768778,1.39786226361928e-11,0.00138399465913634,0.185949701596998,0.765071680487166,1.23144961172253e-05,0.000142492496394738,3.05199704953936e-06
"z0062693",0.626319342763994,0.00891131674350464,6.41715807276045e-08,7.46455433975916e-05,0.00328847207070958,0.319823638077019,2.47701022257139e-10,0.0371891658922851,0.00439335448980797
"z0062694",0.139705954604946,0.0550450333828509,1.11105513557468e-10,0.148328043082909,0.311648527535953,0.344419785702286,2.22733721405702e-05,0.000823536796407622,6.84541140141268e-06
"z0062697",0.112574461642828,0.00223527824507529,8.70296302677446e-09,0.00138288911228593,0.186599765704115,0.691542519412671,2.08506486407702e-09,0.00238700885455199,0.00327806624044425
"z0062700",0.112599046752789,0.0817139233661927,1.27281998307449e-10,0.0362348340827361,0.311200924132729,0.336499181644506,0.00777344372446586,0.113978098189097,5.47980203468385e-07
"z0062701",0.372299208060005,0.193873776334977,2.16733071760069e-07,0.0329982899182543,0.285281353152779,0.099360315781197,0.000269622131355653,0.0159116115547996,5.60633356082469e-06
"z0062702",0.370510168806932,0.00065517681568131,6.0636115130089e-06,0.00283675998681163,0.255270412906919,0.347858764178951,1.61855806325509e-05,0.0228344412263297,1.20268862302273e-05
"z0062704",0.0465466581399565,8.82181323762924e-05,3.48556107234693e-07,9.76025799306847e-05,0.589973132269077,0.346896450030418,1.45325932894518e-07,0.0162967061924789,0.000100738773722813
"z0062707",0.0117975524537965,2.8446455772201e-05,2.66171004124321e-09,8.37963647570982e-05,0.208834381986104,0.778586437599278,8.74037005249198e-08,0.00062462345654799,4.46716183332962e-05
"z0062708",0.0244784307282729,8.39010422524566e-06,1.20717143966989e-11,0.00279223870704512,0.116425387911545,0.853090434183483,0.00140933057042161,0.00179157808577486,4.20969716072111e-06
"z0062709",0.0088373809265865,0.225692838884876,1.18660471503248e-09,0.000757495180593562,0.0991414600112997,0.663353807005619,2.27279232981452e-09,0.00177633064851367,0.000440683883114279
"z0062710",0.240384899148812,0.076835109964927,3.25808217989633e-09,0.0165745890484247,0.370914626440877,0.285690864782282,3.55251541334338e-07,0.00932832939224072,0.000271222712813216
"z0062712",0.064760459170967,0.00468713745790008,1.65764612030338e-09,0.0329379365924184,0.107229954646828,0.790251054461615,6.93327080748372e-09,0.000133096850558111,3.52228796774975e-07
"z0062715",0.132205412141873,0.000665552902808799,2.12043081742442e-08,0.0150221651177753,0.20358671262817,0.643537212392202,5.80366827720713e-05,0.00347281444345269,0.00145207248663751
"z0062716",0.0151177841336146,0.000222777735222296,5.58296512800958e-09,0.00332756425205959,0.413023244907547,0.567895859188136,0.000304649555093668,7.08499131787362e-05,3.72647321829739e-05
"z0062717",0.0417452376043392,0.010077771917263,3.78115917694959e-10,0.0242172945173192,0.577989876302541,0.34167279530214,1.05191835924075e-05,0.00204415649364206,0.00224234830104732
"z0062718",0.0519014154857672,0.540250499548524,2.08757154395508e-09,0.0019521801335061,0.126097268454964,0.279756492241149,1.00265610158337e-06,3.35352261722417e-05,7.60416624409575e-06
"z0062720",0.0107964897190241,0.000183551796526358,1.2205926411711e-13,0.359725231297346,0.100268209882573,0.521817289237791,6.3140123111002e-08,0.00719340127812618,1.5763648367836e-05
"z0062721",0.0814671356141658,0.00386860693685775,0.000510095548600887,0.00741701347669752,0.0491130514547004,0.857234777965282,4.21261421420653e-08,0.000387104397742268,2.1724798106534e-06
"z0062724",0.145671642014992,0.141088939587146,2.83372005779163e-08,1.41972398058847e-05,0.0953135556423541,0.610588140333101,1.08031898724388e-07,0.000312465934289263,0.00701092287921274
"z0062725",0.184793302059125,0.00229226196274577,5.0311330652904e-06,0.00447207221636597,0.42237693144345,0.364834584710021,2.08571442379474e-08,0.0212256172863665,1.78331717254295e-07
"z0062726",0.253039382700954,0.0190923420126649,9.21164616827351e-05,0.345057646842744,0.0794453876743903,0.293935252970853,5.48051376541022e-08,0.00921466258394706,0.000123153947626781
"z0062727",0.0368021499054947,0.00014753433960444,1.80771680220292e-09,0.00603925161178555,0.0403644381458507,0.916349614761443,4.9091652495511e-09,0.000296529795755082,4.74723184175508e-07
"z0062729",0.0453075522849069,1.74462610003684e-05,4.144840228388e-12,0.00685465436251357,0.387695346380588,0.556957412611935,0.000482908609284495,0.00268467362529725,5.86033023890907e-09
"z0062730",0.0528980317721338,0.000513334091463809,1.80056894238653e-10,0.347610288831773,0.185594052749186,0.411091485755196,0.000376564592206481,0.0019157169363432,5.25091641358399e-07
"z0062731",0.0881337329753302,0.000111068812925578,1.08207525292539e-09,0.00458867631162594,0.274232621981021,0.632715498993984,6.49411251153011e-07,0.000217362814345664,3.87617441451755e-07
"z0062735",0.0757475937863148,0.00643036146406132,1.67921336819412e-12,0.0320401714797139,0.700132274841147,0.154282443764669,2.2822978441804e-06,0.0313626369480343,2.23541653614288e-06
"z0062736",0.108994076693118,0.00565249601960776,2.06811789001889e-08,0.0054262772039339,0.773756734135926,0.105740636593406,1.84868781991395e-05,0.000410823998894045,4.47795736063549e-07
"z0062737",0.199996334691537,0.222911658965463,6.6352197742446e-09,0.0134059091982609,0.0956657627338749,0.418890502606574,1.03574750516661e-08,0.0491295615819964,2.53229598155755e-07
"z0062738",0.131096513769768,0.00144965678404061,1.43417833460519e-08,0.000278929192803865,0.23027411340444,0.631160309863959,3.3214947349119e-10,0.00519627987963601,0.00054418243142026
"z0062740",0.366830355266546,0.00230301936236475,3.25279523266873e-11,0.05612622413266,0.266450414511124,0.288653658449791,6.0989006697909e-09,0.0195441534390257,9.21687070602321e-05
"z0062742",0.0125790699402359,8.07831013772561e-05,4.57539555234462e-11,0.00025637409304202,0.683223037395885,0.303647558224069,2.06713817000339e-10,0.000161360926752891,5.18160661700219e-05
"z0062743",0.263578041217228,0.00233000728520265,1.07965193199838e-09,0.00142906555319674,0.118458721829729,0.609385548369738,1.34217087777482e-07,0.00317667999964543,0.0016418004485207
"z0062744",0.29607230600189,0.202361592886473,1.1428177049064e-05,0.000126646410998744,0.00136022628868645,0.301560900012189,5.32919342687173e-09,1.34314568705791e-05,0.19849346343665
"z0062751",0.112225447690395,0.000924569225392658,1.12019822426982e-10,9.9465933729928e-05,0.0557624886187618,0.822909888341546,1.12159713994068e-06,0.000534808804761041,0.00754220967625329
"z0062752",0.0302618551452613,0.0155794911551254,3.01241625482545e-11,0.0399269031150386,0.331957050760204,0.578042858968719,8.95527064068826e-08,0.00419863626886448,3.31150039570879e-05
"z0062757",0.268173998612343,0.001354021609481,1.17182161709172e-07,0.0101921134246166,0.220391622618605,0.49927349640874,2.80021447160618e-08,0.000592444131778929,2.21580101300968e-05
"z0062761",0.00532766938134397,0.0230649943771505,5.59360437317668e-14,0.579503944573674,0.183271688820579,0.204414550324501,2.05178018687435e-10,0.00441707152335364,8.07941634134323e-08
"z0062762",0.186481178888197,0.00198328732244553,6.5494293104161e-11,0.00435056961834791,0.261544032793752,0.368900798635572,4.7494921596901e-06,0.176727738963924,7.64422010797843e-06
"z0062763",0.438529643566944,0.00703758873361259,2.50155171345877e-11,0.00981107409758911,0.0517256654970407,0.449798662719961,5.72556157025474e-07,0.0328319829556939,0.0102648098479864
"z0062764",0.505968697459229,0.00290952595181916,2.42611989952111e-05,0.0388263648001885,0.217159379397186,0.232988470433271,5.57925196696862e-09,0.00207182921323142,5.14659668282955e-05
"z0062765",0.18454939957278,0.0183530156738432,8.68583551385637e-08,0.0181023722795384,0.409780821504052,0.345063732320712,0.000266148943001371,0.0231720201490744,0.000712402698643778
"z0062766",0.891292848637809,0.00593459889328296,6.37300231312839e-06,0.00363447012741218,0.00517845515450261,0.0922569474026921,2.51976619139006e-08,0.00166088234748009,3.53992368461248e-05
"z0062769",0.0331754103006192,0.000576517384024055,2.56665186354906e-12,0.004951096178215,0.459393554336122,0.481606903588807,2.24010729292687e-06,0.0202300693052503,6.42087971020159e-05
"z0062770",0.108211954095865,0.000811182255260663,6.76047118793516e-08,0.00258449007797002,0.0901560587301875,0.795526389122462,5.88307598709069e-07,0.00218619371036353,0.000523076095580513
"z0062771",0.422788251054243,0.00392463014682944,4.18030717210123e-06,0.000293746343165602,0.0641158593281153,0.506067991623295,6.94585157723818e-07,0.000625968560732167,0.00217867805129039
"z0062772",0.125471834679876,0.00740447400343342,4.43329241025473e-12,0.00156854695017395,0.36481909678386,0.490562972916281,4.95229853381949e-06,0.00588019422349022,0.00428792813991754
"z0062773",0.284770532184449,1.76467444540782e-06,2.17272607120481e-08,0.000545448727495573,0.440583653101385,0.240937164304148,1.6974191343585e-08,0.0331533822977352,8.01600888958292e-06
"z0062775",0.303813961728376,0.00086511819868655,1.99703590904425e-06,0.0010740168061785,0.122197559290714,0.426008455294313,3.01063996148871e-07,0.146036688354225,1.90222760139707e-06
"z0062776",0.268436622294374,0.0162748396861911,3.50617934893555e-08,0.00060274154153931,0.389066802370002,0.314204502626449,1.80288135220227e-05,0.00466740533902934,0.00672902226710002
"z0062779",0.00749321531338661,0.00169224372796875,9.12453003683886e-09,0.0100910031511457,0.359088602222514,0.621518732689679,9.30419750664778e-08,0.000115885965947671,2.14762853721594e-07
"z0062780",0.0759883703918007,0.00253277715392833,8.4665732446317e-06,0.00315646832248855,0.067642782675146,0.849412396701793,2.38015165164777e-09,0.00125812080702981,6.14994417736751e-07
"z0062783",0.334435052769379,0.000128969900256607,7.27122528103779e-16,0.0177897727404823,0.386879489819829,0.146199457263011,1.84363217777944e-08,0.114545770192303,2.14688784160239e-05
"z0062784",0.876531570077332,0.00672293566080186,4.29420685649509e-08,0.00589193525084217,0.00636875613305698,0.0957131962707999,2.03195254790275e-11,0.00734029920570778,0.0014312644390712
"z0062787",0.181887091501255,1.71446288028647e-05,3.10306493676505e-07,0.00261740259820395,0.163907888950524,0.648714149192748,1.50072901310679e-05,0.00272017630581401,0.000120829226028373
"z0076691",0.00693849876678033,6.96379154288319e-05,6.87630328214593e-14,0.00020976476575965,0.908462492528508,0.0760168390224548,0.00557400682791041,0.00269702602116916,3.17341519205957e-05
"z0076693",0.0213780773298647,0.000106460907245084,2.06949442981435e-10,0.00245553457491023,0.629787666747594,0.345663167197678,4.90034915538769e-05,0.000557393794031601,2.69575017242154e-06
"z0076695",0.0189972022706991,7.32533930601548e-05,4.4706316204172e-08,0.000411978360489319,0.505357175286815,0.465692704772276,0.0037776372135589,0.00563738585629733,5.26181404874805e-05
"z0076697",0.293722287040723,0.198613472568206,1.79216766600089e-05,0.000809385173840533,0.431294883082937,0.0753615888955873,1.08936048740792e-06,6.33792464583966e-05,0.000115992955100235
"z0076699",0.0431576067147325,0.0102348081490726,1.08865389825583e-08,0.000569888784866851,0.432017326713096,0.513521968618521,2.18476864086134e-09,0.000310309298122663,0.000188078650281309
"z0076701",0.00798383752687126,0.0044136428786492,1.12013681525895e-12,0.00573772941787363,0.934282781278851,0.0453701817944927,4.84476636258005e-07,0.00220914497637156,2.19764913426981e-06
"z0076703",0.142195729768145,0.000987514570615629,3.27431790332142e-10,0.00373313471931704,0.418638375954939,0.421145876565721,2.59784378131098e-06,0.013237372735202,5.93975148465969e-05
"z0076705",0.02425240596291,2.34770004625318e-05,1.24402421045189e-10,0.00276608325824081,0.381179789936633,0.57420466197955,5.14122356587561e-09,0.0175735309641239,4.56324547657208e-08
"z0076707",0.227502214577753,0.0312581458275553,9.90128569380943e-09,0.0116538307796229,0.164633300185811,0.548370869819843,1.43588910150695e-06,0.0163244761362273,0.000255716882800914
"z0076709",0.258210343341293,0.00715170610843802,2.16899013447324e-09,0.0213809436202868,0.365957784240754,0.330593139327547,1.37655619926194e-08,0.0164833819447063,0.000222685482422959
"z0076711",0.365407311595482,0.0185882308338396,1.90873828985617e-11,0.0347394803627491,0.371059666156111,0.203661148335296,3.00281166184054e-06,0.00653549002659949,5.66985917309302e-06
"z0076713",0.0840125134866217,0.0485386601066341,3.19799868145469e-10,0.00923241898258519,0.525810677960841,0.330190528572131,4.50061907799732e-10,0.00213482897785314,8.03711434717977e-05
"z0076715",0.309669555766455,0.0960983054324249,1.1239830937908e-09,0.000452335493020375,0.542225932618326,0.0513189113628507,1.97815754770794e-07,0.000149242024478685,8.55183627069994e-05
"z0102589",0.0563024820789168,0.00932266566920852,5.08084080408948e-11,0.00083808981273289,0.499855930094273,0.312605791954697,0.112348755076129,0.00872331514212932,2.97012110548865e-06
"z0102605",0.244528576641455,0.383963756187031,1.49888140860288e-06,0.00963930509580163,0.189855260612729,0.171334896854102,7.64276532389382e-09,0.00066554361840968,1.11544662985854e-05
"z0102610",0.439477466944786,0.00011294044717857,3.70530194278594e-06,0.000890020058684445,0.45920957255063,0.0936002047585258,0.000336138298486669,0.00636965706508475,2.94574681240826e-07
"z0102616",0.00279563548982059,8.25271463803683e-06,1.71123316477008e-12,4.31454454041856e-05,0.771662148195832,0.225486685287339,2.05163294628708e-09,3.90414320989094e-06,2.26670411788625e-07
"z0102682",0.0569042387536802,0.00556432711828712,2.67359601866194e-11,0.0657413226180324,0.719850552682606,0.149656016570577,6.7594081954168e-09,0.00226319271598718,2.03427546859599e-05
"z0117088",0.00590490996313203,0.000163894710659084,3.8443973841392e-09,2.15887006159803e-06,0.00226359387515585,0.0010618146417508,0.989535155371465,4.76304927899235e-05,0.0010208382305883
"z0117094",0.000740804306608375,2.00572046372871e-06,4.4457547057439e-13,0.000632659915014857,0.0111879230941549,0.00303800520205318,0.984322730617278,7.58707996637567e-05,3.44318471735393e-10
"z0117103",1.05858318470602e-06,3.6748604100219e-08,2.35443251584944e-19,2.67434362516655e-06,2.17196826157434e-05,7.161863590101e-06,0.99996593042637,1.41810115062086e-06,2.50859172940463e-10
"z0134055",0.152363517851002,0.0010023790865047,1.06514722452324e-08,0.104166591747435,0.134616131932858,0.3810365552157,4.91073131077741e-06,0.226017237107688,0.000792665676029444
"z0134059",0.530099253567632,3.28516514378243e-05,1.27297784053371e-09,6.34746868639581e-05,0.407237885769317,0.0548021801492028,6.66748712773908e-05,0.00765249547690113,4.51825543900003e-05
"z0134061",0.0841105459682565,3.60264038609917e-05,2.39092524310029e-09,0.0085812847506433,0.591211647477796,0.287520715358823,1.66586617251613e-07,0.0285393606076752,2.50455401837564e-07
"z0134066",0.114030900438303,0.000647824458063903,3.4360174890508e-07,0.00249133714304848,0.637072518425203,0.209344195703728,1.78408137295548e-05,0.0363523981905776,4.2641225598068e-05
"z0134070",0.00172068565759006,0.0110434435056582,3.60206421015259e-12,0.147305762756011,0.183562239652623,0.654274960661421,1.7435128244307e-07,0.00209256056434561,1.72847466537477e-07
"z0134074",0.691904972474057,0.00362035237901415,1.12690432789389e-07,2.16714962802793e-05,0.148402585857174,0.152611150046871,4.01988605822964e-07,0.00332552028055333,0.000113232787011807
"z0134087",0.103434797660178,0.16415736105586,6.32304876910632e-12,0.303051242637722,0.1770584950913,0.238040776230883,2.94560760523955e-06,0.0107011925004289,0.00355318920970053
"z0134095",0.0342733818056547,0.00320497795387328,1.17691810581604e-13,0.00773181402577704,0.46429238652862,0.490272317571982,6.24864530621983e-06,0.000190363839529542,2.85096291394335e-05
"z0134097",0.0216877141128866,0.0210458400969391,1.3282212544717e-09,0.0175210130332838,0.814174358296824,0.125119456040961,2.68678381558489e-05,0.000424686154057519,6.30986708670611e-08
"z0134098",0.321911546232933,0.0139141329344013,1.31781508058301e-09,0.0184279701072147,0.304751605650196,0.332566668637453,6.22827174310206e-08,0.00819564718799015,0.000232365649279583
"z0134101",0.0370198837215705,0.000987800826233101,1.45876335682781e-07,0.000115048019784284,0.830512159978924,0.131192653817794,1.03586230407853e-06,0.000169777484563567,1.49441249067611e-06
"z0134108",0.0184054640982004,8.62450733174366e-05,1.47497721690499e-10,0.0146960619692984,0.615443965951583,0.345651055002987,9.12366001668378e-08,0.00566475440062608,5.23621198895414e-05
"z0134109",0.105730624836581,0.0149223850007041,8.38956643108662e-13,0.0484896334205201,0.68414884384712,0.143321925629625,1.32301903398825e-07,0.00228510129985907,0.0011013536628474
"z0134111",0.0425849137472144,0.0171709019974141,1.54902994124437e-10,0.00182109776405913,0.560973203097812,0.376548096917227,1.99591621832766e-06,0.00089505412025436,4.73628489691897e-06
"z0134112",0.113405269148073,0.00144381063387242,3.04026321713062e-09,0.00115484073091539,0.718627693401943,0.163904514599462,2.88246490579459e-09,0.00146385092985348,1.46331528907665e-08
"z0134113",0.228234907607845,0.0156705002915247,1.56696546987626e-10,0.00367722808262164,0.299198071182087,0.445831792516086,1.07844528868946e-07,0.00251211849417988,0.00487527382442967
"z0178009",0.0630460341730723,0.0150434114735309,1.57376480574053e-10,0.398409972827377,0.100779713281234,0.413437180459886,1.23730431197545e-05,0.00926720333321946,4.11125118535136e-06
"z0178011",0.0871231724776264,0.0122605451174638,2.49521683157658e-08,0.0155860921259406,0.442432659403635,0.439708751405155,3.98505146585448e-07,0.0023243333693192,0.000564022643544815
"z0178014",0.00625292757785361,1.14437984248587e-06,3.21717479982746e-13,0.670976204865525,0.0816719117775363,0.230562377732674,6.00358067967713e-06,0.0105294293917641,6.93803196883453e-10
"z0207730",0.0182925140531664,0.003041625530426,1.89613481806581e-12,0.878414220487083,0.0334965791852296,0.0633725254283788,2.04121455655098e-07,0.00336743032329479,1.4900869069398e-05
"z0207745",0.0661082315754015,0.00610454534792763,1.02903046683902e-09,0.503603122705411,0.072133712665401,0.351776194825923,4.02578894402884e-09,0.000273282888262375,9.04936853907352e-07
"z0210588",0.258998483551223,0.145328713139556,2.74737636627437e-09,0.0512757577526758,0.255665683927905,0.211790847998292,1.00962069457275e-05,0.0768459497244359,8.44649515903782e-05
"z0216904",0.00334859080776356,1.17558984369523e-06,6.99776132161786e-12,0.00075900876907748,0.000227775923773709,0.00202330666011258,1.19870283251971e-09,0.993625895736087,1.42453076412473e-05
"z0216906",0.640646138763409,0.0210174223551178,1.06329882468081e-10,0.00217066690775265,0.180075842458598,0.138700299270769,2.6471951802217e-06,0.0163499399477406,0.00103704299510291
"z0216907",0.560482050426476,0.000672991342152317,2.56894116466184e-10,0.000698285370376142,0.0388970969186637,0.0148014220193633,9.40808802827788e-05,0.384086142107269,0.000267930678522182
"z0216913",0.0300022825483737,0.0010501678931458,2.23083254900769e-11,0.230537054074289,0.250602403772544,0.175676316238475,0.000105785755869975,0.312023768743619,2.22095137402366e-06
"z0216918",0.0543175886865933,0.000478269003655607,1.16343303313744e-07,0.0265249442960796,0.526271186123392,0.366674788450453,5.78701720898846e-09,0.0257039361873621,2.91651221439494e-05
"z0216926",0.192068275086723,6.95356429643587e-05,6.12021508160109e-09,1.00603616053501e-06,0.000552415872154944,0.00832236316838731,1.30674646621451e-09,9.42946520517326e-05,0.798892102114596
"z0216927",0.0286582277770017,0.237723481561618,5.67599732217381e-10,0.000228395558399434,0.099586072993743,0.0769620178746685,5.47700894155654e-08,0.00114614529733254,0.555695603599548
"z0216928",0.0906751419255263,0.000529277118918909,5.28052063780966e-11,0.00032079679555592,0.00700530889807123,0.0338592104460228,1.79326492184514e-05,0.00113168710432297,0.866460645009558
"z0216930",0.111993691516015,0.0446586361866181,7.62007769441564e-05,2.07130513846093e-06,0.00258351093818376,0.00202202138639779,1.02264794851598e-10,0.000201386918683955,0.838462480869754
"z0216931",0.733878055795415,0.000275899847583149,1.30779815044839e-08,4.31365210710497e-06,0.086773290190148,0.0724335588196861,1.11817740503688e-08,0.0124999285411699,0.0941349288941349
"z0216932",0.585466397076493,9.51175772440019e-05,5.29140163418977e-09,0.00319394326280056,0.260124169346186,0.118262135539678,6.69306178236202e-09,0.0324898739121681,0.000368351300966985
"z0216933",0.437658128328708,0.00109436429396156,2.10408844004719e-06,0.000566235545870176,0.422458528206291,0.13427952319574,5.49850559874762e-07,0.00392338370380557,1.7182786625371e-05
"z0216934",0.0200880687721355,0.0725275809478594,4.92255292878551e-08,0.00793656224807935,0.626925489725832,0.25611923413809,1.53213698370982e-07,0.0160161566862227,0.000386705042553929
"z0216935",0.778219232740625,0.0714008416394953,5.90862059656369e-07,0.00014852602084551,0.0041745210611721,0.133218408240841,7.97902269711717e-10,0.00242053082056586,0.0104173478164934
"z0216936",0.849350713717653,0.000389706092639736,0.000148933771915626,0.000131946644009585,0.0290847323560721,0.0179385094536932,2.11405866412641e-10,0.10245477275078,0.000500685001830772
"z0216939",0.967545578708293,0.000668448416244294,7.83063571093344e-08,0.00182127904706736,0.0103746097426359,0.0149763007126223,1.00534404386053e-05,0.00437837140685431,0.000225280219486635
"z0216940",0.714239583351101,0.00619462610914621,3.81761939915832e-06,0.000446255214077097,0.0504535298483321,0.227654463926538,3.22840879864803e-09,0.000956936211562559,5.07844914346169e-05
"z0216941",0.481730429524484,0.0111285941769789,3.33529940962086e-08,0.00224432638805779,0.189236341957459,0.313765982197918,9.00755530219678e-07,0.0013894429024393,0.00050394874413859
"z0216942",0.717444510486202,0.0725348782159321,2.26039097058405e-06,0.0088585838228338,0.00338938020904523,0.197389188321018,3.10150537726035e-05,0.000327431685393189,2.27518148319754e-05
"z0216947",0.693821650493275,0.000421586795523469,2.04667460511736e-08,0.000148796647566497,0.104613180786636,0.15898237794538,1.03478498178826e-07,0.0420083415097231,3.94187665129993e-06
"z0216948",0.0754180563150362,0.000608030118896103,1.02301222745025e-07,0.00543843146504742,0.0624327750464261,0.341683681842099,1.94175489387714e-07,0.514414029841734,4.69889404986771e-06
