locus,Indiv,gt
locus083,z0012506,A/G
locus083,z0061461,A/G
locus083,z0061462,A/G
locus083,z0062708,A/G
locus083,z0062716,A/G
locus083,z0216935,A/G
locus083,z0012507,G/G
locus083,z0061455,G/G
locus083,z0062775,G/G
locus083,z0061453,NA
locus083,z0062704,NA
locus083,z0062724,NA
locus083,z0062729,NA
locus083,z0062731,NA
locus083,z0062740,NA
locus083,z0062744,NA
locus083,z0062757,NA
locus083,z0062776,NA
locus083,z0062779,NA
locus083,z0062783,NA
locus083,z0062784,NA
locus069,z0062687,A/G
locus083,z0062694,A/G
locus083,z0062712,NA
locus083,z0062726,A/G
locus083,z0062751,A/G