"locus","Bird's Head-Summer","Bird's Head-Winter","HaevoSI-Summer","HaevoSI-Winter","IsabelSI-South","Malaysia","PNG","num.sig.p"
"Dc00544",0.7136,0.237,1,1,0.4362,1,1,0
"Dc01018",0.2952,1,1,0.4318,0.0842,1,1,0
"Dc01661",0.465,1,1,0.2004,0.8372,0.2356,0.2214,0
"Dc01707",0.3618,0.3268,0.6566,1,0.0988,0.5486,0.9448,0
"Dc01784",0.2506,1,1,0.4214,0.2786,1,0.4918,0
"Dc02951",0.1088,1,1,0.3314,0.6772,1,1,0
"Dc03456",0.5748,1,1,1,0.7632,1,1,0
"Dc03556",0.3944,1,1,1,0.1136,1,0.0738,0
"Dc05864",0.6592,0.7772,1,1,0.437,1,0.2072,0
"Dc06503",1,1,1,1,1,1,1,0
"Dc07300",0.5938,1,0.1386,1,0.4356,1,0.5002,0
"Dc07937",0.0904,0.531,1,1,0.1978,1,0.6572,0
"Dc08054",0.3474,1,1,1,0.506,1,0.5826,0
"Dc08189",0.5496,0.4118,1,1,0.6558,0.3966,1,0
"Dc08463",0.106,0.4462,1,1,0.0844,0.1612,0.5776,0
"Dc08578",0.8024,0.2524,1,1,0.5012,1,1,0
"Dc08865",0.667,0.1264,0.6494,0.702,0.8862,0.621,0.223,0
"Dc10003",0.6256,0.2008,0.1992,0.433,1,1,0.356,0
"Dc10390",1,1,1,1,0.358,1,0.026,1
"Dc10878",0.4908,1,0.2018,0.2014,0.7318,1,1,0
"Dc10885",0.085,1,0.4928,1,0.2782,0.105,0.4708,0
"Dc11203",0.5732,1,1,1,1,1,0.526,0
"Dc11714",0.1592,0.3964,0.205,0.3246,0.3328,0.4748,0.551,0
"Dc13159",0.5212,0.6176,0.4246,0.4182,0.0868,1,0.7504,0
"Dc13592",0.6902,1,1,0.2464,0.801,0.0814,0.2728,0
"Dc14022",1,1,1,1,1,1,1,0
"Dc14945",0.32,0.064,1,1,1,1,1,0
"Dc16747",1,0.4378,1,1,0.6944,0.3046,1,0
"Dc18951",0.0678,1,1,1,0.2122,1,1,0
"Dc20232",1,1,1,1,0.4312,0.7226,1,0
"Dc22883",0.3836,0.7794,0.6054,0.663,0.4498,0.6002,0.5658,0
"Dc22887",1,1,1,1,1,1,1,0
"Dc27955",0.0934,1,1,1,1,1,1,0
"Dc28124",0.5872,1,1,1,1,1,1,0
"Dc28776",0.456,1,1,1,0.723,1,0.6064,0
"Dc30071",0.5694,0.0228,0.3162,1,0.7688,0.1,1,1
"Dc31007",1,1,1,1,1,1,0.088,0
"Dc33714",0.8788,0.475,1,1,0.5352,1,1,0
"Dc33907",0.173,1,1,1,0.4504,1,0.5942,0
"Dc34902",1,0.3878,1,1,0.3604,1,1,0
"Dc35779",1,1,1,1,1,0.39,0.2448,0
"Dc36571",0.4012,0.456,1,1,0.3558,1,0.2072,0
"Dc36616",1,0.4814,1,0.099,1,1,1,0
"Dc36767",0.4166,1,1,1,1,1,1,0
"Dc40235",0.3242,1,1,1,0.6696,1,1,0
"Dc41234",0.6344,0.3842,1,0.1978,0.5042,0.1948,0.6808,0
"Dc46984",0.2026,0.5348,0.085,1,0.009,1,0.6266,1
"Dc47572",1,1,1,0.325,0.069,0.5166,1,0
"Dc47935",0.6656,1,1,0.6114,0.9554,1,0.0108,1
"Dc48207",1,1,1,1,1,1,1,0
"Dc48950",0.3912,0.6946,0.5458,1,0.242,0.5346,0.7156,0
"Dc49080",0.7758,1,0.4356,0.438,0.2228,0.4332,0.5768,0
"Dc49184",0.5848,1,1,0.1086,0.4868,1,1,0
"Dc51020",1,1,1,1,1,1,1,0
"Dc52523",0.701,0.0888,0.1432,0.4338,0.9544,0.6938,0.7448,0
"Dc55481",1,0.3852,1,1,0.311,1,1,0
"Dc58248",0.8738,0.5248,1,0.3352,0.31,0.0042,0.6426,1
"Dc62188",0.892,1,1,1,0.502,0.6774,0.2338,0
"Dc67011",1,1,1,1,1,0.4392,1,0
"locus002",0.312,1,1,1,0.288,1,0.521,0
"locus003",0.3796,0.4772,1,1,1,1,0.5592,0
"locus004",0.1716,0.4766,1,1,0.4902,0.4484,1,0
"locus005",0.6742,1,1,1,0.4172,1,1,0
"locus006",0.4962,1,1,0.1156,1,1,0.518,0
"locus008",0.3028,0.488,1,1,0.0988,0.0196,0.495,1
"locus013",1,0.5336,1,0.1048,0.2062,0.4358,0.5744,0
"locus014",1,0.0438,1,1,1,1,1,1
"locus022",0.0226,0.656,1,1,0.808,0.4424,0.7846,1
"locus024",1,1,1,1,0.3118,1,0.1586,0
"locus025",0.777,1,0.3362,0.4276,0.3634,1,1,0
"locus027",1,1,1,1,0.3584,1,0.1026,0
"locus030",0.5846,1,1,1,0.5596,0.098,1,0
"locus035",1,1,1,1,1,1,1,0
"locus038",0.5772,1,0.4288,1,0.7468,1,0.5546,0
"locus039",0.5892,1,1,1,1,1,1,0
"locus040",1,0.068,1,1,0.034,1,1,1
"locus041",0.3546,1,1,1,0.6634,1,0.5158,0
"locus045",0.4028,1,1,0.3358,1,1,0.2466,0
"locus047",0.5686,1,1,1,1,0.4398,1,0
"locus048",1,1,1,1,1,1,1,0
"locus053",0.5098,0.4064,1,1,0.2902,0.1074,0.5348,0
"locus055",1,0.204,0.4358,1,1,0.4364,1,0
"locus056",1,1,1,1,1,1,1,0
"locus058",0.1622,0.4826,1,1,0.4524,0.4956,1,0
"locus060",0.632,1,1,1,1,1,1,0
"locus061",1,1,1,1,0.0664,1,0.0058,1
"locus062",0.7782,0.1398,1,0.1108,0.7008,1,0.5058,0
"locus064",0.2252,1,0.1456,1,0.6994,1,1,0
"locus065",1,1,1,1,1,1,1,0
"locus073",0.157,1,1,1,1,0.4432,0.5784,0
"locus074",1,0.5322,1,1,0.35,1,1,0
"locus076",0.574,0.493,1,0.4024,0.7668,1,0.5656,0
"locus077",1,1,1,1,1,1,1,0
"locus080",0.7894,1,1,1,0.5266,1,1,0
"locus083",0.1758,1,NA,1,0.6124,1,1,0
"locus088",0.6658,1,1,1,0.417,1,1,0
"locus093",1,1,1,1,1,1,1,0
"locus096",1,1,1,1,0.2356,1,1,0
"locus098",1,1,1,1,1,1,1,0
"locus100",0.7026,1,1,1,0.1628,1,1,0
"locus106",1,1,1,1,1,1,1,0
"locus110",1,1,1,NA,0.2894,1,1,0
"locus116",0.3436,1,1,1,0.7,1,1,0
"locus119",0.0484,1,0.424,0.3242,0.0332,1,1,2
"locus120",0.2654,1,1,1,0.5688,1,1,0
"locus126",0.657,1,1,1,1,1,0.4508,0
"locus128",0.358,1,1,1,1,0.325,1,0
"locus129",0.2426,1,0.1374,1,0.5976,1,1,0
"locus130",0.584,1,1,1,0.4962,1,1,0
"locus134",0.4378,1,1,1,0.5336,1,1,0
"locus135",0.279,1,1,1,0.4636,1,0.1712,0
"locus137",0.5826,0.5382,1,1,0.0954,0.4366,1,0
"locus139",0.0974,1,1,1,0.3434,1,0.4978,0
"locus140",0.0956,1,1,1,0.318,1,0.4874,0
"locus146",1,0.4476,0.14,1,0.755,0.4396,0.5422,0
"locus148",0.2174,0.4728,1,1,1,1,1,0
"locus151",1,1,1,1,0.3262,0.1564,1,0
"locus157",0.3982,0.4814,1,1,0.0532,1,1,0
"locus161",0.3204,1,0.4342,1,1,0.239,1,0
"locus165",0.5436,1,1,1,1,0.513,1,0
"locus170",0.7782,1,0.4302,1,0.1358,0.4416,1,0
"locus176",0.7744,0.5246,1,1,0.3376,0.441,0.2952,0
"locus184",1,1,1,0.1092,1,0.2256,0.1096,0
"locus186",0.5156,1,1,1,0.3578,1,1,0
"locus188",0.3446,0.2274,1,0.5992,0.579,0.836,1,0
"locus189",0.399,0.542,0.3192,0.4378,1,1,0.2648,0
"locus190",0.7244,1,1,1,0.4714,1,0.5216,0
"locus191",0.5696,1,1,1,1,0.4368,1,0
"locus192",0.5178,0.0752,1,1,1,1,1,0
"locus195",0.3934,0.4896,1,0.4276,0.407,1,0.5588,0
"locus202",0.5502,1,1,1,0.7342,1,1,0
"locus210",0.7368,0.2122,1,1,0.7242,1,1,0
"locus215",0.0838,0.4804,0.3318,1,0.4098,0.105,1,0
"locus227",0.012,1,1,1,1,1,1,1
"locus231",1,1,1,1,0.6758,1,1,0
"locus235",0.7362,1,1,0.332,0.687,1,0.5784,0
"locus236",0.6626,1,1,1,1,1,0.5016,0
"locus237",0.6268,1,1,1,0.0266,1,1,1
"locus239",0.4212,0.3758,1,0.4218,0.0996,1,1,0
"locus248",0.487,1,1,0.3352,1,1,0.2348,0
"locus255",0.3068,1,1,1,0.6126,1,1,0
"locus256",0.7826,0.1458,1,1,0.5112,1,1,0
"locus263",1,1,1,1,1,1,1,0
"locus264",1,0.5328,0.4272,1,0.0586,0.4388,0.2702,0
"locus274",0.7676,1,1,0.308,0.5548,1,0.4938,0
"locus280",0.7322,1,1,1,1,1,1,0
"locus282",0.3266,1,1,0.0986,0.3212,0.1072,0.0728,0
"locus286",1,1,1,1,1,1,1,0
"locus291",0.5644,1,1,1,0.4726,1,0.5756,0
"locus292",0.0238,1,1,1,0.2402,1,1,1
"locus296",0.3992,0.2,1,1,1,1,0.036,1
"locus301",1,0.3878,1,0.436,0.2794,1,1,0
"locus314",0.0012,1,1,1,1,1,0.1776,1
"locus321",0.2214,1,1,1,0.7376,0.44,0.2502,0
"locus322",1,1,1,0.3624,1,1,1,0
"locus323",0.1688,1,1,1,0.5032,1,1,0
"locus329",0.5676,0.4494,1,0.4222,0.7702,1,0.594,0
"locus332",0.7666,1,1,1,0.333,0.2448,1,0
"locus349",0.7116,0.4864,0.3306,1,0.2724,1,1,0
"locus358",1,1,0.3096,0.3552,0.0318,1,1,1
"locus359",0.332,0.3788,1,1,0.4546,0.2372,1,0
"locus360",0.3916,1,1,1,0.2388,0.1102,0.5988,0
