"","locus","CentralCA.x","INDONESIA.x","MALAYSIA.x","PAPUA_NEW_GUINEA.x","SOLOMON_ISLANDS.x","num.sig.p","num.sig.bon","num.sig.seq"
"1","Dc00544",1,0.498,1,1,0.295,0,0,0
"2","Dc01018",0.4486,0.361,1,1,0.2456,0,0,0
"3","Dc01661",1,0.6672,0.2286,0.1382,0.8124,0,0,0
"4","Dc01707",0.363,0.2512,0.537,0.9434,0.0386,1,0,0
"5","Dc01784",1,0.4324,1,0.481,0.063,0,0,0
"6","Dc02951",1,0.382,1,0.5768,0.4414,0,0,0
"7","Dc03456",1,0.4494,1,1,0.7824,0,0,0
"8","Dc03556",1,0.4228,1,0.088,0.0938,0,0,0
"9","Dc05864",0.1656,0.8456,1,0.214,0.6082,0,0,0
"10","Dc06503",1,1,1,1,1,0,0,0
"11","Dc07300",0.1976,0.5874,1,0.437,1,0,0,0
"12","Dc07937",0.3218,0.1436,1,0.6602,0.3354,0,0,0
"13","Dc08054",1,0.8062,1,0.8224,0.5756,0,0,0
"14","Dc08189",1,0.1862,0.386,1,0.6606,0,0,0
"15","Dc08463",1,0.573,0.1714,0.5224,0.2142,0,0,0
"16","Dc08578",1,0.2492,1,1,0.6986,0,0,0
"17","Dc08865",0.6682,0.8734,0.6198,0.1072,0.8462,0,0,0
"18","Dc10003",1,0.3532,1,0.3648,0.3652,0,0,0
"19","Dc10390",1,1,1,0.0318,0.3758,1,0,0
"20","Dc10878",0.5148,0.5452,1,1,0.3256,0,0,0
"21","Dc10885",1,0.0534,0.1066,0.462,0.1978,0,0,0
"22","Dc11203",1,1,1,0.3952,1,0,0,0
"23","Dc11714",0.1062,0.07,0.489,0.5442,0.0842,0,0,0
"24","Dc13159",0.7164,0.5134,1,0.7372,0.0434,1,0,0
"25","Dc13592",0.4418,0.4802,0.0968,0.309,0.3218,0,0,0
"26","Dc14022",1,1,1,1,1,0,0,0
"27","Dc14945",1,0.0572,1,1,1,0,0,0
"28","Dc16747",1,0.7534,0.3212,1,1,0,0,0
"29","Dc18951",1,0.1458,1,1,0.5654,0,0,0
"30","Dc20232",1,1,0.7176,1,0.3114,0,0,0
"31","Dc22883",0.803,0.6218,0.6086,0.568,0.526,0,0,0
"32","Dc22887",1,1,1,1,1,0,0,0
"33","Dc27955",1,0.1024,1,1,1,0,0,0
"34","Dc28124",1,0.3468,1,1,1,0,0,0
"35","Dc28776",0.4432,0.714,1,0.591,1,0,0,0
"36","Dc30071",0.505,0.1402,0.1056,1,1,0,0,0
"37","Dc31007",1,1,1,0.0846,1,0,0,0
"38","Dc33714",0.3354,0.695,1,1,0.5586,0,0,0
"39","Dc33907",1,0.1,1,0.5892,0.7144,0,0,0
"40","Dc34902",0.2246,0.4992,1,1,0.372,0,0,0
"41","Dc35779",1,1,0.4054,0.2534,1,0,0,0
"42","Dc36571",0.4378,0.5962,1,0.2088,0.57,0,0,0
"43","Dc36616",1,1,1,1,0.6592,0,0,0
"44","Dc36767",1,0.4294,1,1,1,0,0,0
"45","Dc40235",1,0.1642,1,1,0.7224,0,0,0
"46","Dc41234",1,0.8746,0.2016,0.6812,0.1292,0,0,0
"47","Dc47572",1,0.8994,0.5146,1,0.0374,1,0,0
"48","Dc48207",1,1,1,1,1,0,0,0
"49","Dc48950",0.1744,0.2604,0.5338,1,0.3144,0,0,0
"50","Dc49080",0.4332,1,0.4546,1,0.2728,0,0,0
"51","Dc49184",0.0784,1,1,1,0.3896,0,0,0
"52","Dc51020",1,1,1,1,0.7742,0,0,0
"53","Dc52523",0.4704,0.735,0.7016,0.7424,0.9194,0,0,0
"54","Dc55481",0.2266,1,1,1,0.4034,0,0,0
"55","Dc62188",0.6668,0.8822,0.6912,0.2292,0.6158,0,0,0
"56","Dc67011",1,0.328,0.4404,1,0.6724,0,0,0
"57","locus002",0.115,0.3094,1,1,0.1528,0,0,0
"58","locus003",1,0.5656,1,0.5182,1,0,0,0
"59","locus004",0.0728,0.2666,0.4288,1,0.5326,0,0,0
"60","locus005",1,0.4808,1,1,0.4226,0,0,0
"61","locus006",1,0.7578,1,1,1,0,0,0
"62","locus008",0.445,0.2,0.023,0.5326,0.3034,1,0,0
"63","locus013",1,0.7964,0.449,1,0.417,0,0,0
"64","locus014",0.5174,0.6204,1,1,1,0,0,0
"65","locus016",1,1,0.2164,1,1,0,0,0
"66","locus022",0.2594,0.014,0.4388,0.7346,0.6658,1,0,0
"67","locus024",1,0.6996,1,0.2058,0.3122,0,0,0
"68","locus025",0.5242,0.4402,1,0.6056,0.1326,0,0,0
"69","locus027",0.4334,1,1,0.107,0.6764,0,0,0
"70","locus030",1,0.4572,0.1026,1,0.7832,0,0,0
"71","locus035",1,1,1,1,1,0,0,0
"72","locus038",1,0.5956,1,0.5622,0.5602,0,0,0
"73","locus039",1,0.4344,1,1,1,0,0,0
"74","locus040",1,0.3016,1,1,0.0414,1,0,0
"75","locus041",0.2308,0.5566,1,0.5296,0.6742,0,0,0
"76","locus045",1,0.6866,1,0.2484,0.5908,0,0,0
"77","locus047",1,0.4526,0.446,1,1,0,0,0
"78","locus048",1,1,1,1,1,0,0,0
"79","locus053",0.609,0.3246,0.1106,0.4382,0.1198,0,0,0
"80","locus055",1,0.4042,0.4346,1,1,0,0,0
"81","locus056",1,1,1,0.4876,0.6718,0,0,0
"82","locus058",1,0.4306,0.4976,0.5936,0.7454,0,0,0
"83","locus060",0.427,0.6772,1,1,1,0,0,0
"84","locus062",1,0.601,1,0.5192,0.4758,0,0,0
"85","locus064",1,0.3794,1,1,1,0,0,0
"86","locus065",1,1,1,1,1,0,0,0
"87","locus073",0.1112,0.1232,0.4398,1,1,0,0,0
"88","locus074",0.0994,0.6856,1,1,0.3988,0,0,0
"89","locus076",1,1,1,0.5864,1,0,0,0
"90","locus077",1,1,1,1,1,0,0,0
"91","locus080",0.43,1,1,1,0.5612,0,0,0
"92","locus083",0.0932,0.226,1,0.5228,0.6152,0,0,0
"93","locus088",1,0.714,1,1,0.4326,0,0,0
"94","locus093",1,1,1,1,1,0,0,0
"95","locus096",1,1,1,1,0.2666,0,0,0
"96","locus098",1,1,1,1,0.4682,0,0,0
"97","locus100",1,0.7436,1,1,0.3978,0,0,0
"98","locus106",1,1,1,1,1,0,0,0
"99","locus110",1,1,1,1,0.289,0,0,0
"100","locus116",0.447,0.3648,1,1,0.469,0,0,0
"101","locus120",1,0.296,1,1,1,0,0,0
"102","locus126",1,0.6956,1,0.4484,0.4552,0,0,0
"103","locus128",0.4514,0.4018,0.3348,1,1,0,0,0
"104","locus129",0.23,0.3228,1,1,0.55,0,0,0
"105","locus130",0.5064,0.6468,1,1,0.4848,0,0,0
"106","locus134",1,0.7342,1,1,0.375,0,0,0
"107","locus135",1,0.4354,1,0.189,0.719,0,0,0
"108","locus137",1,1,0.4466,1,0.1048,0,0,0
"109","locus139",1,0.1546,1,0.5318,0.5782,0,0,0
"110","locus140",1,0.1588,1,0.5278,0.5902,0,0,0
"111","locus146",0.4382,0.606,0.4322,0.6076,1,0,0,0
"112","locus148",1,0.0926,1,1,1,0,0,0
"113","locus151",0.1096,1,0.1622,1,0.7574,0,0,0
"114","locus157",1,0.2906,1,1,0.1,0,0,0
"115","locus161",1,0.1848,0.2402,1,0.714,0,0,0
"116","locus165",0.522,0.785,0.5106,1,1,0,0,0
"117","locus170",1,1,0.432,1,0.0944,0,0,0
"118","locus176",1,0.6114,0.4436,0.2406,0.7522,0,0,0
"119","locus184",0.4482,0.5206,0.2244,0.081,0.7178,0,0,0
"120","locus186",1,0.5538,1,1,0.3804,0,0,0
"121","locus188",0.7006,0.388,0.8438,1,0.2542,0,0,0
"122","locus189",0.4312,0.2136,1,0.2942,0.776,0,0,0
"123","locus190",0.4372,0.7582,1,1,0.2574,0,0,0
"124","locus191",0.4466,0.451,0.4438,1,1,0,0,0
"125","locus192",0.233,0.7774,1,1,0.7454,0,0,0
"126","locus195",0.4516,0.2848,1,0.563,0.3036,0,0,0
"127","locus202",1,0.8064,1,1,0.7658,0,0,0
"128","locus210",0.1148,1,1,1,0.7326,0,0,0
"129","locus215",1,0.5458,0.1036,1,0.2322,0,0,0
"130","locus227",1,0.0192,1,1,0.6378,1,0,0
"131","locus231",1,0.7012,1,1,0.6932,0,0,0
"132","locus235",0.1682,0.5412,1,0.283,1,0,0,0
"133","locus236",1,0.6856,1,0.4766,1,0,0,0
"134","locus237",1,0.5068,1,1,0.1722,0,0,0
"135","locus239",1,0.716,1,1,0.5426,0,0,0
"136","locus248",1,0.5004,1,0.2514,0.714,0,0,0
"137","locus255",1,0.6538,1,1,1,0,0,0
"138","locus256",0.4402,0.7838,1,1,0.5416,0,0,0
"139","locus263",1,1,1,1,1,0,0,0
"140","locus264",1,1,0.4386,0.2846,0.135,0,0,0
"141","locus274",0.432,0.5872,1,0.4874,0.1686,0,0,0
"142","locus280",0.4414,1,1,1,0.6744,0,0,0
"143","locus282",0.4328,0.2482,0.1074,0.093,0.1122,0,0,0
"144","locus286",1,0.3162,1,1,1,0,0,0
"145","locus291",0.4492,0.771,1,0.5922,0.7288,0,0,0
"146","locus292",1,0.124,1,1,0.1534,0,0,0
"147","locus296",1,0.204,1,0.0418,1,1,0,0
"148","locus301",0.4274,0.716,1,1,0.422,0,0,0
"149","locus321",1,0.5948,0.4328,0.2772,0.7534,0,0,0
"150","locus322",0.4302,1,1,1,0.568,0,0,0
"151","locus323",1,0.121,1,1,1,0,0,0
"152","locus329",0.1078,0.3104,1,0.5578,1,0,0,0
"153","locus332",1,0.7804,0.2358,1,0.6356,0,0,0
"154","locus349",1,0.761,1,1,0.7174,0,0,0
"155","locus358",1,1,1,1,0.0652,0,0,0
"156","locus359",1,0.6716,0.2404,1,0.297,0,0,0
"157","locus360",1,0.4398,0.101,0.5872,0.1498,0,0,0
