"","locus002_110","locus003_111","locus004_111","locus005_111","locus006_64","locus008_89","locus013_59","locus014_111","locus016_71","locus019_107","locus022_48","locus022_63","locus024_111","locus025_110","locus027_106","locus030_106","locus035_110","locus038_103","locus039_94","locus040_70","locus041_109","locus043_111","locus045_96","locus045_119","locus047_111","locus048_101","locus053_45","locus053_99","locus055_92","locus056_88","locus058_111","locus060_111","locus061_60","locus061_150","locus062_111","locus064_111","locus065_111","locus069_67","locus073_110","locus074_72","locus075_108","locus076_49","locus077_70","locus080_79","locus083_111","locus088_92","locus093_105","locus096_96","locus098_89","locus100_67","locus100_115","locus100_118","locus102_92","locus106_97","locus110_111","locus111_52","locus116_84","locus119_111","locus120_93","locus126_108","locus128_90","locus129_30","locus129_60","locus130_94","locus134_83","locus135_60","locus135_106","locus137_107","locus139_94","locus140_50","locus146_106","locus148_62","locus151_48","locus155_83","locus156_72","locus157_48","locus161_99","locus165_99","locus170_49","locus176_69","locus184_68","locus186_85","locus188_46","locus188_138","locus189_48","locus189_70","locus190_48","locus191_55","locus192_104","locus195_84","locus201_45","locus202_38","locus210_109","locus215_54","locus227_108","locus229_31","locus231_104","locus235_75","locus236_63","locus237_75","locus237_111","locus239_75","locus248_64","locus255_56","locus256_32","locus263_54","locus264_70","locus271_66","locus274_94","locus280_105","locus282_109","locus286_32","locus289_38","locus291_79","locus291_100","locus292_97","locus296_72","locus298_111","locus301_62","locus314_91","locus321_95","locus322_43","locus323_29","locus329_110","locus332_65","locus334_102","locus334_109","locus349_107","locus358_75","locus359_69","locus360_68","Dc00544_43","Dc01018_91","Dc01661_29","Dc01661_95","Dc01707_62","Dc01707_114","Dc01784_76","Dc02951_130","Dc03456_138","Dc03556_63","Dc03887_62","Dc03887_101","Dc05864_26","Dc05864_137","Dc06503_101","Dc07300_73","Dc07300_81","Dc07937_35","Dc07937_134","Dc08054_20","Dc08054_106","Dc08189_32","Dc08189_82","Dc08463_49","Dc08578_36","Dc08578_70","Dc08865_87","Dc08865_124","Dc10003_34","Dc10390_82","Dc10878_74","Dc10885_39","Dc10885_73","Dc11062_21","Dc11062_41","Dc11203_81","Dc11203_120","Dc11295_127","Dc11714_69","Dc12329_23","Dc12329_111","Dc13159_47","Dc13159_110","Dc13592_20","Dc13592_122","Dc14022_61","Dc14945_86","Dc16747_57","Dc16962_31","Dc16962_121","Dc18951_66","Dc20232_69","Dc20232_74","Dc21465_55","Dc21637_22","Dc21637_31","Dc22013_26","Dc22013_123","Dc22883_31","Dc22883_124","Dc22887_42","Dc27955_108","Dc28124_67","Dc28776_34","Dc30071_39","Dc31007_38","Dc33714_53","Dc33714_113","Dc33907_80","Dc34902_33","Dc35779_46","Dc36571_143","Dc36616_24","Dc36767_28","Dc36767_103","Dc40235_127","Dc41234_66","Dc41234_117","Dc46984_53","Dc46984_123","Dc47572_71","Dc47572_144","Dc47935_30","Dc47935_46","Dc47935_56","Dc48207_129","Dc48950_19","Dc48950_40","Dc49080_112","Dc49184_83","Dc49184_94","Dc51020_135","Dc52523_27","Dc52523_131","Dc55481_47","Dc58248_52","Dc58248_125","Dc62188_40","Dc62188_75","Dc67011_53"
"dcor12504_wpac",2,0,2,0,2,1,0,0,0,0,1,0,1,2,0,1,0,1,1,0,0,2,0,0,0,0,0,0,1,1,0,1,2,2,1,1,2,0,2,1,2,0,0,1,1,1,0,0,2,2,2,2,1,1,2,0,1,0,0,1,1,0,0,0,1,0,1,0,1,1,1,2,1,1,NA,0,2,0,0,1,0,0,2,0,0,2,0,0,1,1,2,1,0,0,0,2,0,1,0,0,2,1,0,1,1,2,1,2,1,1,0,0,1,0,2,1,0,0,0,2,0,2,0,2,1,0,2,1,2,2,0,1,2,0,1,2,2,1,0,0,1,2,1,0,0,0,1,1,2,0,2,2,0,1,2,0,0,0,1,2,0,2,1,1,2,0,0,0,0,0,1,0,0,2,2,1,0,1,1,0,0,0,1,0,1,1,0,2,1,1,2,0,0,1,0,2,0,1,0,1,0,0,1,0,2,0,1,1,0,0,0,1,0,2,1,1,2,2,0,2,2,1,0,2,0,0,0,2,1,1,0
"dcor134087_wpac",2,1,2,1,2,2,2,1,0,0,0,0,0,1,0,0,1,2,0,0,1,0,1,1,0,0,0,0,2,1,0,2,0,0,1,1,2,0,2,2,NA,2,0,1,0,1,0,0,1,2,2,2,2,0,2,0,2,0,0,0,0,1,0,1,0,0,2,0,0,2,1,1,1,2,NA,1,2,1,0,1,0,0,2,0,1,1,0,1,2,2,1,2,1,2,0,0,1,0,0,0,2,2,0,1,0,2,1,2,0,0,2,1,0,1,2,0,1,2,1,2,1,0,1,1,2,0,2,2,0,2,1,1,2,0,1,0,2,1,0,1,0,2,1,0,0,0,0,0,2,0,1,1,0,2,0,1,0,0,0,0,0,0,1,1,2,0,1,1,1,2,0,0,0,2,1,0,0,0,2,0,1,1,0,0,0,0,0,2,0,0,2,0,0,0,0,2,0,0,2,1,0,0,1,0,2,0,0,0,2,0,0,1,0,2,0,0,2,0,1,1,2,1,2,2,0,0,0,2,0,2,1
"dcor134112b_wpac",2,1,1,0,2,1,0,0,0,0,0,1,1,1,1,2,0,1,0,0,2,0,0,0,1,0,0,2,1,0,0,2,0,0,1,2,2,1,2,2,2,2,0,1,0,1,0,2,2,1,1,1,1,1,1,1,2,1,0,2,1,1,1,1,0,1,1,1,0,2,0,2,0,2,NA,0,2,0,1,2,1,0,1,1,0,2,1,2,0,2,1,2,1,0,0,0,1,2,0,0,2,1,1,2,0,2,1,0,0,1,0,0,2,1,2,1,0,1,1,1,1,1,0,0,1,0,1,2,2,2,0,2,2,1,0,2,0,1,0,1,1,2,2,1,2,0,0,2,1,0,2,2,0,0,1,0,0,0,0,0,0,1,1,0,2,0,0,0,1,1,0,2,0,1,2,0,0,0,0,0,1,1,0,0,0,0,1,2,2,0,1,0,0,1,2,0,1,0,0,0,0,0,1,1,1,1,0,1,0,0,0,2,0,2,1,1,2,1,1,1,2,2,0,2,1,1,0,0,0,2,0
"dcor12497_wpac",1,0,2,1,1,1,1,2,0,0,1,0,0,1,1,0,1,1,0,1,1,0,0,0,1,1,0,0,2,1,1,1,0,0,1,0,2,2,2,2,0,1,0,1,0,1,0,1,1,1,1,1,1,1,NA,2,1,2,0,2,1,1,1,0,2,1,1,0,0,2,2,1,0,2,NA,1,1,1,2,2,2,1,2,2,1,1,0,1,2,1,2,0,1,1,0,1,0,2,0,0,1,0,0,1,2,2,0,1,1,1,2,1,1,0,2,0,0,1,0,1,0,2,1,1,2,1,1,0,0,2,2,0,2,1,1,0,1,1,1,1,0,1,1,0,1,1,0,1,1,1,2,2,0,1,1,0,1,2,0,1,0,2,0,0,1,0,0,0,0,0,0,1,0,0,1,0,0,0,1,0,0,1,0,0,0,0,1,2,0,1,2,0,1,0,0,1,0,0,1,0,0,1,0,0,1,1,0,1,1,1,1,2,0,2,1,2,2,1,0,0,2,2,0,1,1,0,0,2,0,2,0
"dcor134112_wpac",2,1,1,0,2,1,0,0,0,0,0,1,1,1,1,2,0,1,0,0,2,0,0,0,1,0,0,2,1,0,0,2,0,0,1,2,2,1,2,2,NA,2,0,1,0,1,0,2,2,1,1,1,1,1,1,1,2,1,0,2,1,1,1,1,0,1,1,1,0,2,0,2,0,2,2,0,2,0,1,2,1,0,1,1,0,2,1,2,0,2,1,2,1,0,0,0,1,2,0,0,2,1,1,2,0,2,1,1,0,1,0,0,2,1,2,1,0,1,1,1,1,1,0,0,1,0,1,2,2,2,0,2,2,1,0,2,0,1,0,1,1,2,2,1,2,0,0,2,1,0,2,2,0,0,1,0,0,0,0,0,0,1,1,0,2,0,0,0,1,1,0,2,0,1,2,0,0,0,0,0,1,1,0,0,0,0,1,2,2,0,1,0,0,1,2,0,1,0,0,0,0,0,1,1,1,1,0,1,0,0,0,2,0,2,1,1,2,1,1,1,2,2,0,2,1,1,0,0,0,2,0
"dcor14386_09_p1",2,1,2,2,1,0,0,0,0,2,0,0,2,2,0,2,0,2,1,1,1,2,1,1,1,2,0,1,2,2,0,2,1,1,2,1,2,0,2,0,0,1,1,2,0,2,0,0,1,1,1,1,2,1,1,1,1,2,1,1,0,0,2,1,1,0,1,0,2,0,1,2,2,1,0,2,2,0,2,1,0,0,2,1,0,2,1,1,2,1,2,2,2,0,0,0,0,1,1,0,1,0,1,0,0,1,1,0,0,2,1,0,0,1,0,1,0,2,2,1,2,1,0,0,0,0,2,2,1,1,1,0,2,0,0,1,0,1,1,1,2,0,0,0,0,0,0,0,1,0,2,1,0,1,1,0,0,0,1,1,0,0,1,1,1,1,1,1,0,0,2,0,0,0,0,0,0,1,1,0,0,0,1,0,1,2,0,1,1,1,1,0,0,0,0,2,0,1,0,0,1,0,0,0,0,0,0,1,0,0,0,0,0,0,0,0,1,0,0,0,1,1,0,0,1,1,1,1,0,1,0
"dcor12521b_wpac",2,0,0,1,2,0,0,1,0,0,0,1,0,0,0,2,0,1,1,0,0,0,0,0,1,0,0,2,1,0,1,2,0,0,1,0,2,1,0,2,NA,2,0,2,0,0,0,1,2,2,2,2,2,1,1,1,2,0,0,0,0,1,1,0,0,0,2,2,1,1,0,2,0,0,NA,0,2,0,0,2,0,0,2,0,0,2,1,1,2,1,2,1,1,0,1,2,0,2,1,1,1,2,0,2,0,2,0,0,2,2,1,0,1,0,2,1,0,1,1,2,2,2,0,1,1,0,2,2,2,1,1,1,2,0,1,1,2,1,0,2,1,2,1,0,2,0,1,2,0,2,2,2,0,1,2,0,0,1,1,1,1,1,2,1,1,0,0,0,0,0,0,1,0,2,2,0,0,0,2,1,0,1,2,0,1,1,0,2,1,2,2,0,1,0,1,0,0,0,1,0,1,0,2,0,1,0,1,2,0,2,0,1,1,2,1,1,2,0,1,2,2,0,1,2,1,0,0,0,0,2,0
"dcor9907_p8",0,1,0,2,1,0,0,0,0,1,1,0,2,1,1,0,1,2,1,0,1,0,1,1,1,0,0,0,2,2,0,2,0,0,1,0,2,1,2,0,0,1,0,0,1,0,0,1,0,2,2,2,1,0,2,0,1,1,2,1,0,0,1,1,0,1,0,0,1,1,0,2,1,1,1,2,2,2,1,2,0,2,2,0,0,2,1,1,2,2,2,1,2,1,0,1,1,2,0,0,0,0,0,0,0,2,0,1,1,2,2,0,1,2,0,0,0,1,0,2,2,2,1,2,0,0,0,1,2,1,0,1,2,0,1,1,0,0,1,1,0,1,0,0,0,0,0,1,1,0,0,0,0,1,1,1,1,0,0,0,0,0,1,1,2,0,1,1,0,0,2,0,1,0,2,0,0,0,2,0,0,0,1,0,0,1,1,1,0,1,1,0,1,0,0,0,1,0,0,0,1,0,0,0,0,0,0,1,0,0,2,0,0,0,0,0,1,0,0,0,1,1,1,0,1,2,0,0,1,1,1
"dcor134098_wpac",2,0,2,0,2,0,0,1,0,0,0,1,0,2,0,1,1,0,1,1,0,0,0,0,1,0,0,0,1,1,1,0,0,0,1,0,2,0,2,1,NA,1,0,1,0,0,0,0,2,1,1,1,1,1,1,1,1,0,1,2,0,2,0,2,0,0,2,1,0,2,1,2,0,2,NA,0,2,0,1,0,1,1,1,0,1,1,0,1,1,1,2,2,2,0,2,0,1,2,0,0,1,0,0,1,0,2,0,1,0,0,1,1,0,1,2,1,0,1,0,1,0,1,0,0,2,0,1,2,2,2,1,2,2,0,1,0,2,1,0,2,1,0,0,0,0,0,1,1,1,0,1,1,1,0,0,0,0,1,0,0,0,0,1,0,2,0,0,0,0,2,0,0,0,2,2,1,0,0,1,0,1,0,0,0,0,0,0,2,0,0,1,0,1,0,1,1,0,1,0,0,0,0,0,1,2,0,0,0,2,0,2,1,0,1,0,0,2,2,0,1,2,1,1,2,0,1,0,0,0,1,0
"dcor26451_wpac",2,0,1,0,2,1,2,2,0,0,0,0,2,2,0,1,0,1,0,0,1,1,0,0,1,1,1,0,1,1,1,2,0,0,0,0,2,0,0,2,0,2,0,0,1,1,0,0,1,1,1,1,1,0,1,2,1,1,0,0,0,0,1,0,0,0,1,1,0,2,2,2,1,1,NA,0,1,0,1,1,1,0,2,1,0,2,0,0,1,2,2,2,1,0,0,NA,1,1,1,0,2,1,0,2,1,2,2,2,1,1,2,0,2,1,2,1,0,1,0,1,1,1,0,1,1,0,1,1,2,2,2,2,2,0,2,0,1,1,0,1,1,2,0,1,1,0,1,1,1,1,1,1,1,0,0,0,0,1,0,0,0,2,0,0,2,0,1,1,1,1,0,0,1,0,2,0,0,0,1,0,0,1,0,0,2,0,0,2,2,0,1,0,0,0,0,2,0,0,0,0,0,0,2,1,1,0,0,2,0,1,0,2,0,2,0,1,2,0,0,1,2,2,0,1,1,1,1,2,1,1,0
"dcor37466_wpac",1,1,2,0,1,1,1,1,1,0,1,0,1,0,1,0,0,1,1,0,2,1,1,1,1,0,0,0,2,0,1,2,0,0,1,1,2,1,1,0,NA,1,0,1,0,0,0,0,2,2,2,2,0,0,1,1,0,2,0,1,0,0,0,0,0,0,1,1,0,2,1,1,1,1,NA,1,1,0,0,0,1,1,1,1,1,1,0,0,2,1,2,2,1,0,1,2,1,2,0,0,2,1,1,1,0,1,2,0,0,1,2,0,2,0,2,1,1,1,1,1,1,2,1,0,1,0,0,2,2,2,2,1,2,1,0,1,1,1,0,0,1,1,1,0,1,0,0,2,0,2,2,2,0,1,1,0,0,0,1,0,1,1,1,1,1,0,0,0,1,1,0,1,0,2,2,0,0,0,2,1,0,1,1,0,0,0,1,2,1,0,1,1,0,1,2,1,0,0,1,1,0,1,0,1,1,1,0,1,0,2,0,2,0,2,1,1,2,1,1,0,2,1,1,2,1,2,0,1,0,1,1
"dcor38957_mex_fem",0,1,0,0,1,0,1,1,1,1,0,0,1,0,0,2,0,0,0,0,0,0,0,0,1,0,0,0,2,0,0,2,0,0,2,1,2,0,2,2,0,1,0,1,0,2,0,0,2,1,1,1,2,1,1,1,0,2,0,2,0,0,2,0,1,0,1,1,1,1,2,2,0,2,NA,0,0,1,0,1,0,0,0,0,1,1,0,1,1,2,2,0,2,0,0,1,1,1,0,0,1,0,1,2,2,2,0,1,1,1,2,1,1,0,2,0,1,1,0,2,1,1,0,0,1,0,2,2,1,2,1,2,2,0,1,2,1,0,0,1,2,1,1,2,2,1,1,2,2,0,1,1,0,2,1,1,0,2,0,0,0,1,0,0,0,2,0,0,0,2,0,0,0,2,2,0,0,0,2,1,0,0,0,0,0,1,0,2,1,0,0,0,0,0,1,0,1,0,1,0,0,2,2,0,2,0,0,1,1,1,0,2,0,2,0,0,1,2,0,2,2,2,0,2,1,0,0,1,1,1,0
"dcor134108_wpac",2,2,1,0,2,0,2,0,0,0,0,0,1,2,1,0,0,2,1,0,0,1,0,0,0,0,0,1,2,1,1,1,1,1,1,2,2,1,0,2,NA,1,0,2,0,0,0,0,1,2,2,2,2,0,0,2,1,2,0,2,0,0,1,0,0,0,1,1,0,2,1,0,0,2,NA,1,2,2,0,2,1,1,0,0,1,1,0,1,1,1,2,1,0,0,0,1,0,2,0,0,2,1,1,2,2,2,1,0,1,0,2,0,2,0,2,0,0,1,2,2,1,2,1,2,1,0,1,2,1,1,1,0,2,0,2,1,1,0,0,2,1,0,0,0,0,0,0,1,1,1,1,1,0,0,0,1,0,0,0,0,0,0,2,2,1,1,0,0,1,1,NA,NA,0,1,1,0,0,0,2,2,0,2,0,0,2,0,0,2,0,1,2,0,2,1,0,1,0,0,1,1,0,0,2,2,2,0,1,1,1,2,0,1,1,2,1,1,2,0,1,1,1,1,0,2,1,1,0,1,0,1,0
"dcor76701_wpac",1,1,1,0,1,1,2,1,0,1,1,0,0,0,0,1,1,0,0,0,1,1,0,0,1,0,0,0,2,0,0,2,1,1,0,1,2,1,1,2,NA,1,1,1,0,0,0,0,2,1,1,1,0,0,2,0,2,1,1,0,0,0,0,0,0,0,1,1,0,2,1,2,1,2,NA,0,1,1,1,1,0,0,2,2,2,0,0,1,2,0,2,1,1,2,0,0,0,1,0,0,1,0,1,2,1,2,2,0,0,0,2,0,1,1,2,1,1,0,0,1,0,2,0,1,0,0,2,1,2,2,1,1,2,0,0,0,2,1,0,1,1,0,0,0,2,0,2,2,1,0,2,1,0,0,0,1,1,1,0,2,0,1,1,0,2,0,1,1,0,1,0,2,0,2,1,0,0,0,2,2,0,1,0,0,1,1,0,2,2,1,1,1,2,0,0,2,0,1,1,0,0,1,0,0,2,0,0,2,0,0,0,1,0,2,1,1,2,1,0,1,2,2,0,2,0,1,0,1,0,1,0
"dcor61467b_wpac",2,0,2,0,2,1,1,2,1,0,0,0,0,1,1,2,0,1,0,0,0,1,0,0,1,0,0,1,1,0,1,2,2,2,1,0,2,1,0,1,0,1,0,0,0,1,0,1,1,2,2,2,1,1,2,0,2,2,0,1,1,0,0,0,1,0,2,1,0,2,2,2,0,2,NA,0,1,0,2,2,1,0,1,0,0,2,1,0,2,2,2,1,2,2,1,0,0,2,0,1,1,0,0,1,1,2,0,NA,1,0,0,0,1,0,2,2,1,2,0,2,0,1,1,1,2,0,0,1,2,2,2,2,1,1,1,0,1,1,1,1,1,1,1,0,0,0,1,1,0,2,1,1,0,1,1,0,1,1,0,0,0,1,0,0,2,0,0,0,0,2,0,1,1,1,2,0,0,0,2,0,1,2,0,0,0,1,0,2,1,1,2,0,1,0,0,0,0,0,0,0,0,0,1,0,2,0,2,2,0,1,0,0,1,2,1,1,2,1,1,1,2,1,0,2,0,0,1,1,0,2,1
"dcor37464_wpac",2,1,2,0,2,0,1,0,0,0,0,0,0,0,0,2,1,2,1,0,0,2,1,1,2,0,0,1,2,0,0,2,0,0,0,1,1,0,1,2,NA,0,0,1,2,0,0,1,1,1,1,1,1,1,1,1,2,1,0,2,0,0,0,1,1,0,2,0,0,2,2,2,0,2,NA,0,2,2,1,0,0,0,0,0,2,0,0,2,2,1,2,1,2,1,1,2,1,2,0,0,2,0,0,2,0,2,0,2,0,0,2,0,0,1,2,1,0,2,2,2,1,2,0,0,2,0,2,2,2,2,1,0,2,0,1,1,1,1,2,0,1,2,1,1,1,0,0,0,1,1,1,0,0,0,2,1,0,0,1,1,1,1,1,1,0,0,2,2,0,2,0,1,0,1,2,0,0,0,1,0,2,2,0,0,1,0,1,1,1,1,2,1,0,1,0,1,0,0,0,1,0,0,2,0,2,0,0,1,0,0,1,2,0,2,0,0,2,0,1,2,2,1,0,1,1,0,0,0,0,1,1
"dcor40942_wpac",1,1,1,2,0,0,1,0,1,1,1,0,0,1,2,2,0,1,0,0,0,0,1,1,0,0,1,1,0,1,0,2,2,2,2,0,2,0,2,1,2,1,1,1,1,1,1,1,2,1,1,1,0,0,1,1,2,2,1,2,0,0,0,0,0,0,1,1,0,2,1,1,0,1,NA,1,2,0,0,0,1,1,2,2,1,1,0,1,1,1,2,2,1,1,0,1,0,2,0,0,1,1,2,2,2,2,1,1,1,0,1,0,1,0,2,2,0,1,0,1,2,1,1,1,2,0,2,2,1,2,1,1,1,1,0,1,1,1,1,2,1,2,1,0,0,1,1,1,2,0,1,1,1,0,0,1,0,0,0,1,2,1,0,0,2,0,0,0,0,1,0,0,0,0,2,0,0,0,2,0,0,2,1,0,0,0,1,2,0,0,1,1,0,0,1,1,0,0,0,0,1,0,2,0,2,0,0,0,1,0,0,2,0,2,0,0,2,0,1,0,2,2,1,2,0,0,1,2,0,1,0
"dcor62752_wpac",2,1,0,1,2,1,1,2,1,0,1,0,1,2,0,0,0,0,2,0,1,0,1,1,2,0,0,1,2,1,0,1,0,0,1,0,2,1,2,0,0,1,0,1,1,0,0,0,1,2,2,2,0,0,2,1,1,2,0,1,0,0,1,0,1,0,2,2,0,2,1,1,1,2,NA,1,1,0,0,2,1,0,2,2,0,2,0,2,2,1,2,1,1,1,0,2,1,1,0,0,2,2,0,2,1,2,0,0,0,1,0,0,1,0,2,0,1,1,0,1,1,1,0,1,0,0,2,1,1,2,1,0,0,0,1,0,1,0,0,2,2,1,1,0,0,0,0,2,2,0,2,1,0,1,1,0,0,0,0,0,0,1,2,2,2,0,0,0,0,1,0,0,0,1,2,0,0,0,1,0,0,0,0,1,0,0,1,2,0,0,2,0,0,0,0,1,1,0,1,0,1,0,1,1,2,0,0,1,0,2,0,1,0,1,0,0,2,1,0,0,2,1,0,0,2,2,0,2,0,1,1
"dcor26450_wpac",2,1,2,0,1,0,1,1,0,0,0,0,0,0,2,1,0,2,1,0,1,0,1,1,2,0,1,1,1,1,0,2,0,0,0,0,2,1,1,2,NA,0,1,1,0,0,0,1,2,1,1,1,2,0,1,1,1,1,1,2,0,0,1,1,1,0,2,0,0,2,2,2,0,2,NA,0,2,0,0,1,2,1,2,1,2,0,1,1,2,0,2,0,2,0,0,1,2,1,0,0,2,2,1,2,2,2,1,0,1,0,1,0,2,1,2,2,0,1,0,2,0,2,1,1,1,0,1,2,2,2,2,0,2,0,1,2,0,0,1,1,1,1,0,1,1,0,1,2,1,0,0,0,0,1,1,0,0,0,0,0,0,1,0,0,1,1,1,1,0,1,0,2,0,2,2,1,0,0,1,0,0,1,0,0,1,0,0,2,2,0,2,0,0,0,1,0,0,0,1,0,0,0,2,1,1,1,1,0,0,2,0,2,0,2,1,2,2,0,1,1,2,2,0,1,2,1,1,1,0,1,0
"dcor134070_wpac",1,1,1,1,2,1,2,1,0,0,0,1,0,2,0,1,0,0,0,1,1,0,1,1,2,0,0,1,1,2,2,1,0,0,1,2,2,1,1,2,NA,2,0,2,0,0,0,0,2,0,0,0,1,0,2,0,2,1,0,0,0,0,0,0,0,0,0,0,0,2,2,1,1,2,NA,0,2,1,2,1,1,0,2,1,0,2,1,1,2,1,2,1,2,1,0,0,0,1,1,0,2,1,0,2,1,2,1,0,0,0,1,0,1,1,2,1,0,2,0,2,0,1,2,1,2,0,2,1,2,2,0,0,2,0,1,1,1,0,0,1,0,1,1,1,2,0,2,2,2,0,2,2,1,0,1,0,0,0,0,1,0,2,1,1,1,0,0,0,1,1,2,0,0,1,2,0,0,0,1,0,0,0,0,0,0,0,0,1,0,0,2,0,0,0,0,2,1,0,0,1,0,0,0,0,1,0,0,1,0,1,0,2,0,2,0,0,2,0,0,0,1,1,0,2,0,0,0,1,0,1,0
"dcor37418_wpac",0,0,2,1,2,1,1,1,1,0,0,0,1,0,0,2,0,1,0,0,1,1,0,0,2,0,1,1,2,0,0,2,0,0,0,1,2,0,1,1,NA,2,0,1,0,0,0,1,1,2,2,2,2,0,2,1,2,0,0,2,0,0,0,0,0,0,1,1,0,2,1,0,0,2,NA,0,2,1,1,2,0,0,2,0,0,2,0,1,1,2,2,0,2,0,0,1,0,1,0,0,1,1,2,1,1,2,0,1,1,1,2,0,2,0,2,2,0,1,0,2,1,1,2,1,1,0,2,1,2,1,1,2,2,0,1,0,1,1,1,0,1,1,1,0,2,0,0,1,1,1,2,1,0,2,1,0,2,1,0,1,1,0,2,0,2,0,0,0,0,2,0,0,0,2,2,0,0,0,0,0,0,0,0,0,0,0,0,2,2,0,1,0,1,0,1,1,0,0,2,1,0,0,0,0,1,0,0,2,0,2,0,2,0,2,0,0,2,1,0,1,2,1,0,1,1,0,1,2,0,2,1
"dcor76691b_wpac",2,1,2,0,1,1,1,1,0,0,0,1,1,2,0,2,0,0,1,1,2,0,1,1,0,0,0,1,2,0,1,2,1,1,0,1,2,1,0,2,0,1,1,2,1,0,0,0,1,2,2,2,1,0,1,1,1,1,1,1,1,0,1,1,1,0,1,0,0,2,2,1,2,2,NA,0,2,0,0,2,0,0,1,1,0,2,1,1,1,1,2,2,1,1,2,2,0,1,0,1,2,1,1,1,1,2,1,0,1,0,1,1,2,1,2,1,0,2,0,2,1,0,2,1,0,0,0,2,1,2,2,1,2,0,1,0,2,1,0,1,1,0,0,1,1,0,1,2,1,0,0,0,0,2,2,0,0,1,0,0,1,2,1,1,2,0,0,0,0,1,0,0,0,1,2,0,0,1,1,1,0,1,0,0,1,2,0,1,0,0,0,1,0,1,0,1,1,1,0,0,0,0,0,2,1,0,0,0,0,2,0,2,0,1,0,0,2,2,0,1,1,1,1,2,1,0,0,2,1,1,0
"dcor12492_wpac",2,1,2,1,2,0,0,1,0,0,1,1,1,2,0,1,0,2,1,0,0,0,0,0,0,0,0,1,1,1,0,2,0,0,0,0,2,1,1,2,0,0,0,1,1,1,0,0,2,2,2,2,1,0,1,1,2,0,1,2,0,0,0,0,1,0,2,1,0,2,1,1,0,2,NA,0,2,0,0,1,1,1,2,1,1,1,1,0,1,2,2,0,2,0,0,0,0,1,1,0,1,0,0,2,0,2,0,0,1,1,2,0,2,1,2,0,0,2,0,2,0,2,0,0,2,0,0,2,2,1,1,0,1,0,0,1,1,0,0,1,1,0,0,1,1,0,0,2,1,1,1,1,0,0,0,0,1,0,0,1,0,0,2,1,1,0,0,0,0,1,0,1,0,1,2,0,0,0,2,0,0,0,0,0,1,1,0,2,1,1,1,0,0,0,1,0,1,1,0,0,2,0,0,0,1,1,2,0,0,2,0,2,0,2,0,0,2,0,0,2,2,2,2,1,1,2,0,1,0,1,2
"dcor12500b_wpac",2,1,2,0,2,0,0,0,0,0,1,1,0,2,0,2,0,1,1,2,0,0,0,0,1,0,1,0,1,1,0,2,0,0,1,0,2,0,0,2,0,2,1,1,0,0,0,1,2,2,2,2,1,0,1,1,1,2,0,2,1,0,1,0,0,1,1,0,0,2,2,2,1,2,NA,0,2,1,1,2,1,2,2,0,1,1,0,0,2,1,2,0,0,1,0,0,2,1,0,0,2,2,0,2,1,2,1,1,0,0,2,0,1,1,2,2,0,1,0,1,1,0,0,1,2,0,2,1,0,1,1,1,1,0,1,0,0,0,0,1,1,1,1,0,1,0,1,2,2,0,1,1,0,1,0,0,0,1,0,0,0,1,1,1,2,0,0,0,1,1,0,1,0,2,2,0,0,0,2,0,0,2,0,0,1,0,0,2,2,0,1,0,0,1,0,1,0,0,1,1,1,1,1,1,1,0,0,1,0,0,0,2,0,2,1,2,2,0,0,2,2,2,1,2,0,0,0,0,2,0,0
"dcor26456_wpac",2,0,2,1,2,1,2,2,0,0,0,0,1,2,0,0,0,1,0,1,1,0,0,0,0,0,2,0,1,0,2,2,0,0,2,0,2,1,2,0,NA,2,0,0,1,2,0,0,1,1,1,1,1,1,1,2,2,0,1,1,1,0,0,0,0,0,2,0,1,1,1,2,1,2,NA,1,1,1,0,1,1,0,2,0,0,2,0,0,2,2,2,1,1,1,0,0,0,0,0,0,2,1,0,2,1,2,2,2,1,0,1,0,NA,0,2,2,1,2,0,2,0,2,0,1,2,0,2,2,2,2,0,1,2,0,1,1,1,0,0,2,2,2,1,1,1,0,0,1,2,0,1,1,0,0,2,1,0,0,1,0,0,1,1,0,2,0,0,0,0,2,0,0,0,0,2,0,0,0,2,0,0,0,0,1,1,0,0,1,1,0,1,0,0,1,2,1,0,0,0,1,0,0,1,1,1,0,1,0,1,1,0,1,0,2,0,0,2,0,0,0,1,1,1,2,0,0,0,2,0,2,0
"dcor26450b_wpac",2,1,2,0,1,0,1,1,0,0,0,0,0,0,2,1,0,2,1,0,1,0,1,1,2,0,1,1,1,1,0,2,0,0,0,0,2,0,1,2,NA,0,1,1,0,0,0,1,2,1,1,1,2,0,1,1,1,1,1,2,0,0,1,1,1,0,2,0,0,2,2,2,0,2,NA,0,2,0,0,1,2,1,2,1,2,0,1,1,2,0,2,0,2,0,0,2,2,1,0,0,2,2,1,2,2,2,1,0,1,0,1,0,1,1,2,2,0,1,0,2,0,2,1,1,1,0,1,2,2,2,2,0,2,0,1,2,0,0,1,1,1,1,0,1,1,0,1,2,1,0,0,0,0,1,1,0,0,0,0,0,0,1,0,0,1,1,1,1,0,1,0,1,0,2,2,1,0,0,1,0,0,1,0,0,1,0,0,2,2,0,2,0,0,0,1,0,0,0,1,0,0,0,2,1,1,1,1,0,0,2,0,2,0,2,1,2,2,0,1,1,2,2,0,1,2,1,1,1,0,1,0
"dcor12522_wpac",NA,0,1,0,2,1,0,1,0,1,0,0,1,0,0,1,0,2,0,0,1,0,0,0,1,0,0,1,0,0,0,1,0,0,0,0,2,1,2,2,NA,2,0,1,NA,0,0,0,1,1,1,1,1,0,NA,NA,1,2,0,1,2,1,0,0,1,0,1,0,1,1,1,1,1,NA,NA,2,0,0,0,NA,1,0,1,1,0,2,0,1,NA,1,2,1,1,0,0,1,1,2,1,0,2,1,0,1,0,2,1,0,1,1,1,0,1,1,2,1,0,1,2,1,0,2,1,2,1,1,1,1,0,1,1,0,1,0,2,2,1,1,0,0,1,2,1,0,1,0,0,2,0,1,1,1,0,0,0,0,0,0,1,1,0,1,0,0,1,1,1,1,1,2,0,0,0,1,1,0,0,0,0,0,2,1,0,0,0,0,0,2,2,1,2,0,0,0,1,1,1,1,0,1,0,0,1,0,1,1,0,2,0,2,0,1,0,2,1,1,2,2,0,1,1,1,1,2,1,0,0,2,0,1,0
"dcor37412_wpac",1,0,2,0,2,1,1,1,0,1,0,1,0,1,1,2,0,1,1,1,0,1,0,0,1,1,2,0,1,1,2,2,0,0,2,0,2,1,1,2,0,1,0,1,0,0,0,1,2,1,1,1,2,0,1,1,2,1,0,2,0,0,0,0,1,0,2,0,0,2,1,1,0,1,2,0,1,1,1,0,1,0,1,0,2,0,0,1,1,1,2,2,1,0,0,0,0,0,0,1,2,1,2,2,1,2,0,0,1,1,0,0,1,1,2,2,0,1,0,1,0,1,1,0,2,0,0,1,1,2,0,1,2,1,1,0,1,1,0,1,1,1,1,2,2,0,0,2,1,1,2,2,0,2,0,0,0,0,1,0,0,1,0,0,1,0,1,1,0,1,1,1,1,1,2,0,0,0,2,0,1,0,1,0,0,0,1,1,1,0,1,0,0,1,0,2,0,0,0,0,1,0,1,0,2,0,0,1,0,1,1,1,0,2,0,0,2,0,0,2,2,2,0,1,1,1,0,2,1,1,0
"dcor12515_wpac",NA,0,2,0,2,0,0,1,1,0,0,1,0,1,0,0,0,0,0,0,1,0,1,1,1,0,1,0,1,2,1,2,1,1,0,0,2,0,2,1,NA,1,0,0,NA,1,0,0,1,2,2,2,0,0,2,NA,2,2,1,2,0,0,1,0,1,0,2,1,1,1,2,1,1,NA,NA,0,2,0,0,2,0,0,1,0,1,1,1,1,NA,2,2,0,2,1,1,0,1,2,0,0,2,0,0,2,1,1,0,0,1,1,2,0,1,1,2,2,0,1,1,2,0,1,1,2,2,0,2,NA,2,1,1,1,2,1,0,1,1,0,2,2,2,2,2,1,1,0,1,1,2,0,1,1,0,1,1,0,1,1,0,0,0,1,0,0,1,0,0,0,0,0,0,1,0,2,1,0,0,0,1,0,1,1,0,1,0,1,0,2,2,0,1,0,0,0,0,1,0,0,0,0,0,0,1,0,2,0,0,1,0,0,0,2,0,2,0,0,2,0,0,0,2,2,1,1,1,1,0,2,1,1,0
"dcor134059_wpac",2,0,2,0,1,0,1,0,0,0,0,0,0,1,0,1,0,1,1,0,1,0,0,0,2,0,1,0,2,0,0,2,1,1,0,1,2,1,1,2,2,0,0,1,0,1,0,0,1,2,2,2,1,0,0,2,2,1,0,2,1,0,0,0,2,0,2,0,0,2,1,2,0,2,NA,1,1,1,1,1,0,0,1,0,1,1,2,2,1,2,2,0,1,1,0,1,0,2,0,1,1,0,1,0,0,2,1,1,2,0,1,0,1,1,2,0,0,2,0,2,1,2,0,1,1,1,0,1,1,2,2,0,2,1,0,1,1,1,0,1,1,2,1,0,0,0,1,2,1,1,1,1,0,1,1,0,2,1,0,1,0,2,1,0,2,0,0,0,0,0,0,1,0,1,2,0,0,0,2,0,1,0,0,0,0,0,1,2,0,0,1,0,1,0,0,1,0,0,1,1,0,0,0,0,2,0,0,0,0,1,1,1,1,2,1,1,2,0,1,2,2,2,1,2,0,0,0,2,0,0,1
"dcor5705_mex_fem",1,1,1,0,2,0,0,1,1,2,0,0,1,1,1,1,0,0,0,0,0,0,0,0,2,2,0,0,2,0,1,2,1,1,1,1,1,1,2,2,0,2,0,1,1,1,0,0,2,2,2,2,2,0,2,0,0,1,0,2,0,0,1,0,0,1,1,1,1,1,2,2,0,2,NA,1,0,0,0,0,0,0,0,0,1,1,0,1,2,2,2,0,1,1,0,0,0,2,0,0,2,0,2,2,2,0,0,1,1,1,2,0,2,1,2,0,1,2,0,2,1,2,0,1,1,0,2,2,1,2,1,1,2,0,2,2,2,0,0,1,2,2,2,2,2,0,1,1,1,1,2,1,0,0,0,0,0,2,0,0,0,2,0,0,1,1,0,0,0,2,0,0,0,2,0,0,0,1,1,1,1,0,0,0,0,1,0,2,0,0,1,0,2,0,1,0,1,0,1,2,0,2,0,0,2,0,0,0,1,2,0,2,0,2,0,0,2,1,0,0,2,1,1,2,0,0,0,0,0,2,1
"dcor134097_wpac",2,0,1,1,2,0,0,1,0,0,0,0,0,1,0,2,2,1,1,0,1,1,0,0,1,0,1,1,2,0,2,1,1,1,0,1,2,2,1,2,NA,0,0,1,0,0,0,0,1,2,2,2,1,0,0,2,1,0,0,2,1,0,0,0,1,0,2,0,0,2,0,2,1,2,NA,0,2,1,1,1,1,0,2,1,1,1,2,0,1,0,2,0,1,2,0,0,0,2,1,0,2,1,0,2,2,1,2,1,1,1,2,0,2,1,2,1,0,1,0,1,1,0,0,0,1,0,1,2,2,2,1,1,2,0,0,0,2,0,0,2,0,2,1,0,1,0,0,2,1,1,1,1,0,0,0,1,0,0,0,0,0,0,0,0,1,0,1,1,1,2,NA,NA,0,1,2,0,0,0,2,2,0,0,0,1,0,0,0,2,0,0,0,0,1,0,0,1,1,0,0,0,0,0,2,1,1,0,0,0,1,1,1,2,0,2,1,2,2,0,0,2,2,2,1,1,0,1,0,2,0,1,0
"dcor5663_mex_fem",1,1,1,2,0,0,1,1,1,1,0,0,2,0,0,2,0,0,0,0,0,1,0,0,1,0,0,0,2,0,2,2,0,0,0,1,1,0,2,2,0,1,1,0,0,1,0,1,2,2,2,2,1,1,1,1,1,2,2,2,0,0,1,0,0,2,0,1,2,0,2,2,2,2,2,1,2,0,0,0,0,0,2,0,1,1,0,1,0,2,2,0,2,0,0,0,0,1,0,0,1,0,1,2,1,1,0,0,0,0,2,1,1,1,2,0,2,1,1,0,1,1,0,0,2,0,1,2,1,2,0,1,2,0,2,2,0,1,0,1,2,2,2,0,0,0,2,2,2,0,1,1,0,1,0,1,0,2,0,0,0,1,0,0,0,1,0,0,0,2,0,0,0,1,1,1,0,0,1,0,0,1,0,0,0,0,0,2,0,0,1,2,1,0,0,0,0,0,1,1,0,2,1,0,2,0,0,1,1,2,0,2,0,2,0,0,1,2,0,1,2,1,0,2,0,1,0,1,2,0,0
"dcor5700_mex_fem",0,1,1,1,1,0,0,1,0,0,0,0,2,1,0,2,0,0,0,0,0,1,0,0,2,2,1,0,2,0,1,0,0,0,0,0,2,1,2,2,NA,2,0,2,0,0,0,0,2,2,2,2,0,0,2,0,1,2,2,0,0,0,0,0,0,0,2,1,2,0,2,2,2,2,NA,1,0,0,0,0,0,0,1,0,1,1,1,1,1,2,2,1,2,0,1,0,0,1,1,1,2,0,1,2,2,2,0,0,0,0,1,2,1,1,2,0,0,2,0,1,0,2,0,1,2,0,1,2,2,2,1,1,2,0,2,2,1,0,0,1,2,1,1,0,0,0,0,2,2,0,2,0,0,0,1,2,0,2,0,0,0,1,0,0,0,2,0,0,0,2,0,1,0,2,2,1,0,0,1,0,1,0,0,0,0,0,0,2,0,1,2,1,0,0,0,0,1,0,0,2,0,1,2,0,2,0,0,0,1,1,0,1,1,2,0,0,1,0,0,2,2,2,1,2,0,0,0,1,1,1,0
"dcor30272_mex_fem",0,2,0,1,1,1,1,1,0,1,0,1,1,1,1,2,1,0,0,0,1,0,0,0,2,2,1,0,2,0,2,2,0,0,0,0,2,1,1,2,NA,2,1,0,1,2,0,0,2,0,0,0,2,0,2,0,0,1,1,1,0,0,0,1,0,0,2,0,1,1,1,2,1,2,NA,1,2,0,1,0,0,0,0,0,1,1,0,0,1,2,2,0,2,0,1,0,0,1,1,0,2,0,0,2,2,1,0,0,1,1,1,0,2,1,2,0,1,2,0,1,0,2,0,0,2,0,2,1,0,2,0,1,2,0,1,2,1,0,0,0,2,2,2,1,1,0,0,1,1,1,0,0,0,0,1,1,0,2,0,0,0,1,0,0,0,2,0,0,0,2,0,1,0,2,2,1,0,1,0,1,1,0,0,0,0,0,0,2,2,0,1,0,1,0,1,0,0,0,1,0,0,2,2,0,2,0,0,1,1,2,0,1,1,2,0,0,1,1,1,1,2,1,1,2,1,0,0,0,1,1,0
"dcor12509c_wpac",2,0,2,1,2,1,2,2,0,0,1,0,1,1,1,2,0,1,0,0,1,1,0,0,1,0,0,0,1,0,1,2,0,0,1,1,1,0,0,2,NA,1,0,1,1,0,0,1,2,2,2,2,1,0,1,1,2,0,0,1,2,0,0,1,1,0,2,1,0,2,2,1,1,1,0,0,1,0,0,0,0,0,1,0,0,2,1,0,2,2,2,2,1,0,1,1,0,1,0,0,2,0,0,1,0,2,1,0,0,1,1,0,0,0,2,1,0,0,0,1,1,1,1,1,0,1,1,1,2,2,1,0,2,0,2,0,0,1,0,0,2,2,2,0,0,0,1,1,1,1,1,1,0,1,0,0,2,0,0,1,0,0,1,1,1,1,0,0,0,2,0,1,0,1,1,0,0,0,2,0,1,0,1,0,1,0,0,1,1,0,2,0,0,0,1,2,0,0,0,1,0,0,0,1,1,1,1,1,0,1,0,2,0,2,1,1,2,0,0,1,1,1,0,1,1,0,1,1,0,1,0
"dcor134074b_wpac",1,0,1,2,1,0,0,0,0,0,0,1,0,2,1,1,1,1,0,0,1,0,2,2,2,0,0,1,1,0,0,0,1,1,0,1,2,0,1,2,NA,1,0,1,0,0,0,0,2,2,2,2,1,0,2,0,1,1,2,1,0,1,0,1,0,0,2,1,2,0,1,1,1,0,NA,2,1,1,0,2,0,0,1,1,2,0,0,1,2,1,2,0,0,1,0,0,0,1,2,1,2,0,1,2,0,1,2,0,0,1,0,0,2,0,2,0,0,1,0,1,1,1,1,1,2,0,0,1,1,2,2,1,1,0,1,1,1,1,1,0,2,1,1,1,1,0,0,1,1,1,2,0,0,2,1,0,1,0,0,0,0,2,1,1,1,0,0,0,0,0,0,2,0,1,2,0,0,1,2,0,0,2,1,0,1,0,1,1,0,0,0,0,1,1,1,0,0,0,0,1,0,0,1,1,2,0,0,1,0,1,0,2,0,2,0,0,2,1,0,0,2,2,1,2,0,0,0,1,1,0,0
"dcor62761b_wpac",2,1,1,0,2,1,1,0,0,0,0,0,0,2,1,1,0,0,0,0,1,0,0,0,1,0,0,1,1,0,1,2,1,1,1,1,1,1,2,1,0,0,0,0,0,0,0,0,2,1,1,1,1,0,1,1,0,1,0,2,0,0,1,0,0,0,1,0,0,2,1,1,0,2,NA,0,1,1,0,0,1,0,1,1,2,0,1,2,2,1,2,0,2,1,0,0,0,1,1,0,1,1,0,2,1,2,1,1,0,0,1,0,2,1,2,2,0,2,1,0,1,2,1,1,2,0,2,0,2,2,1,1,2,0,0,0,1,0,1,1,1,1,1,1,2,0,0,2,1,1,2,2,0,0,1,0,1,0,0,0,0,1,0,0,0,0,0,0,0,2,0,2,0,1,2,0,0,0,2,0,0,0,0,0,1,0,0,1,0,0,1,0,1,1,0,1,0,1,0,0,2,0,0,1,1,0,0,1,1,1,0,2,0,2,1,2,2,1,0,0,2,1,0,2,0,0,0,2,0,1,1
"dcor32031_wpac",2,1,2,1,1,1,2,1,0,0,0,1,0,1,1,2,0,1,0,0,1,0,0,0,0,0,1,0,2,0,2,1,0,0,0,1,1,0,2,2,NA,0,0,2,0,0,0,0,2,1,1,1,0,0,2,0,0,1,0,1,0,0,0,0,0,0,2,2,1,1,1,2,1,2,NA,1,1,0,1,1,0,0,2,1,0,2,0,0,1,1,2,2,2,0,0,0,1,2,0,0,1,0,0,1,1,1,0,1,0,1,1,0,1,2,2,1,2,1,0,2,2,2,0,1,1,0,2,2,2,2,0,2,1,0,0,0,1,1,1,2,2,0,0,0,1,0,0,2,2,0,1,1,1,1,0,0,0,0,0,0,0,1,2,1,1,0,0,0,0,1,0,1,0,2,2,0,0,0,2,0,0,2,0,0,1,1,0,2,1,0,1,1,0,0,0,1,1,0,0,0,0,0,0,0,0,1,1,0,2,1,0,2,0,2,2,2,2,1,0,1,1,1,1,1,1,1,0,0,0,1,0
"dcor76711_wpac",1,1,2,0,2,1,0,1,0,1,1,0,0,0,0,1,0,0,0,0,1,0,0,0,1,0,1,0,2,0,1,2,0,0,2,1,2,1,1,2,NA,2,0,2,0,2,0,0,1,0,0,0,0,0,1,1,2,1,1,1,0,0,0,0,2,0,2,1,0,2,1,1,0,2,NA,0,2,0,0,2,0,0,2,2,2,0,1,1,0,1,1,0,1,2,0,0,1,1,2,0,2,0,1,2,0,2,0,0,1,2,1,0,1,1,2,1,1,1,1,2,1,1,2,1,2,1,1,2,2,2,1,0,1,0,2,0,1,1,1,1,2,1,0,0,0,0,2,2,1,0,1,1,0,0,0,1,0,0,1,0,1,2,0,0,1,1,0,0,0,1,0,0,0,2,2,0,0,0,2,0,0,1,0,0,2,1,1,2,1,1,2,1,2,0,0,1,0,0,1,0,0,0,0,0,2,0,0,2,0,0,0,2,0,2,0,1,2,0,0,1,2,2,1,1,1,0,1,2,0,1,0
"dcor12523_wpac",1,2,2,0,2,1,0,1,0,2,1,0,1,1,1,1,0,1,1,0,0,0,0,0,0,0,1,1,0,0,1,2,0,0,1,1,2,0,1,1,NA,0,1,0,1,1,0,0,1,2,2,2,0,0,2,0,2,1,0,1,1,0,0,0,1,0,2,1,0,2,1,2,1,2,NA,2,2,0,0,2,1,0,2,1,1,1,2,2,1,2,2,0,1,0,0,1,0,0,1,0,2,0,1,2,1,2,1,0,1,0,2,0,1,1,2,2,1,2,0,2,2,2,0,0,1,0,2,1,2,2,0,1,2,1,0,0,2,0,1,2,1,2,2,1,1,0,0,1,1,1,2,1,0,0,0,0,1,0,1,0,0,1,1,0,1,0,1,1,1,1,0,0,0,0,2,0,0,0,1,0,0,1,0,0,0,0,0,1,0,1,2,0,0,0,0,1,1,0,2,2,0,0,1,0,2,0,0,0,0,0,1,0,1,2,2,2,2,0,0,1,2,1,2,1,1,0,0,0,0,1,0
"dcor14719_p2",1,1,0,1,1,0,0,0,0,2,0,0,2,0,1,1,1,1,1,0,1,0,0,0,2,0,0,0,2,0,1,2,1,1,0,2,2,1,2,1,NA,0,0,1,0,1,0,1,2,1,1,1,1,1,0,2,2,2,2,1,1,0,0,1,1,0,2,1,0,2,1,2,1,2,1,2,2,0,2,1,1,1,2,1,2,0,0,2,0,2,2,1,1,1,0,0,0,2,0,0,0,0,0,0,0,2,1,0,0,1,2,1,1,2,0,1,0,2,0,1,1,2,0,2,0,0,0,1,2,1,1,0,2,1,0,1,0,0,0,1,1,0,0,0,0,0,0,1,0,0,0,0,1,1,2,1,1,1,0,1,0,2,0,0,0,1,1,1,0,0,0,1,2,0,2,0,1,1,2,0,0,1,0,1,1,1,0,1,1,0,0,1,0,0,1,1,1,0,0,1,1,0,2,0,0,1,0,0,2,0,0,0,0,0,0,0,0,0,0,1,1,1,0,1,1,1,1,1,1,0,1
"dcor12524_wpac",1,2,2,1,1,1,0,1,0,0,0,2,0,0,1,2,0,2,0,0,0,0,0,0,0,0,0,1,1,1,2,2,1,1,2,1,2,1,2,2,NA,1,0,1,1,0,0,0,1,1,1,1,1,1,2,0,2,2,0,2,1,0,1,0,2,0,2,0,1,1,1,2,0,2,NA,0,2,0,2,0,1,0,2,0,1,1,1,2,2,2,2,0,2,0,1,0,1,2,0,0,0,0,0,2,1,1,1,0,2,0,2,1,0,1,2,1,0,1,0,2,1,2,1,2,1,1,1,1,2,0,2,0,2,0,2,1,1,0,1,1,1,1,2,1,1,1,0,0,0,1,0,0,0,0,0,1,1,2,0,0,0,0,1,0,0,2,0,0,0,0,0,2,0,2,0,0,0,0,0,1,0,1,0,0,0,0,1,1,0,0,1,0,0,0,0,2,0,0,1,0,1,0,0,0,1,1,1,1,1,2,0,0,1,2,0,1,2,0,0,0,2,2,0,1,0,0,0,0,0,1,1
"dcor12492b_wpac",2,1,2,1,2,0,0,1,0,0,1,1,1,2,0,1,0,2,1,0,0,0,0,0,0,0,0,1,1,1,0,2,0,0,0,0,2,1,1,2,2,0,0,1,1,1,0,0,2,2,2,2,1,0,1,1,2,0,1,2,0,0,0,0,1,0,2,1,0,2,1,1,0,2,NA,0,2,0,0,1,1,1,2,1,1,1,1,0,1,2,2,0,2,0,0,0,0,1,1,0,1,0,0,2,0,2,0,0,1,1,2,0,1,1,2,0,0,2,0,2,0,2,0,0,2,0,0,2,2,1,1,0,1,0,0,1,1,0,0,1,1,0,0,1,1,0,0,2,1,1,1,1,0,0,0,0,1,0,0,1,0,0,2,1,1,0,0,0,0,1,0,1,0,1,2,0,0,0,2,0,0,0,0,0,1,1,0,2,1,1,1,0,0,0,1,0,1,1,0,0,2,0,0,0,1,1,2,0,0,2,0,2,0,2,0,0,2,0,0,2,2,2,2,1,1,2,0,1,0,1,2
"dcor12519_wpac",2,0,1,0,2,0,1,1,0,0,1,0,0,0,0,1,0,1,0,0,1,0,0,0,0,0,0,1,1,1,0,1,1,1,0,1,1,1,2,2,NA,2,0,2,0,0,0,1,1,2,2,2,1,0,1,1,2,1,0,2,0,0,0,0,1,0,2,0,1,1,2,1,1,2,NA,0,2,1,2,1,0,0,2,0,1,1,0,1,2,1,2,2,2,1,0,1,0,2,0,0,1,2,0,2,0,2,1,0,0,1,0,0,2,0,2,1,0,1,0,2,1,2,0,0,2,0,2,0,2,2,2,1,2,0,0,0,1,0,0,0,1,2,2,1,1,0,1,1,0,2,1,1,0,1,0,2,0,1,0,0,2,0,0,0,2,0,0,0,0,2,0,1,0,0,1,0,0,1,2,0,0,0,0,0,0,0,1,1,1,0,1,1,0,0,0,1,1,0,0,0,0,0,1,0,1,0,1,0,0,1,0,2,0,2,1,2,2,1,0,1,2,2,1,1,1,0,0,1,1,1,0
"dcor76707_wpac",2,1,2,1,1,0,1,0,1,0,0,1,0,1,1,2,0,2,0,0,0,0,0,0,2,0,1,0,1,0,0,2,0,0,1,1,1,0,1,2,NA,2,0,0,0,0,0,0,1,1,1,1,0,0,2,0,2,2,1,1,0,1,0,0,0,1,1,0,0,2,1,2,1,2,NA,0,1,0,0,1,0,0,2,1,1,1,0,1,1,2,2,2,1,1,0,1,0,1,0,0,2,1,0,1,2,2,1,0,0,0,1,0,1,0,2,1,1,2,1,1,0,2,1,2,2,1,0,2,2,1,1,1,1,0,1,1,1,0,0,1,1,1,1,0,2,0,1,2,2,0,2,1,1,1,0,0,1,0,0,0,1,0,1,1,2,0,0,0,0,2,1,1,0,2,2,0,0,0,2,1,0,0,0,0,0,1,0,1,1,0,1,0,0,0,2,2,0,0,0,0,0,0,1,0,2,0,1,0,0,1,0,2,0,2,1,1,2,1,0,2,2,1,0,2,0,0,0,1,0,1,0
"dcor12514b_wpac",2,0,2,0,2,1,0,0,0,0,1,0,1,2,0,1,0,1,1,0,0,2,0,0,0,0,0,0,1,1,0,1,2,2,1,1,2,0,2,1,NA,0,0,1,1,1,0,0,2,2,2,2,1,1,2,0,1,0,0,1,1,0,0,0,1,0,1,0,1,1,1,2,1,2,NA,0,2,0,0,1,0,0,2,0,0,2,0,0,1,1,2,1,0,0,0,2,0,1,0,0,2,1,0,1,1,2,1,2,1,1,0,0,1,0,2,1,0,0,0,2,0,2,0,2,1,0,2,1,2,2,0,1,2,0,1,2,2,1,0,0,1,2,1,0,0,0,1,1,2,0,2,2,0,1,2,0,0,0,1,2,0,2,1,1,2,0,0,0,0,0,1,0,0,2,2,1,0,1,1,0,0,0,1,0,1,1,0,2,1,1,2,0,0,1,0,2,0,1,0,1,0,0,1,0,2,0,1,1,0,0,0,1,0,2,1,1,2,2,0,2,2,1,0,2,0,0,0,2,1,1,0
"dcor12484_wpac",1,1,1,0,2,1,1,1,0,0,1,0,0,1,2,2,1,2,0,0,0,0,1,1,0,0,1,0,2,0,1,1,2,2,1,1,1,1,1,2,NA,1,0,1,0,1,0,0,2,2,2,2,0,0,2,0,2,2,0,1,0,0,1,0,2,0,2,0,0,2,1,2,0,1,NA,0,2,2,0,1,0,0,2,1,1,1,0,1,1,1,2,0,1,0,1,2,2,2,0,0,1,1,1,2,1,2,2,1,1,1,2,0,1,0,2,2,0,1,1,1,0,2,0,1,2,1,1,1,1,2,0,1,2,1,1,0,1,1,1,0,1,2,2,0,0,0,1,1,0,1,2,2,0,1,1,1,1,0,0,0,0,1,1,1,0,1,0,0,0,0,0,1,0,0,2,0,0,0,1,0,0,0,1,0,1,0,0,2,0,0,1,1,0,1,2,1,0,0,2,0,0,1,0,1,1,0,0,1,0,0,0,0,1,2,0,0,2,0,1,0,2,1,2,0,1,0,0,2,0,1,0
"dcor32024_wpac",1,0,2,0,2,0,1,1,0,0,0,2,2,2,0,0,1,1,0,0,1,0,0,0,1,0,0,0,1,1,1,2,2,2,1,0,2,0,1,1,NA,2,0,1,0,0,0,1,2,0,0,0,0,0,1,1,1,1,0,2,0,0,0,0,0,2,0,0,1,1,2,2,1,1,NA,0,1,1,1,1,1,0,2,1,2,0,1,0,2,1,2,2,1,0,0,2,2,2,0,1,2,0,0,1,0,2,0,1,1,0,1,1,1,0,2,2,2,1,0,0,0,1,1,1,2,0,1,2,2,2,1,0,2,0,2,0,2,0,0,1,2,1,1,2,2,0,0,1,1,1,2,1,0,1,0,0,0,1,0,0,0,2,1,0,1,0,0,0,1,1,0,2,0,1,2,0,0,0,1,1,0,0,1,0,0,1,0,1,0,1,2,0,0,0,1,2,0,1,0,2,0,0,0,0,2,0,0,1,0,1,0,2,0,2,2,2,2,0,1,1,2,2,2,2,0,2,0,2,1,1,0
"dcor12503_wpac",1,1,2,0,2,1,1,0,0,1,1,1,1,2,2,1,0,1,0,1,0,0,0,0,2,0,0,1,2,0,1,2,0,0,2,1,2,1,1,2,0,1,0,1,1,0,0,0,2,1,1,1,0,2,2,NA,2,2,1,2,0,0,1,0,1,1,1,0,0,2,2,0,2,2,NA,0,2,0,1,1,0,0,2,1,1,1,0,2,2,1,2,0,0,1,1,0,1,2,0,0,1,0,1,2,0,2,1,0,2,0,1,0,1,0,2,0,0,1,0,1,1,1,0,0,2,0,1,0,1,1,0,2,2,1,0,1,1,2,0,1,1,0,0,0,1,0,1,2,0,2,1,1,0,0,0,0,0,0,0,0,0,2,1,1,1,1,1,1,1,1,0,1,0,1,2,0,0,0,2,0,0,2,0,0,0,0,0,2,0,2,2,0,0,0,1,2,0,0,0,0,0,1,1,1,1,0,0,0,2,1,0,1,0,2,0,1,2,1,0,0,2,2,1,2,0,0,0,1,1,0,1
"dcor12509b_wpac",2,0,2,1,2,1,2,2,0,0,1,0,1,1,1,2,0,1,0,0,1,1,0,0,1,0,0,0,1,0,1,2,0,0,1,1,1,0,0,2,2,1,0,1,1,0,0,1,2,2,2,2,1,0,1,1,2,0,0,1,2,0,0,1,1,0,2,1,0,2,2,1,1,1,NA,0,1,0,0,0,0,0,1,0,0,2,1,0,2,2,2,2,1,0,1,1,0,1,0,0,2,0,0,1,0,2,1,0,0,1,1,0,0,0,2,1,0,0,0,1,1,1,1,1,0,1,1,1,2,2,1,0,2,0,2,0,0,1,0,0,2,2,2,0,0,0,1,1,1,1,1,1,0,1,0,0,2,0,0,1,0,0,1,1,1,1,0,0,0,2,0,1,0,1,1,0,0,0,2,0,1,0,1,0,1,0,0,1,1,0,2,0,0,0,1,2,0,0,0,1,0,0,0,1,1,1,1,1,0,1,0,2,0,2,1,1,2,0,0,1,1,1,0,1,1,0,1,1,0,1,0
"dcor14464_p2",1,1,2,2,2,0,0,1,0,2,0,0,2,2,0,2,0,2,0,0,0,1,0,0,0,0,0,0,1,2,1,0,0,0,1,2,2,1,2,0,0,1,1,1,1,1,2,0,2,1,1,1,0,2,1,1,2,1,1,1,0,0,1,0,1,1,0,1,0,2,1,1,2,2,0,1,1,0,0,2,1,1,2,0,1,1,1,0,1,2,2,1,0,2,2,1,2,2,2,0,0,0,1,0,0,2,1,0,0,0,2,0,1,1,0,0,0,2,0,1,1,0,0,1,0,0,1,2,2,1,1,0,1,1,0,2,0,0,2,1,0,2,2,0,0,0,0,0,1,1,2,2,0,1,0,1,1,0,2,1,0,0,0,0,0,0,2,2,0,1,1,0,1,0,2,0,0,0,2,0,0,0,0,0,0,2,0,0,0,1,1,1,1,0,0,0,0,1,0,0,0,1,1,1,0,0,1,1,1,1,1,0,0,0,0,0,2,0,0,0,0,0,0,0,1,1,0,0,1,1,1
"dcor12485_wpac",2,0,2,0,2,1,1,2,1,1,1,1,0,0,0,2,0,1,0,0,1,0,0,0,0,0,0,1,2,0,1,2,0,0,0,1,1,1,2,1,NA,2,1,2,0,1,0,1,0,1,1,1,1,1,1,1,0,1,0,1,1,0,0,1,0,0,0,0,1,1,1,1,0,2,NA,0,2,0,1,0,0,0,1,1,2,0,0,2,2,2,2,1,1,0,0,1,0,2,0,0,2,0,1,2,1,2,1,1,1,0,2,0,1,1,2,2,0,1,0,2,0,1,1,1,2,0,2,1,2,2,1,0,1,0,1,0,2,1,0,0,1,2,0,0,0,1,2,2,1,1,1,1,0,2,0,1,0,1,0,0,0,1,1,0,1,0,0,0,0,1,0,2,0,2,1,0,0,1,0,1,0,0,0,0,0,0,0,2,1,0,2,0,1,0,0,2,1,0,0,0,0,1,1,0,2,0,2,2,0,2,0,1,0,2,1,1,2,1,0,1,1,1,1,2,0,1,0,1,1,1,0
"dcor15564_p3",0,2,1,2,1,0,0,1,0,2,1,0,1,1,1,1,0,2,2,1,1,0,0,0,2,1,0,0,2,2,0,1,2,2,0,2,2,1,1,1,0,1,1,0,0,2,1,1,0,1,1,1,1,0,1,1,2,1,2,2,1,0,0,2,1,1,1,2,0,2,0,1,2,1,0,1,2,0,1,2,1,1,1,0,1,1,1,0,2,2,1,2,1,0,2,0,1,1,0,0,1,0,0,0,0,2,0,1,0,1,0,0,0,1,0,1,1,2,1,1,1,1,0,2,0,0,1,2,2,2,1,1,2,0,2,0,1,0,1,1,0,0,0,0,0,1,0,0,1,1,2,1,0,2,1,1,1,0,0,0,0,1,1,1,0,0,0,0,0,0,0,1,1,0,0,0,0,1,1,1,0,0,1,1,0,0,0,2,2,0,0,0,1,0,0,0,1,0,0,0,0,0,1,0,2,0,2,0,1,1,0,0,0,1,1,1,2,0,0,2,0,0,0,1,1,0,1,1,0,0,1
"dcor38952_mex_fem",2,0,1,0,2,1,2,0,0,1,0,2,0,0,0,0,1,1,1,1,1,0,0,0,2,0,1,0,1,0,0,2,0,0,0,0,2,1,0,2,2,1,0,1,1,0,0,0,2,2,2,2,1,0,1,1,2,1,0,1,0,0,0,1,1,0,2,0,0,2,2,1,1,2,NA,1,1,1,2,1,0,0,2,0,1,1,0,0,0,1,2,2,1,0,0,1,0,1,1,0,2,1,1,0,1,2,1,0,0,1,1,0,2,0,2,0,1,2,1,2,1,2,1,2,1,0,2,2,1,1,0,1,1,1,1,1,0,1,1,1,2,2,2,1,1,0,1,2,1,1,2,2,0,0,1,0,0,1,0,0,0,2,0,0,2,0,0,0,1,0,0,2,0,1,2,0,0,0,2,0,0,1,0,0,0,0,0,2,1,0,2,0,1,0,1,0,0,1,0,1,1,0,1,1,2,0,0,1,0,1,0,1,0,2,0,0,1,1,0,1,1,1,1,1,0,0,1,1,0,1,1
"dcor12488_wpac",1,0,2,1,2,0,2,1,0,0,0,1,1,0,1,2,0,2,0,1,1,1,0,0,1,0,1,1,1,0,2,1,0,0,2,0,2,1,1,2,0,1,0,1,0,0,0,1,2,2,2,2,0,0,2,0,1,1,0,2,2,1,0,0,0,0,2,0,1,1,1,2,0,1,NA,1,1,0,1,1,0,0,2,0,1,1,1,2,1,2,2,0,0,0,0,0,0,1,1,0,2,1,2,2,1,2,1,0,1,0,2,0,2,0,2,2,0,1,0,1,0,2,1,2,2,0,1,1,2,2,2,1,2,0,2,0,1,1,0,1,1,1,1,2,2,0,0,0,1,0,2,2,0,2,0,2,0,0,1,1,1,2,2,2,2,0,0,0,0,0,0,2,0,2,1,0,0,0,1,0,0,1,1,0,1,0,0,2,1,0,2,0,1,1,1,2,0,0,0,1,0,0,2,0,1,0,0,0,1,2,0,2,0,2,0,0,2,2,0,0,1,1,1,1,2,0,0,1,0,1,1
"dcor6796_wpac",2,2,1,0,2,1,0,2,0,0,1,0,1,1,1,2,0,0,0,0,1,2,0,0,1,0,0,1,2,1,0,2,2,2,0,0,1,2,2,2,NA,0,0,0,1,0,0,0,2,2,2,2,1,0,1,1,2,1,0,0,1,0,2,0,1,0,2,1,0,2,1,1,1,2,NA,1,2,1,0,2,1,1,2,0,1,1,0,0,2,1,2,1,2,2,0,1,0,1,1,0,2,0,1,1,2,2,0,0,1,0,1,1,1,0,2,1,1,2,0,1,0,0,0,2,2,0,1,1,2,2,1,1,2,0,1,0,1,1,0,0,2,2,2,1,1,1,0,2,2,0,1,0,0,0,0,1,0,0,1,0,0,1,2,0,0,2,0,0,0,1,0,0,0,1,2,0,0,0,2,0,0,2,0,0,1,0,0,1,0,1,2,0,1,0,1,1,0,1,0,1,0,0,0,0,2,0,0,2,0,0,1,2,0,2,0,1,2,1,0,1,2,1,1,2,1,0,1,0,2,0,1
"dcor26457_wpac",2,0,1,0,2,1,2,1,0,0,0,1,0,2,0,1,0,1,0,0,1,1,0,0,1,0,0,1,2,1,0,2,0,0,0,0,2,1,1,2,NA,1,0,1,0,1,0,0,2,2,2,2,1,0,2,0,2,0,0,1,1,0,0,1,0,0,2,1,0,2,1,2,0,2,NA,0,0,0,1,0,1,0,1,0,0,2,0,1,2,1,2,1,2,0,0,2,1,1,1,0,2,0,1,1,1,2,0,2,0,1,1,0,2,2,2,2,0,0,0,1,0,2,0,2,2,0,2,0,2,2,1,1,1,1,0,1,0,1,1,1,1,0,0,2,2,0,0,1,1,1,2,2,0,0,2,2,0,2,0,2,0,2,1,1,1,0,0,0,0,2,0,2,0,2,1,0,0,0,1,0,0,0,0,0,0,0,2,2,1,0,2,0,0,0,0,1,2,0,1,1,1,1,2,0,2,0,0,0,1,0,1,1,0,2,0,1,2,0,0,0,2,2,2,1,1,0,1,1,0,1,0
"dcor12499_wpac",2,0,1,0,2,1,1,0,0,1,2,0,0,0,0,0,0,2,0,0,2,0,1,1,1,0,0,1,1,0,0,1,1,1,1,0,2,0,1,1,2,0,0,0,0,1,0,0,1,2,2,2,1,0,0,2,1,2,1,2,0,0,1,0,1,0,2,1,0,2,1,2,0,2,NA,0,1,1,1,0,1,0,2,1,0,2,0,0,1,2,2,1,0,0,0,2,0,1,0,1,2,1,1,1,0,1,1,1,1,0,2,0,2,1,2,0,0,0,0,2,1,1,0,1,2,1,1,2,1,1,1,1,1,1,1,0,1,1,0,2,1,2,2,0,1,0,0,1,0,2,1,1,0,1,0,0,0,0,1,0,0,1,0,0,1,1,1,1,0,2,1,0,0,2,1,0,0,1,2,0,0,0,0,0,1,1,0,2,1,0,1,0,1,0,1,2,0,0,2,0,0,0,1,0,2,0,0,2,0,2,0,2,0,2,1,1,2,2,0,2,2,2,2,2,0,0,1,2,0,2,0
"dcor6802_wpac",2,1,2,0,2,0,1,1,0,0,0,0,0,1,0,1,0,1,0,0,0,0,1,1,0,0,0,1,1,0,1,2,0,0,1,0,2,0,0,2,NA,1,0,1,0,0,0,1,1,2,2,2,1,1,2,0,2,2,0,0,0,0,0,0,1,0,2,0,0,2,0,1,1,2,NA,0,1,0,2,1,0,0,2,1,0,2,1,2,0,2,2,1,0,1,0,0,1,1,2,1,2,0,1,2,1,2,2,1,2,0,1,0,2,0,2,2,0,2,1,1,0,2,0,0,2,0,2,1,2,1,0,1,1,1,1,1,0,0,0,1,2,1,1,1,1,0,1,2,2,0,1,1,0,1,0,0,0,0,0,1,0,1,0,0,2,0,0,0,1,1,0,2,0,2,2,0,0,0,0,0,0,2,0,0,0,1,0,1,1,0,2,0,0,0,0,0,0,0,1,0,0,0,1,1,2,0,0,1,0,0,2,2,0,2,0,1,2,0,0,1,2,1,1,1,0,0,0,0,0,2,0
"dcor14718_p2",1,2,0,1,1,0,0,0,1,2,2,0,2,2,1,2,0,2,0,0,0,0,0,0,2,1,0,1,2,1,0,2,1,1,0,1,2,0,2,0,NA,1,0,0,0,2,0,1,2,1,1,1,1,0,1,0,2,0,2,1,0,0,1,1,2,0,1,0,1,1,1,2,1,0,0,1,2,1,2,2,0,2,2,1,1,1,0,0,1,1,1,2,1,0,1,1,1,1,0,0,0,1,0,0,1,2,1,0,1,1,2,0,0,2,0,1,2,1,1,2,2,2,1,1,0,0,1,2,2,2,1,0,2,0,1,2,0,1,1,1,1,1,1,1,1,1,0,0,1,0,2,0,0,1,0,0,1,1,1,0,0,2,0,0,1,0,1,1,0,0,0,2,1,0,0,0,1,2,2,0,0,1,1,0,2,1,0,0,0,0,0,0,0,0,0,0,1,0,1,0,0,0,0,0,1,0,1,1,0,1,0,0,0,0,0,0,2,0,1,1,0,0,1,0,1,0,1,1,0,0,0
"dcor12486_wpac",1,1,1,2,1,0,1,1,0,0,0,1,0,2,0,1,0,0,1,0,0,0,1,1,1,0,0,1,2,0,0,2,1,1,0,1,2,0,1,1,NA,2,0,1,0,2,0,1,2,1,1,1,0,1,2,0,1,1,1,2,1,1,0,1,1,1,0,2,0,2,2,2,1,1,NA,0,2,0,1,2,0,0,2,1,0,2,2,1,1,2,2,1,2,1,0,0,1,1,0,0,2,2,1,2,1,2,1,0,0,1,2,0,0,1,2,1,1,0,0,2,1,0,2,0,1,0,1,2,2,1,0,0,1,0,1,0,2,1,0,0,1,2,2,1,1,1,0,1,1,1,2,2,1,0,0,0,0,1,0,1,1,1,1,0,1,0,0,0,0,0,0,2,1,1,2,0,0,1,1,1,0,0,1,0,1,0,1,2,2,0,2,1,0,0,1,2,0,1,0,1,0,0,1,1,1,0,1,2,0,2,0,1,0,2,0,0,2,0,2,0,2,2,1,2,0,0,0,0,0,2,0
"dcor62766_wpac",2,0,1,1,2,1,2,0,0,0,1,0,1,2,1,0,0,2,0,0,0,1,0,0,0,0,0,1,2,0,0,2,0,0,1,0,2,2,2,2,NA,1,0,1,0,0,0,0,2,1,1,1,1,0,1,0,1,2,0,2,1,0,1,0,0,1,0,1,1,1,2,1,1,2,NA,1,2,0,1,1,0,0,1,1,0,2,1,0,0,1,2,2,2,0,1,2,1,2,1,0,2,0,0,2,1,1,0,0,1,0,2,0,2,1,2,1,0,2,0,0,1,2,0,1,2,0,2,1,2,1,1,0,1,0,2,1,1,1,0,0,2,1,1,1,1,0,0,1,1,1,1,0,0,2,1,2,0,0,0,0,0,0,1,1,2,0,1,1,0,2,0,0,0,1,2,0,0,0,1,0,1,1,0,0,1,0,1,2,0,1,2,0,0,0,1,1,0,0,1,1,0,1,1,0,1,1,0,2,0,0,0,1,1,2,1,1,2,1,0,1,2,1,1,1,1,0,0,0,0,2,1
"dcor32021_wpac",1,1,2,1,2,0,1,2,1,0,0,0,1,1,0,1,0,2,0,0,1,0,0,0,0,1,1,0,1,0,1,1,0,0,0,0,2,0,1,1,0,2,0,2,1,0,0,1,0,2,2,2,2,0,1,1,0,2,0,1,0,1,0,1,0,0,2,0,0,2,0,1,0,2,NA,0,2,1,0,1,1,0,2,0,2,0,1,0,2,1,1,1,1,0,0,0,0,1,1,0,2,1,0,1,0,2,2,2,1,0,2,1,0,0,2,2,0,2,0,1,1,0,2,1,1,0,0,2,1,2,1,1,2,0,1,0,2,0,0,2,1,2,2,0,1,0,1,1,2,0,1,1,0,1,1,1,0,0,0,2,2,2,0,0,2,0,0,0,1,0,0,1,0,1,2,0,0,0,2,2,0,1,0,0,0,1,1,2,1,1,2,1,1,0,1,1,0,0,1,2,0,0,0,0,1,0,0,2,0,1,0,2,0,2,0,0,2,1,0,0,2,2,0,2,0,1,1,0,0,1,0
"dcor38952b_mex_fem",2,0,1,0,2,1,2,0,0,1,0,2,0,0,0,0,1,1,1,1,1,0,0,0,2,0,1,0,1,0,0,2,0,0,0,0,2,1,0,2,1,1,0,1,1,0,0,0,2,2,2,2,1,0,1,1,2,1,0,1,0,0,0,1,1,0,2,0,0,2,2,1,1,2,NA,1,1,1,2,1,0,0,2,0,1,1,0,0,0,1,2,2,1,0,0,1,0,1,1,0,2,1,1,0,1,2,1,0,0,1,1,0,2,0,2,0,1,2,1,2,1,2,1,2,1,0,2,1,1,1,0,1,1,1,1,1,0,1,1,1,2,2,2,1,1,0,1,2,1,1,2,2,0,0,1,0,0,1,0,0,0,2,0,0,2,0,0,0,1,0,0,2,0,1,2,0,0,0,2,0,0,1,0,0,0,0,0,2,1,0,2,0,1,0,1,0,0,1,0,1,1,0,1,1,2,0,0,1,0,1,0,1,0,2,0,0,1,1,0,1,1,1,1,1,0,0,1,1,0,1,1
"dcor12517_wpac",2,1,2,1,1,1,0,1,0,0,1,0,0,1,2,1,1,2,0,0,0,0,1,1,1,0,0,1,2,0,1,2,0,0,1,1,2,0,2,2,NA,0,0,1,2,0,0,1,2,0,0,0,1,1,2,0,1,2,1,2,0,0,0,0,2,0,2,0,1,1,2,1,0,2,NA,0,1,0,2,1,1,0,2,1,1,1,0,1,2,1,2,0,1,0,1,0,1,2,0,0,0,0,0,2,1,2,1,0,0,0,2,0,0,1,2,1,1,1,1,2,1,2,1,1,2,1,1,1,2,1,2,0,2,0,2,0,1,0,1,0,1,2,2,1,1,0,0,1,0,1,0,0,1,1,0,1,1,2,0,0,0,2,0,0,1,1,1,1,0,0,0,1,0,2,0,0,0,0,1,1,0,0,0,0,0,0,0,1,1,0,1,0,1,0,1,2,0,0,2,0,1,0,1,0,1,1,1,2,0,2,0,0,1,2,0,1,2,0,0,0,2,2,1,2,0,0,0,0,0,1,1
"dcor26458_wpac",1,2,1,1,1,0,0,1,0,0,0,1,0,0,0,1,0,1,1,0,0,0,2,2,1,0,1,1,2,1,1,2,0,0,1,0,2,1,2,1,NA,0,0,0,0,1,0,0,2,1,1,1,1,0,2,0,1,1,1,2,0,0,1,1,0,0,2,0,1,1,1,1,0,1,NA,0,2,0,1,1,1,1,1,1,1,1,0,1,1,2,2,1,0,1,0,0,0,0,1,0,1,0,0,2,2,2,1,0,0,2,2,0,0,1,2,2,1,0,0,1,1,1,0,1,2,0,1,1,2,2,1,1,1,0,0,2,1,0,1,2,1,1,0,1,2,0,0,1,1,1,2,1,0,2,1,2,0,0,0,0,0,2,1,0,2,0,1,1,0,2,0,2,0,1,0,0,0,0,2,0,2,1,0,0,1,0,1,2,1,0,0,1,1,0,1,2,0,0,1,1,0,0,2,0,1,1,0,1,0,1,0,1,0,2,0,0,2,0,1,2,2,2,0,2,1,0,0,0,0,2,1
"dcor26452_wpac",1,0,2,0,1,1,1,1,0,0,1,0,1,0,0,0,1,2,0,1,1,1,0,0,1,0,0,0,2,1,1,2,0,0,1,0,1,1,2,2,NA,1,0,1,1,0,0,0,1,2,2,2,0,0,2,0,1,2,0,2,0,0,1,1,0,0,2,1,0,2,1,0,0,2,NA,0,2,0,0,2,1,0,2,1,2,0,0,0,0,2,2,1,1,1,0,2,0,2,1,0,2,2,0,2,0,2,0,0,0,0,1,0,1,1,2,2,0,2,0,2,1,2,0,0,1,1,0,2,1,2,2,0,2,1,0,1,1,1,1,2,1,1,0,1,1,0,1,2,1,1,2,2,0,1,1,1,0,0,2,1,1,0,0,0,2,0,2,2,0,1,0,1,0,1,1,0,0,0,2,2,0,0,0,0,1,0,0,2,2,0,0,0,1,0,0,1,0,0,0,1,0,0,1,0,2,0,0,1,0,0,1,1,0,2,0,0,1,1,0,0,2,2,1,1,1,0,0,1,2,0,0
"dcor12480_wpac",1,0,1,1,2,1,0,0,0,0,0,0,0,2,2,1,1,2,0,0,0,0,0,0,2,0,1,1,2,0,1,2,0,0,0,1,2,0,2,2,NA,2,0,1,1,0,1,0,2,1,1,1,0,1,1,1,1,0,0,2,1,0,1,0,1,0,1,2,1,1,0,1,0,NA,NA,0,2,1,1,1,0,0,2,1,2,0,0,1,2,1,2,0,1,1,0,1,0,2,0,0,2,1,1,1,1,2,1,0,1,0,2,0,1,2,2,0,1,1,0,2,2,2,1,2,2,1,0,1,2,1,2,1,1,0,2,0,2,0,0,0,1,2,0,1,1,0,0,1,0,1,2,2,0,1,0,0,1,1,0,0,0,0,0,0,0,2,0,0,1,2,0,2,0,0,1,0,0,0,2,1,1,0,0,0,0,1,0,2,1,1,1,0,0,0,1,2,0,0,1,0,1,0,2,0,2,0,1,2,0,1,0,2,0,2,0,1,2,1,0,1,2,1,0,2,0,0,0,0,1,1,1
"dcor12493_wpac",2,0,0,0,2,1,0,1,0,1,2,0,0,0,1,1,0,1,1,0,0,0,0,0,1,0,0,1,2,0,0,2,0,0,0,0,2,1,2,2,NA,1,0,2,0,1,0,1,2,2,2,2,0,0,2,0,2,1,0,2,1,0,0,0,1,0,2,1,0,2,0,2,1,2,NA,0,2,0,0,2,0,0,2,0,1,1,1,1,1,1,2,2,1,0,1,1,0,2,1,0,2,2,0,2,0,1,1,0,2,1,1,0,2,0,2,2,0,1,1,2,1,1,0,2,2,0,2,2,1,1,0,1,2,1,1,0,0,1,1,2,2,2,1,0,1,0,1,1,1,1,1,0,0,0,1,0,0,2,0,0,0,2,0,0,0,0,0,0,0,0,0,2,0,2,2,0,0,0,2,0,0,1,0,0,1,1,0,2,0,1,1,1,0,1,1,1,0,1,0,0,0,1,1,1,1,0,0,1,1,2,0,2,0,2,0,0,2,0,0,2,2,1,2,1,0,0,0,0,0,2,1
"dcor76695b_wpac",1,1,2,1,0,1,0,1,0,1,0,1,0,0,0,1,1,1,0,0,1,0,0,0,0,0,0,0,2,1,2,1,1,1,1,0,2,0,0,2,NA,2,0,0,1,0,0,0,2,2,2,2,1,0,2,0,2,1,1,1,2,0,0,0,0,0,1,0,0,2,2,1,2,2,NA,0,2,1,2,2,0,0,2,1,1,1,1,1,2,2,2,1,2,0,0,0,0,2,0,0,1,1,0,2,1,2,1,1,0,0,2,0,1,0,2,1,2,2,1,1,1,2,0,1,0,0,2,1,2,2,0,1,2,0,2,0,1,2,1,1,1,1,1,0,2,0,0,2,1,0,0,0,0,1,1,1,0,1,0,1,0,0,0,0,1,0,0,0,0,0,0,0,0,1,2,0,0,0,2,1,0,1,0,0,0,0,1,1,1,2,2,0,0,1,1,1,0,0,0,1,0,0,1,0,2,0,1,1,1,2,0,2,0,2,1,1,2,0,2,2,2,2,1,2,0,1,0,0,1,1,0
"dcor16887_wpac",0,0,2,1,1,2,0,0,0,0,0,1,1,0,1,2,0,1,0,0,1,0,0,0,0,0,0,0,2,0,1,2,1,1,1,2,2,1,0,1,NA,2,1,1,2,1,0,0,1,2,2,2,2,0,2,0,1,1,1,1,1,0,0,0,0,0,1,1,1,1,2,2,1,2,NA,1,2,0,1,1,0,0,1,0,1,1,0,1,0,2,2,0,2,0,1,NA,0,2,1,0,2,1,1,2,1,1,2,2,1,0,0,0,2,0,2,2,0,2,0,2,1,2,0,1,2,0,1,2,2,2,0,2,2,0,2,0,2,1,1,1,2,1,1,0,0,1,1,2,2,0,2,2,0,1,1,0,2,1,0,0,0,0,2,1,1,0,1,1,1,2,0,1,0,2,2,0,0,0,1,1,0,1,0,1,1,0,0,1,1,1,1,0,1,0,1,0,0,0,1,2,0,1,1,0,2,0,1,0,0,1,1,1,0,2,0,0,1,2,0,1,2,1,0,1,0,0,0,2,0,1,1
"dcor23557_p3",1,1,0,1,2,1,0,1,0,2,0,0,2,2,1,2,0,2,2,0,2,0,0,0,1,0,0,1,1,2,1,2,0,0,1,1,1,1,0,0,NA,2,1,1,1,0,0,1,1,1,1,1,2,1,0,2,1,2,2,2,0,1,0,1,2,0,2,0,1,1,0,2,2,2,0,0,0,0,2,2,1,1,1,0,1,1,1,1,2,0,2,1,2,1,0,0,1,1,0,0,2,0,0,0,0,2,1,1,0,1,1,1,0,2,0,1,0,2,2,2,2,0,0,2,0,0,1,2,1,2,1,0,0,0,0,1,1,0,1,0,0,1,1,1,1,1,1,1,1,1,1,0,0,1,1,0,0,1,0,0,0,1,1,1,0,1,0,0,0,0,0,2,0,0,1,0,0,0,2,0,1,1,0,0,2,2,0,0,0,0,0,0,0,0,1,1,0,0,0,0,2,1,0,0,1,0,0,0,0,1,1,0,0,2,0,1,2,0,0,0,1,1,0,1,1,1,1,1,1,0,1
"dcor76697b_wpac",2,1,1,1,0,1,1,1,0,1,0,0,2,1,0,1,0,0,0,1,0,0,0,0,1,0,0,0,1,1,1,2,0,0,0,1,1,0,1,1,0,0,0,0,1,1,0,0,1,1,1,1,0,1,2,0,1,1,0,2,1,0,0,1,0,0,2,0,0,2,2,2,1,2,NA,0,2,1,0,2,1,0,2,1,2,0,0,0,1,1,2,1,2,0,0,0,2,2,1,1,2,0,0,1,1,2,2,0,1,1,2,1,1,1,2,1,1,2,0,2,0,1,0,0,1,0,1,1,1,1,0,1,1,0,2,0,2,1,0,1,1,2,1,0,0,0,1,2,1,1,2,2,0,0,1,0,1,0,1,0,0,2,0,0,2,0,0,0,0,1,1,1,0,2,1,0,0,0,1,0,0,1,0,0,2,0,1,2,0,0,2,1,0,0,1,1,0,0,1,1,0,0,1,1,1,0,1,0,1,0,0,2,0,2,1,1,2,0,1,2,2,1,2,2,1,1,0,1,0,1,1
"dcor40943_wpac",2,1,2,0,1,0,1,1,0,0,0,0,0,0,2,1,0,2,1,0,1,0,1,1,2,0,1,1,1,1,0,2,0,0,0,0,2,0,1,2,NA,0,1,1,0,0,0,1,2,1,1,1,2,0,1,1,1,1,1,2,0,0,1,1,1,0,2,0,0,2,2,2,0,2,NA,0,2,0,0,1,2,1,2,1,2,0,1,1,2,0,2,0,2,0,0,1,2,1,0,0,2,2,1,2,2,2,1,0,1,0,1,0,1,1,2,2,0,1,0,2,0,2,1,1,1,0,1,2,2,2,2,0,2,0,1,2,0,0,1,1,1,1,0,1,1,0,1,2,1,0,0,0,0,1,1,0,0,0,0,0,0,1,0,0,1,1,1,1,0,1,0,1,0,1,2,1,0,0,1,0,0,1,0,0,0,0,0,1,1,0,2,0,0,0,1,0,0,0,1,0,0,0,2,1,1,1,1,1,0,2,0,2,0,2,1,2,2,0,1,1,2,2,0,1,2,1,1,1,0,1,0
"dcor102610_wpac",2,1,1,1,2,1,0,0,0,0,0,1,2,2,0,2,0,1,0,0,1,0,1,1,1,0,0,1,2,1,2,2,1,1,0,1,2,0,1,1,NA,0,0,1,1,1,0,1,2,2,2,2,2,0,2,0,1,0,0,2,0,0,1,0,1,0,2,0,1,1,1,1,1,2,NA,0,2,1,1,1,0,0,2,2,0,2,1,0,1,1,1,1,0,0,2,1,0,1,0,0,2,0,1,1,2,2,1,0,1,2,1,0,1,2,2,1,0,1,2,2,0,0,0,2,2,1,1,0,2,2,1,1,2,0,2,0,0,1,0,1,2,0,0,0,0,0,1,1,1,1,2,0,1,0,0,0,0,0,0,1,0,1,0,0,2,0,1,1,0,1,0,2,0,0,1,0,1,0,1,0,0,2,0,0,0,0,1,1,0,1,2,0,1,0,1,1,0,0,0,0,0,0,0,1,1,0,0,2,0,1,1,1,0,2,0,0,2,1,0,1,2,2,1,1,1,0,0,2,1,0,0
"dcor62622_wpac",1,1,2,1,2,0,1,0,0,0,0,0,0,1,1,0,0,1,0,0,0,1,1,1,1,0,0,1,1,0,1,2,1,1,0,0,2,0,1,2,NA,1,0,2,0,1,0,2,1,2,2,2,1,0,1,1,1,1,0,1,0,0,0,0,0,0,2,0,0,2,1,1,1,2,NA,1,1,2,1,1,0,0,2,0,0,2,0,1,2,2,2,0,0,0,1,2,1,1,0,0,1,0,0,1,0,2,1,0,2,0,2,0,1,0,2,2,0,1,0,1,0,0,1,1,1,0,1,2,2,2,1,0,1,0,1,1,1,1,0,2,1,1,1,1,1,0,0,1,1,1,0,0,1,1,0,0,1,1,0,1,0,1,2,2,0,1,0,0,0,0,1,1,0,1,1,0,0,0,1,0,0,0,0,0,0,1,0,2,1,0,1,0,0,1,1,1,0,0,0,0,1,1,1,0,2,0,0,1,0,1,0,1,0,2,0,1,2,0,1,2,2,2,0,2,1,0,0,2,2,0,1
"dcor12509_wpac",2,0,1,0,2,1,0,0,0,0,1,0,0,0,1,1,0,2,0,1,0,0,1,1,1,0,1,0,2,0,0,2,0,0,0,0,2,1,0,1,NA,1,0,0,1,0,0,1,1,2,2,2,1,0,1,1,2,1,1,1,0,2,0,0,0,0,1,0,0,2,0,2,1,2,NA,0,1,0,2,1,2,0,1,1,2,0,0,1,2,2,2,2,1,0,2,2,0,2,0,0,2,1,0,2,1,2,1,NA,1,0,0,1,2,2,2,1,0,2,0,1,0,1,0,0,2,0,2,1,1,2,0,1,1,0,1,1,0,1,1,0,2,0,0,0,0,0,0,1,1,1,2,2,0,1,0,0,1,0,0,0,0,1,0,0,2,0,0,0,0,2,0,2,0,2,1,0,0,0,0,1,0,1,0,0,0,0,1,1,0,0,2,0,0,0,0,1,0,0,0,0,0,0,1,0,2,0,1,0,0,2,0,2,0,2,1,1,2,1,0,2,2,1,0,2,0,0,0,1,0,2,0
"dcor76691_wpac",2,1,2,0,1,1,1,1,0,0,0,1,1,2,0,2,0,0,1,1,2,0,1,1,0,0,0,1,2,0,1,2,1,1,0,1,2,1,0,2,NA,1,1,2,1,0,0,0,1,2,2,2,1,0,1,2,1,1,1,1,1,0,1,1,1,0,1,0,0,2,2,1,2,2,NA,0,2,0,0,2,0,0,1,1,0,2,1,1,1,1,2,2,1,1,2,2,0,1,0,1,2,1,1,1,1,2,1,0,1,0,1,1,2,1,2,1,0,2,0,2,1,0,2,1,0,0,0,2,1,2,2,1,2,0,1,0,2,1,0,1,1,0,0,1,1,0,1,2,1,0,0,0,0,2,2,0,0,1,0,0,1,2,1,1,2,0,0,0,0,1,0,0,0,1,2,0,0,1,1,1,0,1,0,0,1,2,0,1,0,0,0,1,0,1,0,1,1,1,0,0,0,0,0,2,1,0,0,0,0,2,0,2,0,1,0,0,2,2,0,1,1,1,1,2,1,0,0,2,1,1,0
"dcor5724_mex_fem",0,2,1,1,1,1,0,1,0,0,0,0,2,1,0,1,1,0,0,0,0,1,0,0,1,2,0,0,2,0,2,2,0,0,0,0,2,0,2,2,0,2,0,0,0,1,0,0,1,1,1,1,2,2,2,0,2,1,0,2,2,0,0,0,0,0,2,2,1,1,2,2,0,2,2,0,0,0,0,1,0,0,1,1,2,0,0,1,1,2,1,1,2,1,2,0,1,2,0,0,2,0,1,2,1,1,0,1,1,1,2,1,0,0,2,0,1,2,0,1,1,2,2,1,0,0,2,1,1,2,0,1,2,0,0,2,0,0,0,1,2,1,1,0,0,0,1,2,2,0,1,1,0,1,0,0,0,2,0,0,1,1,0,0,0,1,0,0,0,2,0,0,0,2,2,0,0,1,1,1,0,1,0,0,0,0,0,2,0,0,1,0,0,0,0,0,0,0,2,2,0,2,0,0,2,0,0,1,1,1,0,1,1,2,0,1,1,2,0,1,2,0,2,2,1,0,0,1,0,2,0
"dcor134101_wpac",1,1,2,0,1,0,0,1,0,0,0,1,1,1,0,2,0,2,1,1,0,0,0,0,2,1,1,1,1,0,2,2,0,0,1,1,2,0,2,2,NA,0,0,1,0,1,0,1,1,0,0,0,0,0,1,1,0,1,1,1,1,0,1,0,0,0,2,0,0,2,1,1,1,2,NA,1,2,1,2,2,0,0,2,2,1,1,0,0,1,2,2,0,2,1,0,0,0,1,0,0,2,0,1,1,1,2,0,0,1,1,2,0,2,1,2,1,0,0,0,2,1,0,2,2,1,0,2,0,2,1,1,1,2,2,0,1,1,0,1,1,2,1,1,0,0,1,0,1,1,1,1,1,0,0,1,1,1,0,0,1,0,1,1,1,2,0,1,1,0,0,0,1,0,0,2,0,0,0,2,0,0,1,0,1,1,2,0,2,2,2,2,0,0,0,0,2,1,0,0,1,0,0,1,0,2,0,0,0,1,1,1,2,0,2,2,2,2,1,1,2,2,1,1,1,1,1,1,1,1,1,0
"dcor5646_mex_fem",0,0,2,1,1,1,1,1,0,0,1,0,2,1,1,2,0,0,0,0,1,0,0,0,1,1,0,0,2,0,0,2,0,0,0,1,1,1,2,2,NA,2,0,0,0,0,0,0,2,0,0,0,2,1,2,0,1,1,1,0,1,0,1,0,0,0,2,2,2,0,2,2,0,2,NA,1,1,1,0,0,0,0,2,1,1,1,0,1,1,2,2,1,2,0,0,0,0,2,0,0,1,0,2,2,2,1,0,0,0,0,0,1,2,0,2,0,1,2,1,0,2,2,2,1,2,0,2,2,2,2,0,2,2,0,1,0,2,0,0,2,1,2,2,1,1,0,1,2,2,0,1,1,0,1,0,0,0,2,0,0,0,1,0,0,1,1,0,0,0,2,0,1,0,1,2,1,0,1,2,0,1,1,0,0,1,0,0,1,0,0,1,0,1,0,0,0,1,0,1,2,0,1,1,0,2,0,0,0,1,2,0,1,0,2,0,0,0,0,2,1,2,1,1,2,2,0,0,2,0,2,0
"dcor12527_wpac",1,0,1,0,2,1,0,2,0,0,1,0,0,0,0,0,0,0,0,0,1,0,2,2,1,0,0,2,1,0,0,2,0,0,0,1,2,0,1,2,1,1,0,1,0,1,0,0,1,2,2,2,0,1,2,0,1,1,0,1,1,0,1,1,1,0,0,0,0,2,1,2,1,2,NA,0,2,1,1,2,0,0,2,1,0,2,0,0,1,2,1,1,1,0,0,0,1,1,0,0,2,1,1,2,1,2,0,0,0,1,1,0,2,0,2,1,2,1,1,2,1,1,0,1,2,2,0,1,1,2,2,1,1,0,0,1,1,0,1,1,2,0,0,0,0,1,1,2,1,1,1,0,0,1,0,0,1,0,0,1,0,1,2,2,1,0,0,0,0,1,0,1,1,0,1,0,0,0,1,0,0,1,0,0,2,0,0,1,0,1,2,0,1,1,1,0,0,0,1,0,0,0,1,0,2,0,0,2,0,1,0,2,0,1,0,1,2,0,0,2,2,1,0,1,1,0,0,0,1,1,1
"dcor62681_wpac",1,0,1,0,2,1,1,1,0,1,0,1,1,1,0,0,1,1,0,0,0,0,2,2,2,1,1,0,1,0,0,2,0,0,2,0,2,1,0,2,1,0,0,1,0,1,0,1,1,2,2,2,0,0,0,2,2,1,0,2,0,0,0,0,1,0,2,0,0,2,1,2,1,2,NA,0,2,0,1,2,1,1,1,1,2,0,0,1,2,1,2,0,2,0,0,2,1,2,0,0,2,1,0,2,2,2,0,2,0,0,1,0,1,1,2,1,0,1,0,1,0,1,1,0,2,0,0,2,2,1,1,0,2,1,0,1,1,1,0,1,2,1,1,0,1,0,0,1,2,0,1,1,1,1,0,0,1,1,0,0,1,1,1,1,1,0,1,1,0,0,1,1,0,1,1,0,0,0,2,0,1,0,0,0,1,0,0,2,1,0,2,0,0,1,0,1,0,0,1,0,0,0,1,0,2,0,0,1,0,2,0,2,0,2,1,1,2,1,1,1,2,1,0,1,2,1,0,1,0,1,0
"dcor42060_mex_fem",0,1,0,0,2,0,0,0,0,0,0,0,0,0,1,1,2,0,0,0,0,1,0,0,2,2,0,0,2,0,2,1,0,0,0,0,2,1,2,2,NA,2,1,0,0,1,0,0,1,2,2,2,2,1,1,1,1,0,1,2,0,0,2,0,0,0,1,0,1,1,2,0,0,2,NA,1,2,1,1,1,0,1,1,0,1,1,0,1,2,2,2,1,2,1,1,0,1,0,1,0,1,0,0,2,0,1,0,0,0,1,2,1,2,0,2,0,1,1,0,0,2,2,0,0,1,0,2,1,1,2,1,1,2,0,1,1,1,0,0,2,1,1,1,0,1,0,1,1,1,1,2,2,0,0,1,0,0,1,0,0,0,2,0,0,1,0,0,0,0,2,0,0,0,2,2,1,0,0,1,1,0,0,0,0,0,0,0,2,2,1,1,1,1,0,0,0,1,0,2,1,0,1,0,0,2,0,0,1,0,1,0,1,1,2,0,0,2,0,0,0,2,2,1,2,0,0,0,1,0,1,0
"dcor134055_wpac",1,0,2,0,1,1,2,2,0,0,0,1,0,2,1,0,0,0,0,0,0,1,0,0,1,0,0,0,0,0,2,2,0,0,0,0,2,2,1,2,NA,1,0,2,1,0,0,1,2,1,1,1,2,0,1,1,1,1,0,2,0,0,0,0,2,1,1,0,0,2,2,1,0,2,NA,1,2,1,1,1,1,0,1,0,0,2,0,1,2,1,1,1,1,0,0,0,1,2,0,0,2,1,1,1,1,2,0,0,2,0,1,0,2,0,2,1,0,1,1,1,0,1,0,1,2,0,2,2,2,1,0,1,1,1,0,0,2,0,1,2,1,1,1,0,0,1,1,2,1,0,1,1,0,1,2,0,1,1,0,0,0,1,1,1,0,0,0,0,0,0,0,1,0,1,2,1,0,0,0,1,0,0,0,0,0,1,1,2,1,1,2,0,1,0,0,1,0,1,0,0,0,0,0,0,2,0,0,1,0,0,0,0,0,2,0,1,2,1,0,2,2,0,1,2,1,0,0,2,0,2,0
"dcor15552_p2",1,1,1,2,0,1,0,0,0,2,0,0,2,1,0,2,0,1,1,1,2,0,2,2,1,1,0,1,1,2,1,1,1,1,1,0,2,2,2,0,NA,2,0,0,0,0,1,0,2,1,1,1,1,1,0,2,2,0,2,2,1,1,0,0,0,1,1,0,1,1,1,2,1,NA,0,0,0,0,1,1,1,1,2,0,1,1,0,0,1,2,1,2,1,1,0,1,1,2,0,0,2,0,0,1,0,2,0,0,0,2,1,0,1,0,0,0,1,0,1,2,1,0,0,2,0,1,0,2,2,0,1,0,1,2,0,1,0,1,1,0,2,0,0,0,0,0,1,1,0,1,0,0,0,2,1,2,0,1,0,1,1,0,1,0,1,0,0,0,0,1,1,0,1,1,2,1,0,0,0,0,0,1,0,1,2,2,0,0,0,1,1,0,1,0,0,1,0,0,0,0,2,0,0,1,0,0,0,0,0,2,0,0,0,0,0,0,1,0,0,1,2,2,0,0,1,0,0,0,0,2,0
"dcor134109_wpac",2,2,1,1,2,1,1,2,1,0,1,0,0,1,1,1,0,0,0,1,1,0,1,1,1,1,0,1,2,0,0,1,0,0,2,0,1,1,1,2,NA,1,0,1,0,0,0,0,2,2,2,2,2,0,2,0,1,1,0,1,0,0,0,0,0,1,1,1,0,2,2,2,0,2,NA,0,1,1,0,2,0,0,2,0,1,1,0,0,2,1,2,1,1,1,0,1,1,1,0,0,2,0,1,2,0,2,0,0,2,1,1,1,2,1,2,2,0,1,0,1,1,1,1,1,1,1,1,2,2,1,0,1,2,1,1,1,1,1,1,1,2,0,0,1,1,0,1,1,1,1,1,1,0,1,1,1,1,0,0,0,1,2,2,0,1,0,0,0,0,2,0,1,0,2,2,0,1,1,2,0,0,2,0,0,0,1,0,2,0,0,1,0,1,0,0,1,0,0,1,0,0,0,2,1,1,1,1,1,0,0,1,1,0,2,1,1,2,1,0,2,2,2,0,2,0,0,0,0,0,2,0
"dcor37422_wpac",1,1,1,1,2,0,2,0,0,0,0,1,0,2,0,1,0,0,0,0,0,1,1,1,1,1,0,0,2,0,0,2,0,0,1,1,2,0,1,1,NA,0,1,2,0,0,0,0,1,2,2,2,2,0,0,2,1,1,0,1,0,0,1,1,1,0,2,0,0,2,2,2,1,1,NA,1,2,2,2,1,0,0,2,0,1,1,2,2,1,2,2,1,2,1,1,1,0,2,1,0,1,0,1,1,1,2,1,0,0,0,0,0,2,1,2,2,0,1,0,2,1,1,0,1,2,1,1,1,2,2,1,2,2,0,0,1,1,0,0,2,2,1,1,0,0,0,2,2,1,1,2,2,0,1,2,0,1,0,0,0,0,1,1,1,0,0,0,0,0,0,0,2,0,0,1,0,1,1,1,0,0,0,1,0,1,0,1,2,1,1,1,0,1,1,1,1,0,0,1,0,1,0,1,1,2,0,0,0,1,0,0,1,0,2,2,2,2,0,1,2,2,2,0,2,0,1,0,1,0,1,0
"dcor76709_wpac",1,0,1,0,1,1,1,1,0,0,0,1,1,2,1,1,1,2,0,0,1,1,0,0,0,0,0,1,2,0,2,2,0,0,0,0,2,1,2,1,2,1,0,2,1,1,0,1,2,2,2,2,1,0,1,1,1,1,0,2,0,0,0,0,0,0,1,1,0,2,0,1,2,2,NA,0,1,0,1,0,0,0,1,0,2,0,0,1,2,1,1,1,2,0,0,1,0,1,1,0,1,0,0,2,1,2,0,0,1,0,2,0,2,0,2,1,0,2,0,1,0,1,0,1,1,0,1,2,2,2,0,2,2,1,1,1,2,0,0,1,1,1,1,0,0,1,0,1,0,2,1,0,1,0,0,1,0,0,1,0,0,1,1,0,1,1,0,0,0,1,0,2,0,1,2,0,0,0,2,1,0,0,0,0,1,0,1,2,0,1,2,0,0,1,1,0,0,0,0,0,0,0,1,1,0,0,0,0,0,1,1,1,0,2,0,1,2,1,0,1,2,2,1,2,1,1,0,1,0,1,0
"dcor214922_sa_fem",2,2,2,0,2,0,0,2,0,1,1,0,0,1,0,2,1,2,1,0,0,NA,0,0,1,0,0,0,2,0,1,2,0,0,0,0,2,0,0,0,NA,1,1,2,0,2,1,1,2,2,2,2,1,1,NA,2,2,1,0,1,2,0,1,0,1,0,1,0,0,2,1,2,1,2,NA,1,2,0,0,1,0,0,1,1,0,2,0,0,NA,2,2,1,2,0,0,1,0,2,1,0,2,0,2,2,0,2,0,0,1,0,2,0,1,1,2,2,0,0,0,1,1,2,0,1,2,0,2,NA,2,1,1,0,1,0,1,0,1,0,0,1,0,0,0,1,1,0,2,2,2,0,0,0,2,0,0,0,2,0,0,1,1,1,1,0,0,0,0,0,0,0,0,2,0,1,2,0,0,1,2,0,1,0,0,0,0,1,0,0,0,0,1,1,1,0,0,1,0,0,2,0,0,1,0,0,1,0,0,0,1,2,0,1,0,2,0,2,1,0,1,2,2,0,1,0,2,2,1,1,0,1,0
"dcor61468_wpac",1,1,2,1,2,0,0,0,0,0,0,2,0,2,0,2,0,2,0,0,0,1,0,0,2,0,1,0,1,1,0,2,0,0,0,0,1,0,0,2,NA,2,0,1,0,1,0,0,2,1,1,1,2,0,1,1,2,2,1,2,0,0,0,0,0,0,2,0,0,2,1,2,0,2,NA,0,1,1,2,0,1,0,2,2,1,1,1,1,1,1,2,1,1,1,0,1,1,2,0,0,2,1,0,2,2,2,1,1,2,0,1,1,2,0,2,2,0,2,2,2,0,0,0,2,0,0,1,2,2,1,0,0,2,0,1,0,1,0,0,1,0,2,1,1,1,0,0,2,0,2,1,1,0,0,2,0,1,1,0,0,0,2,0,0,0,0,0,0,0,1,1,0,1,1,2,0,0,0,2,0,0,1,0,0,1,1,0,2,0,1,2,0,0,0,0,1,0,0,1,0,0,0,0,1,2,0,1,2,0,1,0,1,0,1,0,0,2,1,0,0,2,1,0,2,0,0,0,1,0,1,1
"dcor40945_wpac",2,0,1,0,2,1,2,1,0,0,0,1,0,2,0,1,0,1,0,0,1,1,0,0,1,0,0,1,2,1,0,2,0,0,0,0,2,1,1,2,NA,1,0,1,0,1,0,0,2,2,2,2,1,0,2,0,2,0,0,1,1,0,0,1,0,0,2,1,0,2,1,2,0,2,NA,0,0,0,1,0,1,0,1,0,0,2,0,1,2,1,2,1,2,0,0,1,1,1,1,0,2,0,1,1,1,2,0,2,0,1,1,0,1,2,2,2,0,0,0,1,0,2,0,2,2,0,2,0,2,2,1,1,1,1,0,1,0,1,1,1,1,0,0,2,2,0,0,1,1,1,2,2,0,0,2,2,0,2,0,2,0,2,1,1,1,0,0,0,0,2,0,1,0,2,1,0,0,0,1,0,1,0,0,0,0,1,1,2,0,0,2,0,0,0,0,1,2,0,1,1,1,1,2,0,2,0,0,0,1,0,1,1,0,2,0,1,2,0,0,0,2,2,2,1,1,0,1,1,0,1,0
"dcor134113b_wpac",1,0,2,0,2,0,1,1,1,1,0,0,0,0,0,1,0,1,0,1,1,0,0,0,2,0,0,1,2,1,0,1,0,0,0,1,2,0,1,2,NA,2,0,1,0,1,0,1,2,1,1,1,1,0,2,0,2,1,1,0,0,0,0,0,0,0,1,1,0,2,1,2,0,NA,NA,1,2,2,1,0,0,0,2,1,0,2,1,2,1,2,1,1,2,0,0,1,2,1,0,0,1,0,1,1,0,2,1,0,0,1,2,0,0,1,2,2,1,1,0,2,1,2,0,1,0,1,0,2,2,2,1,0,2,0,1,1,1,1,0,2,0,1,1,0,1,1,0,0,0,2,1,1,1,1,0,0,1,0,0,0,0,1,1,1,1,0,0,0,1,1,0,1,0,1,1,0,1,0,2,0,0,0,0,0,2,1,0,2,0,0,1,0,0,0,0,2,1,1,0,1,1,0,1,0,1,1,1,0,0,1,0,2,0,1,0,1,2,1,0,0,1,1,1,2,0,0,0,1,0,2,1
"dcor26872_mex_fem",1,2,1,1,1,0,1,2,1,0,0,0,1,0,1,2,1,0,0,0,0,1,0,0,0,2,1,0,2,0,2,0,0,0,1,0,2,1,2,2,2,0,0,0,1,1,0,0,1,2,2,2,2,0,2,0,1,1,0,1,0,0,1,1,0,0,2,0,1,1,2,2,0,2,NA,2,2,0,1,1,0,0,1,1,1,1,1,0,1,2,2,1,2,0,1,0,0,2,0,0,1,0,1,2,1,1,0,1,0,0,1,2,2,0,2,0,1,2,1,1,1,2,1,1,2,0,2,1,1,2,1,0,2,0,2,2,1,0,0,2,2,2,2,0,0,0,0,0,2,0,0,0,0,0,1,0,0,2,0,0,0,1,0,0,1,1,0,0,0,2,0,1,0,1,2,0,0,0,0,1,0,1,0,0,0,0,0,2,2,0,1,0,0,0,0,0,0,0,0,1,0,2,1,0,2,0,0,0,2,1,0,2,0,2,0,0,2,1,0,1,2,2,0,2,2,0,0,1,0,0,0
"dcor15586_p3",0,1,1,2,1,0,0,1,0,2,1,0,0,2,1,2,0,2,2,0,2,0,0,0,2,0,0,0,1,1,2,2,1,1,1,1,1,2,2,0,NA,2,1,1,0,1,1,2,1,1,1,1,0,0,1,1,2,1,2,0,1,0,0,0,1,0,2,0,1,1,1,2,2,2,1,1,1,1,2,2,0,0,1,0,1,1,0,1,1,0,2,1,2,1,0,1,0,2,0,0,2,0,1,1,0,2,0,0,0,1,2,0,0,0,0,1,1,2,0,1,2,1,0,2,0,0,1,2,1,2,1,0,0,0,1,2,0,0,1,2,1,0,0,0,0,2,0,1,0,1,0,0,0,1,0,0,1,0,1,1,0,0,0,0,0,0,0,0,0,0,1,0,1,0,2,1,0,0,1,0,0,1,0,0,2,2,0,1,1,1,1,0,0,0,0,1,2,1,0,0,0,1,0,0,1,0,1,1,1,1,0,0,0,0,0,0,2,0,0,0,0,0,0,0,0,1,0,0,1,1,2
"dcor6803_wpac",1,0,0,1,2,1,0,1,0,0,0,0,0,0,1,1,0,2,0,1,0,0,1,1,2,0,0,0,2,0,0,2,0,0,1,1,2,0,1,1,0,1,0,1,0,0,0,0,2,1,1,1,1,0,2,0,2,1,0,0,0,0,1,0,0,0,1,2,1,1,1,1,1,2,NA,0,2,0,0,1,0,0,2,0,1,1,1,1,1,0,2,0,2,0,0,1,0,2,1,0,2,0,0,1,1,2,0,0,2,2,1,1,1,1,2,2,0,2,0,2,2,1,2,1,2,0,2,2,2,2,0,1,2,0,2,0,1,0,1,1,2,2,2,0,0,0,0,2,0,1,0,0,1,0,0,1,0,1,0,0,1,1,1,0,1,0,0,0,0,0,1,1,0,0,2,0,0,0,2,0,0,0,0,0,0,0,1,2,2,1,1,0,0,0,1,1,0,1,0,0,0,1,2,1,1,0,1,1,1,2,0,2,0,2,0,1,2,0,0,0,2,2,0,2,0,0,0,2,1,0,0
"dcor61464_wpac",2,1,1,0,1,1,1,1,0,0,0,0,1,1,1,0,1,0,0,0,0,0,1,1,1,0,1,0,2,1,1,2,1,1,0,1,2,1,1,0,0,1,0,1,0,1,0,1,2,2,2,2,2,0,0,2,1,1,0,2,0,0,2,0,0,0,2,0,0,2,2,1,0,2,NA,0,1,1,1,0,1,0,2,1,2,0,1,0,1,2,2,0,0,2,0,0,0,2,0,0,2,0,0,0,1,2,1,0,1,0,2,0,2,2,2,0,0,0,0,2,0,2,1,1,2,0,0,1,2,0,1,1,2,0,1,1,0,2,1,1,1,2,2,1,1,0,0,1,2,0,1,1,0,1,1,2,0,1,0,0,0,2,1,0,1,0,0,0,0,1,0,1,0,1,2,0,0,0,2,1,0,1,0,0,0,0,0,2,2,1,1,1,2,0,1,1,0,0,1,1,1,0,1,0,1,1,0,1,1,0,0,2,0,2,0,0,2,2,0,1,2,2,1,0,2,1,1,0,0,1,0
"dcor26451b_wpac",2,0,1,0,2,1,2,2,0,0,0,0,2,2,0,1,0,1,0,0,1,1,0,0,1,1,1,0,1,1,1,2,0,0,0,0,2,0,0,2,NA,2,0,0,1,1,0,0,1,1,1,1,0,0,1,2,1,1,0,0,0,0,1,0,0,0,1,1,0,2,2,2,1,2,NA,0,1,0,1,1,1,0,2,1,0,2,0,0,1,2,2,2,1,0,0,2,1,1,1,0,2,1,0,2,1,2,2,2,1,1,2,0,1,1,2,1,0,1,0,1,1,1,0,1,1,0,1,1,2,2,2,2,2,0,2,0,1,1,0,1,1,2,0,1,1,0,1,1,1,1,1,1,1,0,0,0,0,1,0,0,0,2,0,0,2,0,1,1,1,1,0,0,1,0,2,0,0,0,1,0,0,1,0,0,2,0,0,2,2,0,1,0,0,0,0,2,0,0,0,0,0,0,2,1,1,0,0,2,0,1,0,2,0,2,0,1,2,0,0,1,2,2,0,1,1,1,1,2,1,1,0
"dcor76699_wpac",2,1,1,0,2,1,1,2,0,1,2,0,1,2,0,0,1,0,0,0,1,0,0,0,2,1,0,1,2,0,0,1,0,0,1,0,2,1,1,1,2,2,0,1,0,1,0,0,2,1,1,1,0,0,0,2,2,1,0,2,0,0,0,0,0,0,1,0,0,2,2,2,0,2,NA,0,2,1,1,2,0,0,1,1,2,0,0,1,2,0,2,1,1,0,0,0,0,2,1,0,1,0,1,2,1,2,1,0,0,0,0,0,1,2,2,1,1,1,1,2,0,0,2,0,1,0,1,1,2,2,0,0,2,0,2,0,1,1,0,1,2,0,0,1,1,0,0,0,0,2,1,1,0,1,0,0,0,1,0,0,0,0,1,0,2,0,0,0,1,2,0,1,0,1,1,0,0,0,2,0,1,0,0,0,0,1,0,2,1,0,2,0,0,0,0,1,1,0,0,1,0,1,2,1,1,0,1,1,1,2,0,1,0,2,0,0,2,1,0,0,2,2,0,1,2,1,0,1,0,0,0
"dcor12481_wpac",2,1,2,0,2,0,0,1,0,0,0,0,1,1,1,2,0,2,0,0,0,0,0,0,0,0,1,0,2,0,1,2,0,0,1,0,2,0,1,2,NA,0,0,0,0,0,0,1,2,2,2,2,2,0,2,0,1,2,0,1,0,0,0,1,2,0,2,0,0,2,1,1,2,2,NA,0,1,0,0,1,1,0,1,0,1,1,0,2,0,2,1,1,1,0,0,1,0,0,1,0,1,0,1,1,1,2,1,0,1,0,0,1,2,0,2,2,0,2,1,2,0,2,0,1,1,0,2,1,2,1,0,2,2,2,0,0,1,0,1,2,2,0,0,1,2,0,0,1,2,0,0,0,0,2,0,0,1,1,1,0,1,1,1,1,2,0,0,0,0,0,0,1,0,2,2,0,0,0,1,1,0,0,0,0,0,0,0,0,0,0,2,0,0,0,0,0,0,0,0,0,0,1,1,1,2,0,0,1,0,0,1,1,0,2,1,1,2,0,1,0,2,1,1,1,1,0,0,0,0,2,0
"dcor134098b_wpac",2,0,2,0,2,0,0,1,0,0,0,1,0,2,0,1,1,0,1,1,0,0,0,0,1,0,0,0,1,1,1,0,0,0,1,0,2,0,2,1,NA,1,0,1,0,0,0,0,2,1,1,1,1,1,1,1,1,0,1,2,0,2,0,2,0,0,2,1,0,2,1,2,0,2,NA,0,2,0,1,0,1,1,1,0,1,1,0,1,1,1,2,2,2,0,2,0,1,2,0,0,1,0,0,1,0,2,0,1,0,0,1,1,1,1,2,1,0,1,0,1,0,1,0,0,2,0,1,2,2,2,1,2,2,0,1,0,2,1,0,2,1,1,1,0,0,0,1,1,1,0,1,1,1,0,0,0,0,1,0,0,0,0,1,0,2,0,0,0,0,2,0,1,0,2,2,1,0,0,1,0,1,0,0,0,0,0,0,2,0,0,1,0,1,0,1,1,0,1,0,0,0,0,0,1,2,0,0,0,2,0,2,1,0,1,0,0,2,2,0,1,2,1,1,2,0,1,0,0,0,1,0
"dcor62761_wpac",2,1,1,0,2,1,1,0,0,0,0,0,0,2,1,1,0,0,0,0,1,0,0,0,1,0,0,1,1,0,1,2,1,1,1,1,1,1,2,1,0,0,0,0,0,0,0,0,2,1,1,1,1,0,1,0,0,1,0,2,0,0,1,0,0,0,1,0,0,2,1,1,0,2,NA,0,1,1,0,0,1,0,1,1,2,0,1,2,2,1,2,0,2,1,0,0,0,1,1,0,1,1,0,2,1,2,1,1,0,0,1,0,2,1,2,2,0,2,1,0,1,2,1,1,2,0,2,0,2,2,1,1,2,0,0,0,1,0,1,1,1,1,1,1,2,0,0,2,1,1,2,2,0,0,1,0,1,0,0,0,0,1,0,0,0,0,0,0,0,2,0,2,0,1,2,0,0,0,2,0,0,0,0,0,1,0,0,1,0,0,1,0,1,1,0,1,0,1,0,0,2,0,0,1,1,0,0,1,1,1,0,2,0,2,1,2,2,1,0,0,2,1,0,2,0,0,0,2,0,1,1
"dcor16884_wpac",2,1,0,1,1,0,2,2,2,0,0,1,2,0,0,2,1,2,0,0,1,1,0,0,2,0,0,0,2,1,0,1,0,0,1,0,2,1,1,2,NA,1,0,0,0,0,0,0,2,1,1,1,0,0,2,0,1,2,0,2,2,0,0,1,0,1,1,0,1,1,0,1,1,2,NA,0,2,1,1,2,0,0,2,2,2,0,0,1,0,1,1,0,1,0,0,0,0,2,0,0,1,2,0,2,1,2,1,0,0,1,2,0,2,0,2,1,0,1,1,1,0,2,1,2,2,1,1,1,2,1,2,1,2,0,2,1,1,0,0,1,1,2,1,0,0,1,2,2,1,0,2,2,0,1,0,1,1,0,1,0,0,1,0,0,2,0,0,0,1,2,0,1,0,1,0,0,1,0,1,0,0,1,0,0,0,1,1,0,0,1,2,0,0,0,0,2,0,0,0,0,0,1,1,0,1,0,0,0,1,2,0,0,0,1,0,0,2,1,0,1,2,1,1,2,2,0,0,0,0,1,1
"dcor12481b_wpac",2,1,2,0,2,0,0,1,0,0,0,0,1,1,1,2,0,2,0,0,0,0,0,0,0,0,1,0,2,0,1,2,0,0,1,0,2,0,1,2,NA,0,0,0,0,0,0,1,2,2,2,2,2,0,2,0,1,2,0,1,0,0,0,1,2,0,2,0,0,2,1,1,2,2,NA,0,1,0,0,1,1,0,1,0,1,1,0,2,0,2,1,1,1,0,0,1,0,0,1,0,1,0,1,1,1,2,1,1,1,0,0,1,1,0,2,2,0,2,1,2,0,2,0,1,1,0,2,1,2,1,0,2,2,2,0,0,1,0,1,2,2,0,0,1,2,0,0,1,2,0,0,0,0,2,0,0,1,1,1,0,1,1,1,1,2,0,0,0,0,0,0,1,0,2,2,0,0,0,1,1,0,0,0,0,0,0,0,1,0,0,2,0,0,0,0,0,0,0,0,0,0,1,1,1,2,0,0,1,0,0,1,1,0,2,1,1,2,0,1,0,2,1,1,1,1,0,0,0,0,2,0
"dcor62787_wpac",2,1,1,1,1,1,1,0,0,0,0,0,1,0,0,1,0,0,0,0,0,0,1,1,1,0,0,0,2,1,1,2,0,0,1,0,2,1,1,0,2,1,0,1,0,1,0,0,1,1,1,1,2,0,2,0,2,1,0,1,1,0,0,1,0,1,1,2,0,2,1,0,0,0,NA,2,2,1,1,0,0,0,2,2,1,1,0,1,2,2,0,0,1,0,1,1,0,1,0,0,1,0,1,1,1,1,2,0,1,2,1,0,0,0,2,1,2,2,2,2,0,2,0,1,1,2,0,0,2,2,2,0,2,1,1,1,1,1,1,1,2,2,2,1,2,1,0,2,0,2,1,1,0,2,0,1,0,1,0,0,0,0,0,0,1,0,1,1,0,2,0,0,0,1,2,0,0,0,1,0,0,0,1,0,0,0,1,2,0,1,2,0,0,0,1,1,0,0,1,1,0,0,1,0,2,0,0,1,0,0,0,0,1,2,1,1,2,2,0,0,2,2,0,1,0,1,0,0,0,1,0
"dcor62743_wpac",1,1,2,0,2,1,0,2,1,0,0,1,0,1,0,2,1,1,1,0,0,0,0,0,0,0,0,0,2,0,1,1,0,0,1,0,2,0,1,2,1,0,0,2,0,2,0,1,2,2,2,2,1,0,2,0,2,2,0,2,1,0,1,0,1,0,2,1,0,2,1,1,1,2,NA,1,2,1,0,2,0,0,1,1,1,1,1,1,2,2,2,1,2,0,0,1,1,0,0,0,2,0,1,1,0,2,1,0,0,0,2,1,0,0,2,2,0,1,0,1,0,1,1,1,2,1,1,1,2,0,1,0,1,0,1,0,1,0,1,1,2,0,0,1,1,0,0,1,2,0,1,0,0,1,1,0,0,1,0,0,0,2,1,0,1,0,0,0,2,1,0,0,1,1,2,0,0,0,1,1,0,0,0,0,1,0,0,1,0,0,1,1,0,0,0,1,0,0,0,0,0,0,2,1,2,0,1,0,0,2,0,0,0,2,0,0,2,1,0,2,2,2,1,2,0,0,0,1,0,0,0
"dcor102589_wpac",2,1,2,1,1,0,1,2,0,0,0,0,1,1,1,1,1,0,0,1,1,0,0,0,2,0,0,0,2,0,1,1,0,0,0,0,2,1,1,1,0,2,0,1,2,1,0,1,1,1,1,1,2,0,1,1,2,1,0,2,0,0,0,0,2,0,2,0,0,2,0,2,1,2,NA,1,1,1,0,2,2,0,2,0,1,1,1,1,1,0,2,1,0,1,0,1,0,2,0,0,2,0,1,2,0,2,0,0,2,1,2,0,1,1,2,1,0,2,1,2,1,1,1,1,1,1,1,2,1,2,1,0,2,0,2,1,2,1,2,0,0,1,1,0,1,0,1,2,1,1,1,0,0,2,2,0,0,0,0,0,0,2,0,0,2,0,0,0,0,0,1,0,0,1,2,0,0,1,1,0,1,1,0,0,0,1,0,1,0,0,1,0,1,0,0,1,0,0,1,1,1,1,1,0,1,1,0,2,0,2,0,1,0,2,0,2,2,0,2,1,2,2,0,1,0,0,0,0,0,2,0
"dcor15553_p3",2,1,2,2,2,1,0,0,0,2,0,0,1,2,0,1,1,2,2,1,0,0,1,1,1,0,0,0,1,1,0,2,1,1,0,2,1,1,2,0,1,1,1,1,0,1,0,1,2,2,2,2,2,1,2,0,2,0,2,1,0,0,1,0,0,0,2,0,0,2,0,2,1,2,0,1,1,0,1,1,0,1,1,0,0,2,1,2,1,2,2,2,2,1,0,0,1,2,2,0,0,0,2,0,0,2,1,1,0,2,0,0,1,0,0,0,0,2,2,0,2,1,2,2,0,0,0,2,1,2,2,0,1,1,0,1,0,0,1,2,1,1,1,0,0,1,0,0,2,0,2,1,0,1,0,0,1,0,1,1,0,1,0,0,0,0,2,2,0,1,1,1,0,1,2,2,1,2,1,0,1,0,0,0,1,1,0,2,2,1,1,0,1,0,0,0,0,0,1,0,0,0,0,0,1,0,1,1,1,0,1,0,2,0,0,0,1,0,1,0,1,1,1,0,1,2,0,0,0,1,0
"dcor12500_wpac",NA,1,1,0,2,0,0,0,0,0,1,1,0,1,0,2,0,1,1,2,0,0,0,0,1,0,1,0,1,1,0,2,0,0,1,0,2,0,0,2,NA,2,1,1,2,0,0,1,2,2,2,2,1,0,NA,0,1,2,0,2,1,0,1,0,0,1,1,0,0,2,2,2,1,2,NA,0,2,NA,1,0,1,2,2,0,1,1,0,0,1,1,2,0,1,1,0,0,NA,1,0,0,2,2,0,2,1,2,1,1,0,0,2,0,1,1,2,2,0,0,0,1,1,0,0,1,2,0,2,NA,0,1,1,1,1,0,1,0,0,0,0,1,1,1,1,0,1,0,1,2,2,0,1,1,0,1,0,0,0,1,0,0,0,1,1,1,2,0,0,0,1,1,0,1,0,2,2,0,0,0,2,0,0,2,0,0,1,0,0,2,2,0,1,0,0,1,0,1,0,0,1,1,1,1,1,1,1,0,0,1,0,0,0,2,0,2,1,2,2,0,0,2,2,2,1,2,0,0,0,0,2,0,0
"dcor102610b_wpac",2,1,1,1,2,1,0,0,0,0,0,1,2,2,0,2,0,1,0,0,1,0,1,1,1,0,0,1,2,1,2,2,1,1,0,1,2,0,1,1,NA,0,0,1,1,1,0,1,2,2,2,2,2,0,2,0,1,0,0,2,0,0,1,0,1,0,2,0,1,1,1,1,1,2,NA,0,2,1,1,1,0,0,2,2,0,2,1,0,1,1,1,1,0,0,2,1,0,1,0,0,2,0,1,1,2,2,1,0,1,2,1,0,1,2,2,1,0,1,2,2,0,0,0,2,2,1,1,0,2,2,1,1,2,0,2,0,0,1,0,1,2,0,0,0,0,0,1,1,1,1,2,0,1,0,0,0,0,0,0,1,0,1,0,0,2,0,1,1,0,1,1,1,0,0,1,0,1,0,1,0,0,2,0,0,0,0,1,1,0,1,2,0,1,0,1,1,0,0,0,0,0,0,0,1,1,0,0,2,0,1,1,1,0,2,0,0,2,1,0,1,2,2,1,1,1,0,0,2,1,0,0
"dcor183610_mex_fem",0,2,0,1,1,0,0,2,1,0,1,1,1,1,0,2,0,1,0,0,0,0,0,0,1,1,0,0,2,0,0,2,0,0,1,1,2,0,2,2,NA,2,0,0,1,2,0,1,2,1,1,1,2,2,0,2,0,1,1,1,0,0,1,1,2,0,1,1,1,1,2,2,2,2,NA,2,2,1,1,1,0,0,1,0,1,1,0,1,2,2,2,1,2,0,0,1,1,1,0,1,2,0,1,2,2,2,0,1,1,1,1,1,2,0,2,0,2,2,0,0,0,2,0,2,2,0,2,2,1,2,1,1,2,0,1,2,0,0,0,2,2,2,2,0,1,0,0,1,1,1,1,1,0,0,0,1,0,2,0,0,0,1,0,0,2,0,0,0,0,2,0,0,0,2,2,0,0,0,1,1,1,0,0,0,0,0,0,2,0,1,1,2,0,0,0,0,1,0,1,2,0,1,2,0,2,0,0,0,1,2,0,2,0,2,0,0,1,1,0,1,2,1,2,2,1,1,0,0,2,0,1
"dcor16885_wpac",1,1,1,0,2,2,1,1,0,0,0,2,0,1,0,0,0,2,0,0,2,0,0,0,0,0,0,0,1,1,1,2,1,1,1,1,2,0,1,1,0,2,0,0,1,1,0,0,1,2,2,2,1,0,2,0,2,2,1,0,0,0,0,0,1,1,0,0,1,1,1,0,1,1,NA,1,2,1,1,2,0,0,2,1,1,1,1,0,1,2,2,1,1,2,1,2,1,2,1,0,2,2,0,2,1,1,2,0,1,0,0,0,2,0,2,2,0,2,0,2,1,0,0,0,2,0,2,1,2,2,2,2,2,0,1,1,1,0,0,1,2,0,0,1,1,0,0,2,2,0,2,1,0,1,1,1,0,2,0,0,0,0,0,0,2,0,0,0,1,1,0,0,0,1,2,1,0,0,1,0,0,2,1,0,2,0,1,2,1,1,1,1,1,0,1,1,0,0,0,1,0,1,0,1,2,0,1,2,0,1,0,1,0,1,0,0,2,0,1,2,2,1,2,1,0,0,0,2,1,0,2
"dcor62737_wpac",2,0,1,0,2,0,2,2,0,0,0,1,0,1,1,1,1,0,1,2,0,0,0,0,1,0,1,1,0,0,1,2,0,0,0,0,1,0,1,2,2,1,1,0,1,1,0,0,1,2,2,2,1,0,0,2,2,1,0,2,0,0,0,0,1,0,2,0,0,2,1,2,0,2,NA,1,2,1,0,1,1,1,1,1,1,1,1,2,2,1,2,1,0,1,0,1,0,2,2,0,2,1,0,1,1,2,2,1,1,0,1,0,0,1,2,2,0,0,0,2,2,2,0,0,2,0,2,1,1,2,0,1,1,1,0,1,1,0,0,1,2,2,2,0,0,0,1,2,1,1,0,0,1,0,1,0,1,1,0,2,0,1,1,1,1,0,0,0,0,2,0,1,1,0,2,0,0,2,2,0,1,1,0,0,0,1,0,1,1,1,2,0,0,0,0,1,0,0,1,1,1,0,0,0,1,0,1,2,0,1,0,2,0,2,0,1,2,0,0,1,2,2,0,1,2,0,0,0,0,0,0
"dcor134074_wpac",1,0,1,2,1,0,0,0,0,0,0,1,0,2,1,1,1,1,0,0,1,0,2,2,2,0,0,1,1,0,0,0,1,1,0,1,2,0,1,2,0,1,0,1,0,0,0,0,2,2,2,2,1,0,2,0,1,1,2,1,0,1,0,1,0,0,2,1,2,0,1,1,1,1,NA,2,1,1,0,2,0,0,1,1,2,0,0,1,2,1,2,0,0,1,0,0,0,1,2,1,2,0,1,2,0,1,2,0,0,1,0,0,2,0,2,0,0,1,0,1,1,1,1,1,2,0,0,1,1,2,2,1,1,0,1,1,1,1,1,0,2,1,1,1,1,0,0,1,1,1,2,0,0,2,1,0,1,0,0,0,0,2,1,1,1,0,0,0,0,0,0,2,0,1,2,0,0,1,2,0,0,2,1,0,1,0,1,1,0,0,0,0,1,1,1,0,0,0,0,1,0,0,1,1,2,0,0,1,0,1,0,2,0,2,0,0,2,1,0,0,2,2,1,2,0,0,0,1,1,0,0
"dcor37417_wpac",2,0,1,0,1,1,1,1,0,0,1,0,0,1,1,1,0,2,0,0,1,0,0,0,1,0,1,0,1,0,1,2,0,0,1,0,2,1,0,1,NA,1,0,1,1,0,0,0,1,1,1,1,1,1,1,1,1,0,0,2,1,0,0,0,0,0,1,0,0,2,0,1,0,2,NA,0,1,2,0,1,1,1,2,1,1,1,1,1,1,1,1,1,2,1,1,1,1,2,0,0,2,1,0,1,0,2,1,2,0,0,2,0,2,0,2,1,1,1,1,2,0,1,0,0,2,0,2,1,1,1,1,1,1,1,0,0,2,2,0,1,0,1,1,2,2,0,1,1,1,1,1,0,1,0,1,0,0,1,0,0,0,2,1,1,2,0,0,0,0,1,0,1,0,1,2,0,0,0,1,0,0,0,0,0,1,0,0,2,1,2,2,1,0,0,0,1,0,1,0,0,0,0,1,0,2,0,1,0,1,1,0,2,0,2,1,2,1,1,1,2,2,2,1,1,0,1,1,1,1,0,0
"dcor12511_wpac",1,1,2,0,2,2,0,1,0,1,2,0,1,0,0,0,0,1,1,0,1,1,0,0,0,0,0,1,0,1,0,2,1,1,1,0,2,0,1,1,NA,1,0,0,1,1,0,0,2,2,2,2,0,1,1,1,2,2,0,1,0,0,0,0,1,0,2,1,0,2,2,2,0,2,2,2,2,0,1,2,1,0,2,1,1,1,1,1,0,2,2,0,2,0,0,2,0,1,0,0,2,1,1,2,2,2,1,1,1,1,1,0,1,1,2,2,1,1,0,1,1,2,1,1,1,0,1,1,1,1,1,0,2,2,0,0,2,0,0,1,1,1,1,0,0,1,0,1,1,1,2,0,0,0,0,0,0,0,1,0,0,1,2,1,1,0,1,1,1,1,0,1,0,1,2,0,0,0,1,0,0,1,0,0,0,0,0,1,1,1,2,0,0,1,0,1,1,0,2,1,0,0,2,1,2,0,0,0,0,1,0,1,1,2,1,1,2,0,0,1,2,0,1,1,1,0,0,1,0,1,0
"dcor12520_wpac",2,0,1,0,2,1,0,0,0,0,1,0,0,0,0,1,0,2,0,1,0,NA,1,1,1,0,1,0,2,0,0,2,0,0,0,0,2,1,NA,1,NA,1,0,0,NA,0,0,1,1,2,2,2,1,0,NA,NA,2,1,1,2,0,2,0,0,0,0,2,0,0,2,1,2,1,NA,NA,0,0,0,2,1,2,0,1,1,2,0,0,1,NA,2,2,2,1,1,2,2,0,2,0,0,2,1,0,2,1,2,1,0,1,0,0,1,2,2,2,1,0,2,0,1,0,1,0,0,2,0,2,NA,1,2,0,1,1,0,1,1,0,1,1,0,2,0,0,0,0,0,0,1,1,1,2,2,0,1,0,0,1,0,0,0,0,1,0,0,1,0,0,0,0,2,0,2,0,2,1,0,0,0,0,1,0,1,0,0,0,1,1,1,0,0,2,0,0,0,0,1,0,0,0,0,0,0,1,0,2,0,1,0,0,2,0,2,0,2,1,1,2,1,0,2,2,1,0,2,0,0,0,1,0,2,0
"dcor12494_wpac",1,0,1,0,2,1,0,0,0,0,0,2,0,1,1,1,1,1,0,2,0,1,1,1,1,0,0,0,2,0,0,2,0,0,1,0,1,2,2,1,2,1,1,1,0,1,0,0,2,2,2,2,1,0,2,0,1,2,0,1,1,1,0,1,0,0,2,0,0,2,1,0,0,2,NA,0,0,1,1,0,0,0,2,1,1,1,0,1,1,2,2,0,2,1,1,0,2,1,0,0,2,0,0,2,0,2,1,0,1,1,1,1,1,0,2,2,0,0,0,1,1,1,0,1,2,0,1,1,2,2,1,0,2,0,2,1,0,1,2,1,1,2,2,0,0,0,1,2,0,1,1,1,1,0,0,0,2,0,0,0,0,0,2,2,2,0,0,0,0,0,0,1,0,2,2,0,0,1,2,0,0,0,0,0,1,2,0,1,0,0,1,0,0,0,0,0,0,0,0,1,0,0,0,1,0,0,0,1,0,2,0,2,0,2,0,1,2,2,0,0,2,2,1,1,1,0,1,0,0,1,0
"dcor215012_sa_fem",NA,1,0,1,2,0,1,0,1,1,1,0,0,1,0,0,1,0,1,0,1,0,0,0,2,0,0,0,2,0,1,2,0,0,0,0,1,1,0,2,NA,2,1,1,0,2,1,0,1,2,2,2,2,1,0,2,2,1,0,1,0,0,1,0,1,0,2,0,0,2,2,2,2,NA,NA,0,1,0,1,1,1,0,2,1,0,2,0,1,1,1,NA,1,1,0,1,0,2,2,0,0,1,0,1,1,1,2,0,0,0,0,2,0,1,2,2,2,0,NA,0,2,1,0,0,1,1,0,1,2,2,0,1,0,2,1,0,2,0,1,0,2,1,0,0,2,2,0,1,1,2,0,1,0,0,0,1,1,1,1,0,1,0,0,1,0,1,0,0,0,0,0,0,1,0,1,2,1,0,2,2,0,0,0,0,0,0,1,0,0,0,0,1,0,0,0,0,1,1,0,1,1,0,1,1,0,1,0,1,1,1,1,0,2,0,2,1,1,2,0,0,1,2,1,2,0,2,0,1,2,0,1,0
"dcor214773_sa_fem",NA,2,2,1,1,0,2,1,2,1,0,1,1,1,1,1,0,2,1,0,0,0,0,0,2,0,0,0,2,2,0,2,0,0,1,0,1,2,0,2,NA,1,1,1,1,1,1,0,1,2,2,2,0,0,NA,2,2,1,1,2,0,0,0,1,1,0,2,0,0,2,2,2,2,0,NA,0,2,0,1,2,0,0,2,0,1,1,1,1,1,0,2,0,1,0,0,2,1,2,0,0,1,1,1,1,0,2,0,0,0,0,2,1,1,1,2,1,0,NA,0,2,2,1,0,2,1,0,1,2,0,1,1,0,1,1,1,0,2,0,0,2,1,0,0,1,1,0,0,1,1,1,1,0,0,0,1,0,0,0,1,0,1,1,1,1,1,0,2,2,0,1,0,1,0,0,2,1,0,0,2,0,0,0,1,0,1,1,0,0,0,0,2,1,0,0,1,2,1,0,1,1,1,0,0,0,1,1,0,1,0,2,0,0,0,2,0,2,2,0,0,2,2,2,0,1,1,1,1,2,0,2,0
"dcor37467_wpac",0,0,1,0,2,0,0,1,0,0,0,0,1,1,1,2,0,0,0,0,1,0,0,0,0,1,0,1,2,1,0,2,1,1,2,1,2,1,2,2,NA,1,0,1,0,0,0,0,0,2,2,2,1,0,1,1,2,0,0,1,0,0,0,0,0,0,1,0,0,2,1,0,1,2,NA,1,1,1,1,1,1,0,1,0,2,0,0,1,2,2,2,1,0,1,0,0,0,2,0,0,2,0,1,2,2,2,0,0,2,1,1,0,2,0,2,1,0,2,1,1,2,1,0,1,0,0,2,1,2,1,1,1,2,1,0,1,1,0,0,2,2,2,1,0,1,0,1,2,2,0,2,2,0,1,0,0,0,1,0,1,0,2,0,0,1,0,0,0,1,0,1,0,0,2,1,1,0,0,1,1,1,0,0,0,1,1,0,2,1,0,2,0,2,0,1,2,0,0,1,1,0,0,1,0,2,0,0,2,0,0,0,1,0,2,0,0,2,1,0,1,2,2,0,1,1,1,0,2,0,2,1
"dcor12528_wpac",1,1,2,1,2,1,1,0,1,1,1,0,1,1,1,1,0,1,0,0,2,2,0,0,1,0,0,1,2,1,1,2,0,0,0,0,2,1,2,2,NA,2,0,1,2,1,0,0,2,2,2,2,1,0,2,NA,1,2,0,2,0,0,0,0,1,1,0,0,0,2,1,2,1,2,NA,1,1,0,0,2,0,0,2,1,0,2,0,1,1,2,2,1,1,1,1,2,2,2,0,0,2,0,1,1,1,2,0,1,1,0,2,0,0,1,2,1,0,2,0,2,1,1,1,2,1,0,2,NA,2,1,2,1,1,1,0,0,1,1,1,1,2,0,0,0,0,0,0,2,1,1,0,0,0,1,0,0,1,2,0,0,0,2,2,1,2,0,0,0,0,0,0,0,0,0,2,0,0,0,2,0,0,2,0,0,0,1,0,2,2,0,0,0,0,0,0,1,0,1,0,0,0,0,1,0,0,1,1,2,0,0,1,2,0,2,1,1,2,1,0,1,2,1,0,1,0,0,0,2,0,1,1
"dcor215007_sa_fem",NA,1,2,2,2,0,0,1,1,0,0,1,2,1,0,1,1,0,0,1,0,0,0,0,1,0,0,0,1,1,1,2,1,1,0,1,2,1,0,1,NA,2,2,2,0,1,2,0,2,2,2,2,2,1,NA,2,2,2,0,1,0,0,1,0,2,0,2,0,1,1,2,2,2,NA,NA,2,2,0,1,0,0,0,2,1,1,1,0,0,1,2,2,1,0,0,1,1,1,2,0,0,2,0,0,1,2,2,0,0,1,0,2,1,1,2,2,1,0,2,0,1,0,1,0,0,1,1,1,NA,1,1,2,1,2,2,0,1,1,0,0,2,0,0,0,1,1,0,2,2,1,1,1,1,1,0,1,0,0,0,2,1,1,1,0,0,1,0,0,0,1,1,0,2,0,1,2,0,0,0,2,0,0,0,0,0,0,0,0,1,1,0,1,1,0,0,0,0,0,0,1,0,0,0,0,0,1,0,0,0,0,0,1,1,0,2,0,1,1,0,1,2,2,2,0,2,0,0,1,2,1,1,0
"dcor76693_wpac",2,1,2,0,0,0,1,0,1,1,0,1,0,2,1,1,0,0,0,0,0,0,0,0,1,0,0,0,2,0,0,1,0,0,2,0,2,0,0,1,NA,1,0,0,0,0,0,1,2,2,2,2,0,0,2,0,2,1,0,1,1,0,0,1,0,0,1,1,0,2,1,2,1,2,NA,1,2,0,1,1,0,0,2,0,0,2,0,2,2,1,2,0,1,0,2,0,0,2,1,0,1,1,0,2,1,2,2,0,1,1,2,0,0,2,2,0,1,0,0,2,0,1,0,1,1,0,1,1,2,1,0,0,2,0,0,0,2,0,0,2,1,1,1,0,1,0,1,2,2,0,1,1,0,0,0,1,0,0,0,0,0,2,1,1,1,0,0,0,0,1,0,1,0,1,2,0,0,0,1,0,0,0,0,0,2,0,1,1,1,1,1,0,0,1,1,2,0,1,1,0,0,0,1,0,1,0,0,1,1,1,1,2,0,2,0,0,2,1,0,1,2,2,0,2,1,1,0,0,0,1,0
"dcor214772_sa_fem",NA,0,1,0,1,1,1,2,0,0,0,1,0,2,1,1,0,2,0,0,1,NA,0,0,0,0,0,0,2,0,2,2,0,0,1,0,2,0,2,0,NA,1,0,0,NA,2,1,0,2,1,1,1,2,0,NA,2,2,1,0,NA,1,0,0,1,2,0,1,0,0,2,1,2,2,2,NA,1,2,NA,0,1,0,0,0,0,0,2,0,1,2,NA,2,1,2,1,0,2,0,1,0,0,2,0,0,0,1,2,0,1,1,0,0,2,1,0,2,1,2,NA,0,1,0,1,0,2,0,0,1,NA,2,0,1,1,2,0,1,1,0,0,0,2,2,0,0,2,2,0,0,2,1,1,0,0,1,0,1,1,0,1,1,0,1,1,0,0,1,0,1,1,0,0,1,0,0,0,2,0,0,1,2,0,2,1,0,0,1,1,0,1,0,0,1,1,1,0,2,1,1,0,1,0,1,0,0,0,0,0,2,1,1,0,0,1,0,2,0,1,0,0,2,2,2,1,0,1,2,0,2,2,0,1,0
"dcor6799_wpac",2,0,2,2,2,2,0,0,0,0,1,1,0,2,1,1,0,1,1,0,1,0,0,0,0,0,1,1,0,1,0,1,1,1,0,1,1,1,1,2,0,1,1,2,0,0,0,0,1,2,2,2,2,0,1,0,0,2,1,2,1,0,1,0,1,0,2,0,0,2,1,2,2,2,NA,0,2,1,1,2,0,1,2,1,1,1,1,1,2,2,2,1,1,0,0,2,0,1,1,0,2,0,1,1,1,2,1,1,0,0,2,1,0,0,2,1,0,2,0,1,2,1,2,0,2,0,2,2,1,2,2,1,1,1,0,1,1,0,1,1,1,2,2,1,1,1,0,2,1,1,0,0,1,1,0,1,0,1,0,0,0,1,1,1,2,0,0,0,0,1,0,0,0,1,2,0,0,0,2,0,0,1,0,1,1,1,0,2,1,1,1,0,0,0,1,0,0,1,1,0,0,1,1,0,2,0,0,1,1,0,0,2,0,2,1,1,2,1,0,1,2,2,0,2,0,0,1,0,1,1,0
"dcor62687_wpac",1,1,1,0,2,0,2,1,0,0,1,0,1,2,1,2,0,1,1,0,1,1,1,1,2,0,0,1,2,0,0,1,0,0,1,0,2,1,2,1,NA,0,0,0,0,0,0,0,2,1,1,1,2,0,1,1,2,2,0,2,0,0,2,1,0,0,1,0,0,2,1,1,1,1,NA,1,2,2,1,1,1,1,1,0,0,2,0,1,0,1,2,1,2,1,0,1,1,1,1,0,2,0,0,0,1,2,0,1,2,1,2,0,1,0,2,1,0,2,1,1,1,1,0,1,1,0,0,1,1,1,1,2,2,1,1,0,1,0,1,1,1,2,1,0,1,0,0,2,0,2,1,1,1,0,1,2,0,0,2,1,0,2,1,1,2,0,1,1,0,0,0,1,1,0,2,0,0,0,1,1,1,1,1,0,0,0,0,2,1,1,1,1,1,1,0,1,0,0,1,0,0,0,2,1,2,0,0,1,0,0,0,1,0,2,1,1,2,0,1,0,2,2,0,2,0,0,0,1,1,1,1
"dcor16883_wpac",1,0,1,0,1,0,2,2,0,0,0,2,1,1,1,1,1,1,1,0,0,0,0,0,2,0,1,0,1,0,1,2,0,0,1,2,2,1,1,0,0,1,0,0,1,1,0,1,2,2,2,2,2,0,2,0,2,0,0,0,0,0,0,0,0,0,2,0,0,2,2,0,2,2,NA,1,1,0,0,0,1,1,1,1,0,2,0,2,0,1,2,1,2,0,0,1,0,2,0,0,2,0,0,2,0,2,0,1,0,0,2,0,2,0,2,2,1,2,0,1,0,0,0,0,1,0,2,1,2,2,0,2,2,0,2,1,1,0,0,0,2,0,0,1,1,0,0,2,0,2,2,2,0,1,1,0,0,1,0,0,0,0,0,0,1,0,2,2,0,0,0,1,0,0,2,0,0,0,1,0,1,0,0,1,1,0,0,2,1,1,2,1,0,0,0,0,1,0,0,1,0,1,2,0,2,0,0,0,2,1,0,1,0,2,0,0,2,1,0,1,2,2,1,2,1,0,0,0,1,1,1
"dcor117094_wpac",1,0,2,1,1,0,2,0,0,1,1,0,1,1,2,2,0,0,0,1,0,0,0,0,1,0,0,0,2,0,1,2,0,0,0,0,2,1,1,1,NA,0,0,1,2,0,0,1,2,2,2,2,2,0,1,2,2,1,1,2,0,0,0,0,1,0,1,0,1,1,1,1,1,2,NA,0,2,1,0,1,0,0,1,1,0,2,1,1,1,1,2,0,1,1,2,1,1,2,0,0,1,1,1,0,2,2,0,0,0,2,1,0,1,1,2,0,0,2,0,2,2,1,0,1,1,1,1,1,1,2,2,2,2,0,0,1,0,2,0,0,1,1,0,0,1,0,0,1,2,0,0,0,0,1,1,0,0,0,0,0,0,0,1,1,2,0,1,1,0,2,1,0,0,2,2,0,0,0,2,0,0,1,0,0,0,1,0,2,1,0,2,0,0,0,1,2,1,1,1,0,0,0,1,0,1,1,0,1,0,1,0,1,1,2,0,0,2,0,1,1,2,2,0,1,1,1,0,0,1,1,1
"dcor15562_p3",1,1,1,1,2,1,0,0,0,2,1,0,1,0,2,1,0,2,1,0,1,0,0,0,2,1,0,0,1,1,1,1,0,0,1,0,2,0,2,0,NA,0,1,2,0,1,0,0,0,2,2,2,2,1,0,2,2,1,1,1,1,1,1,1,1,0,1,0,0,2,1,2,0,2,0,1,1,2,2,2,1,1,1,0,0,2,1,1,1,1,2,2,2,1,0,1,1,2,2,0,1,0,2,1,0,1,0,0,0,0,1,0,1,1,0,1,0,1,1,1,2,1,0,2,0,0,2,1,2,2,1,1,1,0,1,2,0,0,1,0,2,0,0,1,1,0,1,1,2,0,0,0,0,1,1,1,0,0,0,0,0,0,1,1,0,1,1,1,0,1,1,1,1,1,2,1,2,1,1,0,2,1,1,1,1,1,0,0,0,1,1,0,0,0,0,1,1,1,0,0,1,0,1,0,0,0,0,1,1,1,1,0,0,0,0,0,1,0,0,0,1,1,0,0,1,1,0,0,1,0,0
"dcor62766b_wpac",2,0,1,1,2,1,2,0,0,0,1,0,1,2,1,0,0,2,0,0,0,1,0,0,0,0,0,1,2,0,0,2,0,0,1,0,2,2,2,2,NA,1,0,1,0,0,0,0,2,1,1,1,1,0,1,1,1,2,0,2,1,0,1,0,0,1,0,1,1,1,2,1,1,2,NA,1,2,0,1,1,0,0,1,1,0,2,1,0,0,1,2,2,2,0,1,1,1,2,1,0,2,0,0,2,1,1,0,0,1,0,2,0,2,1,2,1,0,2,0,0,1,2,0,1,2,0,2,1,2,1,1,0,1,0,2,1,1,1,0,0,2,1,1,1,1,0,0,1,1,1,1,0,0,2,1,2,0,0,0,0,0,0,1,1,2,0,1,1,0,2,0,0,0,1,2,0,0,0,1,0,1,1,0,0,1,0,1,2,0,1,2,0,0,0,1,1,0,0,1,1,0,1,1,0,1,1,0,2,0,0,0,1,1,2,1,1,2,1,0,1,2,1,1,1,1,0,0,0,0,2,1
"dcor117103_wpac",2,0,2,0,1,1,1,1,0,0,0,0,0,0,0,2,0,0,1,0,0,0,1,1,2,0,0,0,2,1,2,2,0,0,1,1,2,1,2,2,NA,1,0,2,1,1,0,0,1,2,2,2,2,0,2,0,1,2,0,1,0,1,0,0,1,0,2,0,0,2,2,1,0,2,NA,0,2,1,0,1,1,0,2,1,0,2,2,1,2,0,2,1,1,1,0,0,0,2,1,0,2,0,0,1,1,2,1,1,0,1,2,0,0,0,2,0,0,2,0,1,0,1,2,0,2,0,1,1,2,2,0,1,2,0,2,1,1,1,0,1,2,1,1,0,0,0,0,0,2,0,0,0,0,2,0,0,0,0,0,0,0,1,1,0,0,2,0,0,0,1,NA,NA,0,1,1,0,0,0,2,1,0,0,0,0,2,0,2,0,0,0,1,0,1,0,0,1,0,1,1,0,0,0,1,0,0,2,0,1,0,1,1,2,0,1,0,0,2,0,2,2,1,0,0,2,0,1,0,0,0,2,1
"dcor37463_wpac",2,0,2,0,1,1,0,1,0,0,1,1,1,1,0,1,0,2,0,0,0,1,0,0,1,0,0,1,2,1,1,2,2,2,1,1,2,0,1,1,NA,1,0,0,2,0,1,1,2,2,2,2,2,0,1,1,0,2,0,1,0,0,1,0,1,0,2,1,0,2,0,2,0,1,NA,1,2,2,2,0,1,0,0,0,0,2,0,1,1,1,2,0,1,0,1,0,0,2,0,0,1,1,0,2,2,2,0,1,0,2,2,0,2,0,2,1,2,1,1,2,1,1,1,1,2,0,1,1,2,2,1,1,2,1,1,1,1,0,0,2,1,2,2,1,1,0,1,2,2,0,1,1,0,0,0,0,0,0,0,0,0,0,0,0,1,0,0,0,0,1,0,0,1,1,2,0,0,0,2,1,1,1,1,0,1,0,0,1,0,0,1,0,1,0,0,1,0,0,1,0,0,0,1,0,2,0,0,2,0,1,0,2,0,2,1,1,2,0,1,1,2,2,1,1,1,0,0,0,0,1,0
"dcor102605_wpac",2,0,2,0,1,0,0,1,0,0,0,0,1,0,0,2,0,1,0,0,1,0,0,0,1,0,0,1,2,1,1,2,0,0,1,1,2,1,2,2,NA,0,0,0,0,0,0,0,2,1,1,1,2,0,1,1,0,2,0,1,0,0,0,1,0,0,0,0,0,2,2,1,0,2,NA,1,1,0,1,0,0,0,2,2,0,2,1,1,1,2,2,1,1,0,0,0,1,2,1,0,2,1,0,1,1,2,1,1,0,0,1,0,0,1,2,2,0,1,0,0,1,1,1,2,2,0,1,1,1,1,1,1,2,0,1,2,0,1,0,1,1,1,1,0,1,0,1,1,0,2,2,2,1,0,0,0,0,0,0,1,0,1,0,0,1,0,1,1,0,0,0,2,0,1,1,0,0,0,2,0,0,0,0,0,1,1,0,2,2,0,2,0,0,0,0,2,0,0,0,1,0,1,1,0,1,0,0,2,0,0,1,2,0,2,0,1,1,0,1,0,2,2,0,1,1,2,0,0,0,1,0
"dcor16882_wpac",2,1,2,0,2,0,1,1,0,0,0,0,1,1,0,0,0,2,0,1,0,1,0,0,2,1,2,0,1,1,1,1,1,1,0,1,1,1,1,1,NA,0,0,0,1,0,0,1,2,2,2,2,1,1,2,0,1,1,1,2,0,0,1,1,0,0,2,1,1,1,1,1,1,1,NA,0,2,1,1,0,0,0,2,0,0,2,0,2,0,1,2,0,1,2,1,2,2,2,1,0,2,0,1,2,0,2,0,0,1,0,2,0,2,1,2,1,0,2,1,2,0,1,0,2,2,0,1,2,1,0,1,0,2,0,2,1,1,1,0,0,1,1,1,1,1,0,1,2,1,1,2,2,1,0,1,1,0,2,0,0,0,1,1,0,2,0,1,1,2,NA,0,1,0,1,2,0,0,0,2,0,0,0,1,0,0,0,0,2,2,0,0,0,0,0,0,0,0,0,0,1,0,1,2,0,1,1,0,1,1,1,1,2,0,2,0,0,2,1,0,1,2,0,1,2,0,1,1,1,1,1,2
"dcor37468_wpac",2,2,2,0,2,0,1,1,0,1,0,1,0,1,0,0,0,2,0,0,1,0,0,0,0,1,0,0,2,0,2,2,0,0,2,1,2,0,2,1,NA,0,0,1,0,0,0,0,2,2,2,2,2,0,2,0,1,1,0,2,0,0,2,0,1,0,1,0,0,2,2,1,0,NA,NA,1,2,2,0,2,0,0,2,1,1,1,0,0,1,1,2,0,1,0,0,2,0,1,1,0,2,1,1,2,1,2,1,2,1,1,2,0,1,0,2,1,0,1,0,2,1,1,0,0,1,0,2,2,1,2,0,1,2,0,1,0,1,1,0,1,0,0,0,0,0,0,2,2,2,0,1,1,0,1,2,0,0,0,0,0,0,1,0,0,1,0,0,0,1,0,0,1,0,1,2,0,0,1,1,1,0,0,0,0,1,2,0,2,0,1,1,0,0,0,1,1,0,0,1,0,0,0,1,1,1,1,2,2,0,1,1,2,0,2,1,1,2,1,1,1,2,0,0,1,1,1,0,0,1,1,1
"dcor30265_mex_fem",2,0,1,0,2,0,0,1,0,0,1,1,1,1,0,2,0,1,0,0,0,0,0,0,1,0,0,1,2,1,1,1,0,0,0,1,2,0,1,2,NA,2,0,1,0,2,0,1,1,1,1,1,0,0,0,2,2,1,0,2,0,0,0,1,1,0,2,1,0,2,0,1,0,2,NA,0,2,0,1,2,0,0,2,0,0,2,1,1,0,2,2,2,1,1,0,1,0,2,1,0,1,0,0,1,1,2,1,2,1,0,1,0,1,1,2,0,0,1,0,2,1,0,1,0,1,1,1,1,2,1,1,1,2,0,2,0,2,1,1,2,2,2,1,1,1,0,2,2,1,1,1,1,0,0,1,0,1,0,1,1,0,1,2,2,1,0,0,0,1,1,0,1,0,1,2,0,0,0,1,0,0,1,0,1,1,0,1,1,0,2,2,0,1,0,1,2,1,0,0,0,0,1,0,0,0,2,1,1,0,2,0,2,0,2,1,1,2,1,0,2,2,1,0,2,0,1,0,0,0,0,1
"dcor15558_p3",0,2,0,1,2,1,0,0,0,1,0,1,2,1,1,2,0,2,1,0,1,1,0,0,1,0,0,0,2,1,0,2,0,0,1,2,2,1,2,0,NA,0,1,2,0,1,2,0,2,1,1,1,2,0,1,1,2,2,2,2,1,0,1,1,1,0,2,0,0,2,1,2,1,2,0,1,0,0,1,2,0,0,2,0,0,2,0,1,2,1,2,0,2,0,2,1,2,1,0,0,1,0,2,0,0,2,0,0,0,1,1,1,1,0,0,1,1,2,0,2,2,0,0,1,0,1,0,1,1,2,2,0,0,1,0,0,0,0,0,0,0,0,0,0,0,0,0,0,1,0,2,0,1,1,1,0,2,0,0,1,0,1,1,1,2,0,2,2,0,1,0,2,0,1,1,0,1,1,2,0,0,0,0,0,1,0,0,1,1,1,1,0,1,0,0,1,0,2,0,0,0,1,2,0,1,0,0,0,0,0,0,0,0,0,0,0,1,1,0,0,0,0,1,0,0,0,0,0,1,0,1
"dcor76697_wpac",2,1,1,1,0,1,1,1,0,1,0,0,2,1,0,1,0,0,0,1,0,0,0,0,1,0,0,0,1,1,1,2,0,0,0,1,1,0,1,1,NA,0,0,0,1,1,0,0,1,1,1,1,0,1,2,0,1,1,0,2,1,0,0,1,0,0,2,0,0,2,2,2,1,2,NA,0,2,1,0,2,1,0,2,1,2,0,0,0,1,1,2,1,2,0,0,0,2,2,1,1,2,0,0,1,1,2,2,0,1,1,2,1,1,1,2,1,1,2,0,2,0,1,0,0,1,0,1,1,1,1,0,1,1,0,2,0,2,1,0,1,1,2,1,0,0,0,1,2,1,1,2,2,0,0,1,0,1,0,1,0,0,2,0,0,2,0,0,0,0,1,1,1,0,2,1,0,0,0,1,0,0,1,0,0,2,0,1,2,0,0,2,1,0,0,1,1,0,0,1,1,0,0,1,1,1,0,1,0,1,0,0,2,0,2,1,1,2,0,1,2,2,1,2,2,1,1,0,1,0,1,1
"dcor14372_p1",1,0,2,2,2,2,0,1,0,2,0,1,2,0,1,1,1,2,2,0,0,0,2,2,1,0,0,1,0,1,0,2,0,0,1,1,2,0,2,1,NA,2,0,1,1,1,1,0,0,1,1,1,2,1,1,2,1,0,1,1,1,0,1,0,0,0,2,0,0,2,1,2,1,0,0,2,1,0,0,1,0,0,2,0,0,2,0,0,1,1,2,1,2,0,0,0,1,2,2,0,1,0,2,1,0,1,1,0,0,0,1,0,0,0,0,0,0,2,1,2,1,1,0,2,0,1,1,2,2,2,2,0,2,1,0,1,1,1,1,1,2,0,0,1,1,1,1,1,2,0,2,2,2,0,0,0,1,1,0,0,1,1,0,0,0,1,2,2,0,1,1,0,0,0,1,0,1,1,2,0,0,0,2,0,2,1,1,1,1,0,0,1,1,0,1,0,0,1,0,0,1,0,0,0,0,0,0,0,2,0,0,0,1,0,0,0,2,0,0,0,1,1,1,1,2,2,0,0,0,0,0
"dcor38949_mex_fem",0,1,1,0,2,0,0,2,1,1,0,2,2,2,0,1,0,0,0,0,1,0,0,0,2,2,0,0,1,0,0,1,0,0,1,0,1,2,2,2,NA,2,0,0,0,2,0,0,1,1,1,1,2,0,1,1,1,1,1,2,0,0,0,0,0,0,2,0,1,1,2,2,0,2,NA,1,1,0,0,0,1,0,1,0,1,1,0,1,1,2,2,0,2,0,2,0,1,0,0,0,1,0,0,2,1,2,0,1,0,1,2,1,0,1,2,0,1,2,0,1,0,1,1,2,2,0,2,2,1,1,2,1,2,0,1,1,1,0,0,2,2,1,1,2,2,0,0,0,2,0,1,1,0,0,1,2,0,2,0,0,0,1,0,0,0,1,0,0,0,1,0,1,0,1,2,1,0,0,1,1,1,0,0,0,0,0,0,1,0,1,2,0,0,0,0,0,1,0,0,2,0,2,2,0,2,0,0,0,1,2,0,2,0,2,0,0,2,0,0,1,2,1,1,2,0,0,0,2,1,1,0
"dcor6805_wpac",2,0,2,1,2,1,2,0,0,0,0,0,0,1,1,0,1,1,0,0,2,1,0,0,1,1,0,0,1,0,0,1,0,0,0,0,2,2,1,1,NA,1,0,2,0,0,0,0,1,2,2,2,1,1,2,0,1,0,0,1,0,0,0,0,1,1,1,0,1,1,1,2,2,2,NA,0,2,0,2,1,1,1,2,0,1,1,1,0,1,1,2,0,2,1,1,2,1,2,1,0,2,1,0,2,1,2,2,0,1,1,1,0,1,1,2,1,2,2,1,2,2,1,1,0,2,1,1,2,2,2,0,0,2,1,0,0,0,1,1,2,1,2,2,0,1,0,1,1,1,1,1,1,0,0,0,0,1,0,0,1,0,1,1,0,1,1,0,0,0,1,0,1,0,1,2,0,0,0,2,0,0,1,0,0,1,0,1,2,1,1,2,0,1,0,1,2,0,1,0,1,0,1,1,0,2,0,0,1,0,2,0,2,0,2,0,0,2,0,0,0,2,2,1,1,1,0,0,2,0,1,0
"dcor62627_wpac",1,0,2,0,2,2,1,1,1,0,2,0,0,1,0,0,0,1,1,1,1,1,0,0,1,0,0,1,1,0,1,2,0,0,0,0,2,0,1,1,0,0,0,0,1,1,1,1,2,1,1,1,1,0,1,1,1,1,0,2,0,0,0,2,1,1,1,1,0,2,1,2,0,2,2,0,2,1,2,2,0,0,2,0,1,1,0,0,2,1,2,0,2,1,0,0,0,2,0,0,2,1,0,1,1,2,0,1,0,0,2,0,1,0,2,1,0,1,1,1,2,0,1,1,2,0,2,0,1,1,2,1,1,0,1,0,1,1,0,2,2,1,0,0,1,0,0,0,1,0,2,2,0,0,0,0,0,1,0,0,0,0,0,0,0,1,1,1,0,0,0,1,0,2,2,1,0,2,1,0,0,1,0,0,1,1,0,1,0,0,2,0,0,0,0,2,0,0,1,0,0,0,1,1,2,0,0,0,0,1,0,2,0,2,1,2,2,0,0,1,2,1,0,0,2,0,0,1,0,0,0
"dcor134113_wpac",1,0,2,0,2,0,1,1,1,1,0,0,0,0,0,1,0,1,0,1,1,0,0,0,2,0,0,1,2,1,0,1,0,0,0,1,2,0,1,2,NA,2,0,1,0,1,0,1,2,1,1,1,1,0,2,0,2,1,1,0,0,0,0,0,0,0,1,1,0,2,1,2,0,2,NA,1,2,2,1,0,0,0,2,1,0,2,1,2,1,2,1,1,2,0,0,1,2,1,0,0,1,0,1,1,0,2,1,0,0,1,2,0,0,1,2,2,1,1,0,2,1,2,0,1,0,1,0,2,2,2,1,0,2,0,1,1,1,1,0,2,0,1,1,0,1,1,0,0,0,2,1,1,1,1,0,0,1,0,0,0,0,1,1,1,1,0,0,0,1,1,0,1,0,1,1,0,1,0,2,0,0,0,0,0,2,1,0,2,0,0,1,0,0,0,0,2,1,1,0,1,1,0,1,0,1,1,1,0,0,1,0,2,0,1,0,1,2,1,0,0,1,1,1,2,0,0,0,1,0,2,1
"dcor6800_wpac",2,1,1,2,1,0,0,0,0,1,0,0,0,1,0,1,0,0,0,1,0,2,0,0,0,0,1,0,2,0,0,2,0,0,0,2,2,2,1,2,NA,0,1,1,0,0,0,0,2,2,2,2,1,0,2,0,1,0,1,2,0,0,0,2,1,0,2,0,0,2,1,1,1,2,NA,0,1,1,1,2,1,1,1,1,0,2,0,0,1,2,2,0,1,0,0,1,1,2,0,1,2,1,2,1,1,2,0,1,0,2,1,0,NA,0,2,1,0,1,0,2,1,1,1,2,0,1,0,2,2,1,1,2,2,1,1,1,1,1,0,2,1,1,1,1,2,0,0,1,2,0,1,1,0,1,0,1,0,1,0,1,1,1,0,0,1,1,0,0,0,0,0,2,0,2,2,1,0,0,2,2,0,1,0,0,0,0,0,2,1,0,2,0,0,0,1,1,0,0,0,2,0,0,0,1,1,0,0,1,0,0,1,1,0,2,0,0,2,1,0,2,2,2,0,1,1,1,0,0,0,2,0
"dcor6798_wpac",1,1,2,0,2,0,0,0,0,0,1,0,1,0,0,1,0,0,1,0,0,0,0,0,2,0,0,0,1,0,0,1,0,0,0,1,2,0,1,1,NA,2,0,0,2,0,0,1,2,2,2,2,1,0,2,0,1,2,0,1,1,0,2,0,0,0,1,0,0,2,2,2,1,1,NA,1,2,1,0,1,1,0,2,2,0,2,2,1,1,1,2,1,2,1,0,1,0,2,0,0,2,1,1,1,2,2,1,0,1,1,2,0,2,0,2,1,1,0,1,2,1,2,0,2,2,0,1,2,2,1,1,1,1,1,0,0,1,0,0,1,1,2,1,1,1,0,1,1,1,1,1,1,0,1,0,0,0,0,1,0,0,2,0,0,2,0,0,0,0,1,0,2,0,1,2,0,0,0,1,0,0,1,1,0,0,0,0,0,0,0,2,0,0,0,1,0,0,1,1,1,0,0,1,0,1,1,0,0,0,1,1,2,0,1,1,1,2,2,0,1,2,0,1,2,0,0,0,1,0,2,0
"dcor30265b_mex_fem",2,0,1,0,2,0,0,1,0,0,1,1,1,1,0,2,0,1,0,0,0,0,0,0,1,0,0,1,2,1,1,1,0,0,0,1,2,0,1,2,NA,2,0,1,0,2,0,1,1,1,1,1,0,0,0,2,2,1,0,2,0,0,0,1,1,0,2,1,0,2,0,1,0,NA,NA,0,2,0,1,2,0,0,2,0,0,2,1,1,0,2,2,2,1,1,0,1,0,2,1,0,1,0,0,1,1,2,1,2,1,0,1,0,1,1,2,0,0,1,0,2,1,0,1,0,1,1,1,1,2,1,1,1,2,0,2,0,2,1,1,2,2,2,1,1,1,0,2,2,1,1,1,1,0,0,1,0,1,0,1,1,0,1,2,2,1,0,0,0,1,1,0,1,0,1,2,0,0,0,1,0,0,1,0,1,1,0,1,1,0,2,2,0,1,0,1,2,1,0,0,0,0,1,0,0,0,2,1,1,0,2,0,2,0,2,1,1,2,1,0,2,2,1,0,2,0,1,0,0,0,0,1
"dcor26457b_wpac",2,0,1,0,2,1,2,1,0,0,0,1,0,2,0,1,0,1,0,0,1,1,0,0,1,0,0,1,2,1,0,2,0,0,0,0,2,1,1,2,NA,1,0,1,0,1,0,0,2,2,2,2,1,0,2,0,2,0,0,1,1,0,0,1,0,0,2,1,0,2,1,2,0,2,NA,0,0,0,1,0,1,0,1,0,0,2,0,1,2,1,2,1,2,0,0,1,1,1,1,0,2,0,1,1,1,2,0,2,0,1,1,0,1,2,2,2,0,0,0,1,0,2,0,2,2,0,2,0,2,2,1,1,1,1,0,1,0,1,1,1,1,0,0,2,2,0,0,1,1,1,2,2,0,0,2,2,0,2,0,2,0,2,1,1,1,0,0,0,0,2,0,1,0,2,1,0,0,0,1,0,1,0,0,0,0,2,0,2,0,0,2,0,0,0,0,1,2,0,1,1,1,1,2,0,2,0,0,0,1,0,1,1,0,2,0,1,2,0,0,0,2,2,2,1,1,0,1,1,0,1,0
"dcor76715_wpac",2,0,2,1,1,0,1,0,0,0,0,1,1,1,0,1,0,2,0,0,1,0,0,0,1,1,0,0,2,1,0,1,0,0,0,0,1,0,0,2,NA,2,0,1,0,0,0,0,2,0,0,0,2,1,1,1,0,2,0,2,0,0,0,1,1,0,2,0,0,2,0,2,1,2,NA,1,2,1,1,1,0,0,2,0,0,2,1,2,2,0,1,1,1,0,0,1,1,1,0,0,1,0,0,2,2,1,0,2,1,1,1,0,1,2,2,2,0,2,0,2,1,1,1,1,0,0,2,1,1,1,1,1,2,0,1,1,0,0,0,1,1,2,2,0,1,0,0,1,1,1,1,1,0,0,1,0,0,1,1,0,1,0,1,0,2,0,0,0,0,0,0,2,0,2,1,0,0,0,1,0,0,1,0,0,0,0,0,2,1,2,2,0,0,0,1,2,1,0,0,0,1,0,1,0,2,0,1,1,1,1,0,1,0,1,1,1,2,0,1,0,2,2,0,2,1,0,0,1,0,2,0
"dcor16888_wpac",1,1,2,0,2,0,2,1,0,0,0,2,1,0,0,0,1,2,1,0,0,0,0,0,1,0,0,0,1,0,1,2,0,0,2,2,2,0,0,1,0,2,0,0,0,0,0,0,1,2,2,2,2,1,1,1,2,1,0,1,1,0,0,0,1,0,2,0,0,2,2,1,1,2,NA,0,0,1,0,1,0,1,0,0,0,2,1,2,0,2,2,0,1,0,0,2,0,2,0,0,2,1,1,2,0,2,2,1,0,1,2,0,2,1,2,1,1,2,0,1,0,1,1,1,0,0,2,2,2,2,0,2,2,0,0,2,1,1,0,2,1,0,0,1,1,0,1,2,0,1,2,2,0,2,1,0,1,1,0,0,0,0,0,0,0,0,2,2,0,0,0,1,0,0,1,0,0,0,1,0,2,1,0,1,0,0,0,2,1,0,1,1,2,0,0,2,2,0,0,0,0,0,2,1,2,0,0,0,2,0,1,1,0,2,0,0,2,1,0,1,2,1,0,2,1,0,2,2,1,1,1
"dcor16884b_wpac",2,1,0,1,1,0,2,2,2,0,0,1,2,0,0,2,1,2,0,0,1,1,0,0,2,0,0,0,2,1,0,1,0,0,1,0,2,1,1,2,NA,1,0,0,0,0,0,0,2,1,1,1,0,0,2,0,1,2,0,2,2,0,0,1,0,1,1,0,1,1,0,1,1,2,NA,0,2,1,1,2,0,0,2,2,2,0,0,1,0,1,0,0,1,0,0,0,0,2,0,0,1,2,0,2,1,2,1,0,0,1,2,0,2,0,2,1,0,1,1,1,0,2,1,2,2,1,1,1,2,1,2,1,2,0,2,1,1,0,0,1,1,2,1,0,0,0,2,2,1,0,2,2,0,1,0,1,1,0,1,0,0,1,0,0,2,0,0,0,1,2,0,1,0,1,0,0,1,0,1,0,0,1,0,0,0,1,1,0,0,1,2,0,0,0,0,2,0,0,0,0,0,1,1,0,1,0,0,0,1,2,0,0,0,1,0,0,2,1,0,1,2,1,1,2,2,0,0,0,0,1,1
"dcor15592_p3",0,1,2,2,2,1,0,0,0,2,1,1,2,1,0,2,0,1,1,1,0,0,0,0,0,1,0,0,0,1,0,1,0,0,0,1,2,0,1,0,NA,0,0,1,0,0,0,1,0,0,0,0,0,0,0,2,1,1,1,1,1,0,2,1,0,1,1,0,1,1,0,2,1,1,0,1,2,0,2,1,0,0,1,0,2,0,1,0,0,2,2,0,1,1,2,0,2,1,1,0,2,0,1,0,1,2,0,0,0,0,1,1,0,1,0,0,0,1,1,0,2,0,1,2,0,0,1,2,2,1,1,0,1,0,1,1,1,0,1,2,2,0,0,0,0,0,0,1,1,0,2,1,1,0,0,1,0,1,1,1,0,1,2,2,1,0,2,2,0,1,2,0,0,1,1,1,1,1,0,1,0,0,1,0,0,0,1,2,2,2,2,0,2,0,0,0,0,0,0,1,0,1,0,0,1,0,0,0,1,0,1,0,1,1,0,1,1,0,2,0,1,1,1,1,1,0,2,2,0,1,2
"dcor12491_wpac",2,1,2,0,2,1,0,2,0,0,0,0,1,0,1,2,0,1,0,0,2,0,0,0,2,0,1,0,2,1,0,2,0,0,0,0,2,0,1,2,0,1,0,2,1,0,0,1,1,2,2,2,0,0,NA,0,2,2,0,1,2,0,1,0,1,0,2,1,0,2,1,0,1,2,NA,0,2,0,0,1,0,0,2,0,1,1,2,1,0,2,1,0,1,0,2,1,1,1,0,0,0,0,0,2,1,2,0,1,0,0,2,0,2,1,2,2,0,1,0,2,1,0,1,2,2,0,1,1,2,1,1,2,1,0,0,0,1,0,0,2,2,1,0,0,2,0,1,2,2,0,2,2,1,1,1,0,1,1,0,0,1,0,1,1,1,0,1,1,0,2,0,2,0,2,2,0,0,0,1,0,0,0,0,0,1,1,0,1,1,0,1,0,0,0,2,1,0,0,0,2,0,2,1,1,1,0,1,2,0,1,0,2,0,2,0,0,2,0,1,1,2,1,0,1,0,1,0,0,0,2,0
"dcor12521_wpac",2,0,0,1,2,0,0,1,0,0,0,1,0,0,0,2,0,1,1,0,0,0,0,0,1,0,0,2,1,0,1,2,0,0,1,0,2,1,0,2,2,2,0,2,0,0,0,1,2,2,2,2,2,1,1,1,2,0,0,0,0,1,1,0,0,0,2,2,1,1,0,2,0,1,NA,0,2,0,0,2,0,0,2,0,0,2,1,1,2,1,2,1,1,0,1,2,0,2,1,1,1,2,0,1,0,2,0,0,2,2,1,0,1,0,2,1,0,1,1,2,2,2,0,1,1,0,2,2,2,1,1,1,2,0,1,1,2,1,0,2,1,2,1,0,2,0,1,2,0,2,2,2,0,1,2,0,0,1,1,1,1,1,2,1,1,0,0,0,0,0,0,1,0,2,2,0,0,0,2,1,0,1,2,0,1,1,0,2,1,2,2,0,1,0,1,0,0,0,1,0,1,0,2,0,1,0,1,2,0,2,0,1,1,2,1,1,2,0,1,2,2,0,1,2,1,0,0,0,0,2,0
"dcor37471_wpac",1,1,2,1,2,1,0,0,0,1,2,0,1,2,1,1,0,1,0,0,1,1,0,0,2,0,1,0,1,1,1,2,1,1,1,1,2,1,1,2,NA,1,0,2,0,0,0,0,2,2,2,2,1,0,2,0,1,1,0,1,1,0,2,0,1,0,1,0,0,2,1,2,0,2,NA,1,2,1,1,2,1,1,2,1,0,2,1,1,2,1,2,0,2,0,0,0,0,1,1,0,2,1,0,2,1,2,0,0,2,0,2,0,2,1,2,2,1,1,0,1,0,2,0,2,2,0,2,2,1,1,0,0,0,0,1,2,1,2,1,2,1,2,2,1,1,0,1,2,0,2,2,1,0,0,1,0,0,0,1,0,0,1,0,0,1,0,0,0,0,2,0,1,0,2,2,0,1,0,1,0,0,0,0,0,1,1,0,2,0,1,2,0,1,0,0,0,0,0,0,1,0,1,1,0,1,0,0,1,0,2,0,2,0,2,1,1,2,0,1,2,2,1,0,1,1,0,0,0,1,0,0
"dcor61457_wpac",2,0,0,0,2,1,0,1,1,0,1,0,0,0,2,1,0,1,0,0,0,0,0,0,2,0,0,0,2,0,1,2,0,0,0,0,2,2,2,2,NA,0,0,2,0,0,0,1,1,2,2,2,1,0,1,1,2,1,0,2,0,0,0,0,2,0,1,1,1,1,1,1,1,2,0,0,2,0,1,2,0,0,1,1,1,1,2,1,0,1,2,1,2,0,0,0,1,1,0,0,2,1,1,2,0,2,1,2,1,1,1,0,1,2,2,1,0,2,1,1,0,1,0,1,2,0,1,2,2,2,0,1,1,0,1,1,1,1,0,1,1,1,1,0,0,0,0,2,2,0,1,0,1,1,0,0,0,0,0,0,0,2,0,0,1,0,0,0,0,1,0,1,0,1,2,0,0,0,1,1,0,0,0,0,1,0,0,2,2,0,2,0,1,0,0,1,0,0,0,2,0,1,1,1,1,1,0,1,0,1,0,1,0,1,0,0,2,1,0,2,2,2,1,2,0,0,0,1,1,0,1
"dcor16886_wpac",2,0,2,1,2,0,0,1,1,0,0,2,0,0,0,0,0,1,1,0,0,0,0,0,1,1,2,0,1,0,2,1,0,0,0,1,2,0,1,2,0,1,0,0,1,0,0,0,2,1,1,1,2,0,2,0,2,2,0,1,1,0,0,0,0,0,1,2,2,0,2,2,1,2,NA,0,2,1,1,0,2,0,2,1,1,1,0,0,1,2,2,1,2,1,1,NA,1,2,0,0,1,1,1,2,1,2,1,0,1,1,1,0,1,0,2,1,0,1,0,2,2,1,0,1,2,0,2,0,2,2,0,2,2,0,2,1,2,0,0,1,2,1,1,0,0,0,0,1,1,1,2,2,0,0,1,1,1,1,0,0,0,0,2,0,2,0,1,1,2,1,0,0,0,1,2,0,0,0,2,0,0,2,0,2,1,1,0,2,2,0,0,0,1,0,1,0,0,0,0,1,0,1,2,0,1,0,1,0,0,0,0,1,0,2,0,1,2,1,1,2,2,0,1,2,0,0,0,2,0,0,1
"dcor12520b_wpac",2,0,1,0,2,1,0,0,0,0,1,0,0,0,1,1,0,2,0,1,0,0,1,1,1,0,1,0,2,0,0,2,0,0,0,0,2,1,0,1,NA,1,0,0,1,0,0,1,1,2,2,2,1,0,0,NA,2,1,1,1,0,2,0,0,0,0,1,0,0,2,0,2,1,NA,NA,0,1,0,2,1,2,0,1,1,2,0,0,1,2,2,2,2,1,0,2,2,0,2,0,0,2,1,0,2,1,2,1,1,1,0,0,1,2,2,2,1,0,2,0,1,0,1,0,0,2,0,2,1,1,2,0,1,1,0,1,1,0,1,1,0,2,0,0,0,0,0,0,1,1,1,2,2,0,1,0,0,1,0,0,0,0,1,0,0,1,0,0,0,0,2,0,2,0,2,1,0,0,0,0,1,0,1,0,0,0,0,1,1,0,0,2,0,0,0,0,1,0,0,0,0,0,0,1,0,2,0,1,0,0,2,0,2,0,2,1,1,2,1,0,2,2,1,0,2,0,0,0,1,0,2,0
"dcor76695_wpac",1,1,2,1,0,1,0,1,0,1,0,1,0,0,0,1,1,1,0,0,1,0,0,0,0,0,0,0,2,1,2,1,1,1,1,0,2,0,0,2,NA,2,0,0,1,0,0,0,2,2,2,2,1,0,2,0,2,1,1,1,2,0,0,0,0,0,1,0,0,2,2,1,2,2,NA,0,2,1,2,2,0,0,2,1,1,1,1,1,2,2,2,1,2,0,0,0,0,2,0,0,1,1,0,2,1,2,1,1,0,0,2,0,1,0,2,1,2,2,1,1,1,2,0,1,0,0,2,1,2,2,0,1,2,0,2,0,1,2,1,1,1,1,1,0,2,0,0,2,1,0,0,0,0,1,1,1,0,1,0,1,0,0,0,0,1,0,0,0,0,0,0,0,0,1,2,0,0,0,2,1,0,1,0,0,0,0,1,1,1,2,2,0,0,1,1,1,0,0,0,1,0,0,1,0,2,0,1,1,1,2,0,2,0,2,1,1,2,0,2,2,2,2,1,2,0,1,0,0,1,1,0
"dcor6801_wpac",2,1,1,0,2,0,0,0,1,0,0,1,1,1,1,2,0,1,0,0,0,1,0,0,0,1,0,1,1,0,1,2,1,1,0,1,1,1,1,2,NA,0,0,1,0,0,0,0,1,2,2,2,1,0,1,1,2,2,1,1,1,0,1,0,1,1,1,0,0,2,2,2,1,2,NA,0,1,1,0,2,1,0,2,1,1,1,0,2,2,2,2,0,0,1,0,1,1,2,0,0,2,2,0,2,0,2,0,0,2,0,2,0,2,1,2,0,0,1,0,2,0,1,0,1,2,0,0,1,2,2,2,1,1,0,1,0,1,0,0,2,2,0,0,0,2,1,1,2,1,1,1,1,0,1,1,0,1,1,1,0,0,2,1,0,0,0,0,0,1,1,0,1,0,0,2,0,0,0,1,0,1,1,0,0,1,1,0,2,1,2,2,1,0,0,1,0,0,0,1,1,0,1,0,0,2,0,0,0,1,0,2,2,0,1,0,0,2,2,0,0,2,1,0,2,0,0,0,1,2,0,0
"dcor214775_sa_fem",NA,2,1,1,2,1,1,0,0,1,0,1,0,2,2,0,0,0,0,1,1,NA,0,0,2,0,0,0,2,0,1,2,0,0,0,1,1,0,0,1,NA,1,0,2,NA,0,1,0,1,2,2,2,2,1,NA,1,2,0,0,0,0,0,0,0,0,0,2,0,0,2,1,0,2,NA,NA,1,1,NA,0,1,0,0,1,1,0,2,1,2,1,2,2,0,NA,0,0,1,1,1,1,0,2,1,1,1,1,2,0,0,1,0,2,1,2,1,2,2,1,2,0,2,0,1,1,2,1,0,0,NA,2,1,0,0,2,0,0,1,1,0,0,1,0,1,1,1,1,0,0,0,2,0,2,2,1,1,1,1,1,0,0,0,0,1,2,0,1,0,1,1,0,2,0,2,0,0,2,1,0,1,2,0,1,0,0,0,1,1,0,0,0,0,0,1,1,0,0,0,0,0,2,0,2,1,2,0,0,1,1,0,1,1,1,0,0,1,1,1,0,0,0,2,2,2,1,1,2,1,1,1,0,1,0
"dcor6802b_wpac",2,1,2,0,2,0,1,1,0,0,0,0,0,1,0,1,0,1,0,0,0,0,1,1,0,0,0,1,1,0,1,2,0,0,1,0,2,0,0,2,NA,1,0,1,0,0,0,1,1,2,2,2,1,1,2,0,2,2,0,0,0,0,0,0,1,0,2,0,0,2,0,1,1,2,1,0,1,0,2,1,0,0,2,1,0,2,1,2,0,2,2,1,0,1,0,0,1,1,2,1,2,0,1,2,1,2,2,1,2,0,1,0,2,0,2,2,0,2,1,1,0,2,0,0,2,0,2,1,2,1,0,1,1,1,1,1,0,0,0,1,2,1,1,1,1,0,1,2,2,0,1,1,0,1,0,0,0,0,0,1,0,1,0,0,2,0,0,0,1,1,0,2,0,2,2,0,0,0,0,0,0,2,0,0,0,1,0,2,1,0,2,0,0,0,0,0,0,0,1,0,0,0,1,1,2,0,0,1,0,0,2,2,0,2,0,1,2,0,0,1,2,1,1,1,0,0,0,0,0,2,0
"dcor12514_wpac",2,0,2,0,2,1,0,0,0,0,1,0,1,2,0,1,0,1,1,0,0,2,0,0,0,0,0,0,1,1,0,1,2,2,1,1,2,0,2,1,NA,0,0,1,1,1,0,0,2,2,2,2,1,1,2,NA,1,0,0,1,1,0,0,0,1,0,1,0,1,1,1,2,1,2,NA,0,2,0,0,1,0,0,2,0,0,2,0,0,1,1,2,1,0,0,0,2,0,1,0,0,2,1,0,1,1,2,1,2,1,1,0,0,1,0,2,1,0,0,0,2,0,2,0,2,1,0,2,1,2,2,0,1,2,0,1,2,2,1,0,0,1,2,1,0,0,0,1,1,2,0,2,2,0,1,2,0,0,0,1,2,0,2,1,1,2,0,0,0,0,0,1,0,0,2,2,1,0,1,1,0,0,0,1,0,1,1,0,2,1,1,2,0,0,1,0,2,0,1,0,1,0,0,1,0,2,0,1,1,0,0,0,1,0,2,1,1,2,2,0,2,2,1,0,2,0,0,0,2,1,1,0
"dcor62752b_wpac",2,1,0,1,2,1,1,2,1,0,1,0,1,2,0,0,0,0,2,0,1,0,1,1,2,0,0,1,2,1,0,1,0,0,1,0,2,1,2,0,NA,1,0,1,1,0,0,0,1,2,2,2,0,0,2,0,1,2,0,1,0,0,1,0,1,0,2,2,0,2,1,1,1,2,NA,1,1,0,0,2,1,0,2,2,0,2,0,2,2,1,2,1,1,1,0,2,1,1,0,0,2,2,0,2,1,2,0,0,0,1,0,0,1,0,2,0,1,1,0,1,1,1,0,1,0,0,2,1,1,2,1,0,0,0,1,0,1,0,0,2,2,1,1,0,0,0,0,2,2,0,2,1,0,1,1,0,0,0,0,0,0,1,2,2,2,0,0,0,0,1,0,0,0,1,2,0,0,0,1,0,0,0,0,1,0,0,1,2,0,0,2,0,0,0,0,1,1,0,1,0,1,0,1,1,2,0,0,1,0,2,0,1,0,1,0,0,2,1,0,0,2,1,0,0,2,2,0,2,0,1,1
"dcor76713_wpac",1,1,2,0,1,0,2,2,0,0,1,0,1,1,0,0,1,1,1,0,2,0,0,0,1,0,1,0,1,0,0,1,0,0,1,1,2,0,0,2,NA,1,1,1,0,0,0,0,2,2,2,2,1,1,2,0,1,1,0,2,1,0,1,0,0,1,1,0,0,2,1,1,0,1,NA,0,1,0,1,2,1,1,2,0,0,2,1,0,2,1,2,2,2,0,0,1,0,1,0,0,2,0,1,2,1,2,1,1,1,0,2,0,0,1,2,2,0,1,1,1,1,2,0,1,1,2,0,2,1,1,1,0,2,0,2,0,1,1,0,2,1,1,1,0,0,0,1,2,1,1,1,1,0,0,0,1,0,0,1,1,0,2,1,1,2,0,0,0,0,1,0,0,0,2,2,0,1,0,2,1,0,0,1,0,0,0,0,2,2,0,2,0,0,0,2,2,0,0,1,0,0,0,1,0,2,0,0,1,0,1,0,1,0,2,0,0,2,1,0,2,2,2,1,2,0,1,0,1,1,0,1
"dcor6799b_wpac",2,0,2,2,2,2,0,0,0,0,1,1,0,2,1,1,0,1,1,0,1,0,0,0,0,0,1,1,0,1,0,1,1,1,0,1,1,1,1,2,NA,1,1,2,0,0,0,0,1,2,2,2,2,0,2,0,0,2,1,2,1,0,1,0,1,0,2,0,0,2,1,2,2,2,NA,0,2,1,1,2,0,1,2,1,1,1,1,1,2,2,2,1,1,0,0,2,0,1,1,0,2,0,1,1,1,2,1,1,0,0,2,1,0,0,2,1,0,2,0,1,2,1,2,0,2,0,2,2,1,2,2,1,1,1,0,1,1,0,1,1,1,2,2,1,1,1,0,2,1,1,0,0,1,1,0,1,0,1,0,0,0,1,1,1,2,0,0,0,0,1,0,0,0,1,2,0,0,0,2,0,0,1,0,1,1,1,0,2,1,1,1,0,0,0,1,0,0,1,1,0,0,1,1,0,2,0,0,1,1,0,0,2,0,2,1,1,2,1,0,1,2,2,0,2,0,0,1,0,1,1,0
"dcor61467_wpac",2,0,2,0,2,1,1,2,1,0,0,0,0,1,1,2,0,1,0,0,0,1,0,0,1,0,0,1,1,0,1,2,2,2,1,0,2,1,0,1,NA,1,0,0,0,1,0,1,1,2,2,2,0,1,2,0,2,2,0,1,1,0,0,0,1,0,2,1,0,2,2,2,0,2,NA,0,1,0,2,2,1,0,1,0,0,2,1,0,2,2,2,1,2,2,1,0,0,2,0,1,1,0,0,1,1,2,0,1,1,0,0,0,1,0,2,2,1,2,0,2,0,1,1,1,2,0,0,1,2,2,2,2,1,1,1,0,1,1,1,1,1,1,1,0,0,0,1,1,0,2,1,1,0,1,1,0,1,1,0,0,0,1,0,0,2,0,0,0,0,2,0,1,1,1,2,0,0,0,2,0,1,2,0,0,0,1,0,2,1,1,2,0,1,0,0,0,0,0,0,0,0,0,1,0,2,0,2,2,0,1,0,0,1,2,1,1,2,1,1,1,2,1,0,2,0,0,1,1,0,2,1
"dcor14587_p2",2,1,1,2,2,0,0,2,1,2,1,0,1,2,0,1,0,2,1,2,0,0,0,0,1,1,0,1,2,2,0,2,1,1,1,0,2,2,1,0,0,2,0,1,0,1,0,1,1,1,1,1,0,1,0,2,1,2,2,1,0,0,2,1,2,0,2,1,0,2,1,1,2,2,0,1,0,0,0,1,0,0,2,0,0,2,1,2,0,1,2,2,1,1,2,1,1,1,1,0,0,1,1,0,0,2,1,0,0,0,2,0,2,1,0,1,0,2,0,1,1,0,0,1,0,0,1,2,2,2,1,0,2,1,0,2,0,0,1,2,1,0,0,0,0,1,0,0,0,2,2,1,0,1,1,1,1,1,1,0,0,0,1,0,0,0,0,0,0,0,0,0,0,2,2,2,0,1,1,0,0,0,0,0,1,1,0,0,0,2,2,0,0,0,1,0,0,2,0,0,1,0,1,0,1,0,0,0,0,1,0,0,0,0,0,0,0,0,0,2,0,0,0,1,1,2,1,1,1,0,0
"dcor12489_wpac",1,0,1,1,1,0,0,1,0,0,0,0,0,1,1,2,1,2,0,0,0,1,0,0,2,1,1,0,1,0,1,2,0,0,1,0,2,0,1,0,NA,2,0,1,0,0,1,0,2,0,0,0,1,0,1,1,1,0,0,1,0,0,0,1,1,0,1,2,1,1,1,1,0,2,NA,0,1,0,1,0,0,0,2,1,2,0,0,1,2,1,2,0,1,1,1,0,1,1,0,0,2,2,0,2,0,2,1,0,0,0,2,0,1,2,2,0,1,1,0,2,0,1,2,0,2,2,0,1,2,2,2,1,1,0,2,0,2,1,0,1,0,2,2,1,2,0,1,1,1,1,2,1,1,0,1,1,0,0,0,0,0,0,1,1,0,2,1,1,1,2,0,2,0,2,1,0,0,0,2,0,0,0,0,0,0,1,0,2,0,1,1,0,0,0,1,2,0,0,0,0,1,0,2,0,2,0,1,2,0,2,0,2,0,2,0,1,2,1,0,1,2,2,1,2,1,0,0,1,0,1,0
"dcor37419_wpac",1,2,1,1,1,0,2,2,0,0,0,1,0,2,0,1,0,1,0,0,1,0,0,0,2,0,0,1,2,0,1,1,0,0,1,1,2,1,0,1,NA,0,0,2,0,1,0,0,2,2,2,2,2,0,2,0,0,2,2,1,1,0,1,0,1,0,2,0,0,2,2,1,1,2,NA,0,2,0,0,1,0,0,0,0,1,1,1,0,0,1,2,0,1,0,0,0,1,2,0,0,1,0,0,2,0,2,1,1,1,1,2,0,0,0,2,2,0,2,0,1,1,1,0,1,0,0,2,2,2,2,2,0,0,0,0,1,1,2,0,1,1,0,0,0,0,0,1,1,0,2,1,1,0,1,0,0,0,0,0,2,1,1,2,1,1,0,1,1,0,2,0,1,0,2,2,0,1,0,2,0,2,2,0,0,1,0,0,2,1,1,1,0,2,0,0,1,0,0,1,0,0,0,2,0,2,0,1,2,0,2,0,2,0,2,0,0,2,2,0,1,2,1,0,2,1,0,0,1,0,2,0
"dcor12525_wpac",2,0,0,0,2,0,0,1,1,1,1,1,0,0,1,2,0,0,1,1,1,1,0,0,1,0,0,1,2,0,1,2,1,1,0,1,1,0,1,2,NA,1,0,1,1,0,0,0,1,2,2,2,2,0,2,0,2,2,1,1,0,0,1,0,1,0,2,0,0,2,2,2,1,2,NA,0,2,0,0,1,0,0,1,0,0,2,0,1,1,2,2,0,2,2,1,1,1,2,0,0,1,1,0,2,0,2,0,0,1,0,2,0,2,1,2,2,0,2,0,2,0,0,1,1,2,0,1,1,2,2,1,1,2,0,0,0,2,1,0,1,2,1,1,0,2,1,1,2,1,1,1,1,0,1,1,2,0,1,1,0,0,2,2,1,0,1,0,0,1,1,0,1,0,0,2,0,0,0,1,0,1,2,0,0,1,0,0,2,1,2,2,1,0,1,0,1,0,0,1,1,0,1,0,0,2,0,0,1,0,0,0,2,0,2,0,0,1,2,0,0,2,0,0,2,0,0,0,1,1,1,1
"dcor9909_p1",1,1,2,2,1,1,0,0,1,2,1,0,1,1,0,0,1,1,1,1,1,1,0,0,1,0,0,2,1,0,1,1,0,0,2,2,1,1,2,0,0,0,1,1,0,1,1,0,1,1,1,1,2,0,0,2,2,0,2,2,0,0,0,1,1,0,0,0,0,2,0,1,0,1,0,1,1,0,1,1,1,0,1,0,1,1,0,1,2,2,2,1,2,1,1,0,1,2,0,0,0,0,1,0,0,2,0,1,0,2,1,0,0,1,0,0,0,1,0,1,1,0,0,2,1,0,1,2,2,1,2,0,2,0,2,0,2,1,1,1,1,0,0,0,0,0,1,1,1,0,1,1,0,1,0,0,2,0,1,0,0,0,1,1,0,0,2,2,0,0,1,1,0,2,1,0,2,1,0,0,1,0,1,0,1,2,0,0,0,1,1,0,1,0,1,1,1,1,0,0,0,0,0,0,1,0,0,0,2,1,1,0,0,1,0,1,0,0,0,2,1,0,0,0,1,0,1,1,0,0,0
"dcor30274_mex_fem",0,1,1,1,1,0,1,1,1,0,0,0,0,1,0,1,0,0,0,1,1,0,0,0,2,1,0,1,2,0,1,1,0,0,2,0,2,0,2,2,NA,2,0,1,0,1,0,0,2,2,2,2,2,2,2,0,1,2,0,1,0,0,0,1,0,1,1,2,1,1,2,2,1,2,NA,1,2,1,1,0,0,0,1,1,0,2,0,1,1,2,2,1,1,2,1,0,0,1,0,0,2,0,1,2,2,2,0,1,2,0,1,2,1,0,2,0,0,2,0,1,0,2,0,2,2,0,2,1,1,2,0,2,2,0,2,2,1,0,0,1,2,2,2,1,1,0,0,2,1,1,1,0,0,0,2,0,0,0,1,0,0,1,0,0,0,2,0,0,0,1,0,0,0,2,2,0,0,0,1,0,1,0,0,0,0,1,0,2,1,0,2,1,0,0,0,0,0,0,0,1,0,2,1,0,2,0,0,1,1,1,0,1,1,2,0,1,1,2,0,1,2,2,1,2,0,1,0,2,1,1,0
"dcor102682_wpac",1,2,2,0,2,1,1,1,0,0,0,0,0,0,1,2,0,2,1,0,1,0,1,1,0,0,1,0,2,1,0,2,0,0,1,1,1,0,1,2,1,1,0,0,0,0,0,0,2,2,2,2,2,0,2,0,0,1,0,1,1,1,0,0,1,0,1,1,0,2,1,1,1,2,NA,1,2,1,0,1,0,0,2,1,2,0,1,1,1,1,2,0,2,0,0,0,0,1,0,0,1,0,1,2,1,2,1,1,1,1,0,0,2,0,2,1,1,1,0,0,0,1,1,0,1,1,1,1,0,2,1,1,2,1,1,0,1,0,0,2,1,2,0,0,0,0,1,1,1,1,2,1,0,0,0,0,2,0,1,0,1,0,1,1,2,0,0,0,0,2,0,2,0,2,2,0,0,0,1,0,0,2,0,0,0,0,1,2,1,0,2,0,0,0,0,2,0,0,1,1,1,0,0,1,1,1,0,1,1,0,0,2,0,2,0,0,2,1,1,1,1,1,2,2,0,1,0,1,0,2,0
"dcor12489b_wpac",1,0,1,1,1,0,0,1,0,0,0,0,0,1,1,2,1,2,0,0,0,1,0,0,2,1,1,0,1,0,1,2,0,0,1,0,2,0,1,0,0,2,0,1,0,0,1,0,2,0,0,0,1,0,1,1,1,0,0,1,0,0,0,1,1,0,1,2,1,1,1,1,0,2,NA,0,1,0,1,0,0,0,2,1,2,0,0,1,2,1,2,0,1,1,1,0,1,1,0,0,2,2,0,2,0,2,1,0,0,0,2,0,1,2,2,0,1,1,0,2,0,1,2,0,2,2,0,1,2,2,2,1,1,0,2,0,2,1,0,1,0,2,1,1,2,0,1,1,1,1,2,1,1,0,1,1,0,0,0,0,0,0,1,1,0,2,1,1,1,2,0,2,0,2,1,0,0,0,2,0,0,0,0,0,0,1,0,2,0,1,1,0,0,0,1,2,0,0,0,0,1,0,2,0,2,0,1,2,0,2,0,2,0,2,0,1,2,1,0,1,2,2,1,2,1,0,0,1,0,1,0
"dcor134111_wpac",2,0,1,1,1,1,1,0,0,1,0,0,1,2,0,0,1,1,1,0,2,0,1,1,1,1,1,1,2,1,2,2,0,0,1,1,2,1,1,1,NA,0,0,0,2,0,0,1,1,2,2,2,2,1,1,1,1,1,0,2,0,1,0,0,0,0,2,0,0,2,1,1,0,2,NA,0,1,0,0,2,1,0,2,0,1,1,1,2,2,2,2,0,2,0,0,0,0,0,0,0,2,0,0,2,1,1,1,0,0,0,1,1,2,0,2,1,0,1,0,2,2,2,2,1,1,0,2,1,2,2,0,1,0,0,0,0,1,1,0,1,1,2,2,0,0,1,0,2,0,1,0,0,0,1,0,0,2,0,1,1,0,1,1,1,1,1,1,1,0,0,0,1,0,1,2,0,0,0,2,0,0,1,0,0,1,0,0,2,0,0,2,1,1,0,0,0,0,0,0,0,1,1,0,1,2,0,1,0,1,2,0,2,0,2,1,2,2,1,0,1,2,2,1,1,1,0,1,1,0,1,1
