"Indiv","analysis_stage","initial_loci_genoed","initial_prop_genoed","initial_status","pass1_post_loci_count","pass1_post_prop_genoed","pass1_status"
"z0037466","wreps",162,0.885245901639344,"Kept",161,0.904494382022472,"Kept"
"z0037467","wreps",147,0.80327868852459,"Kept",146,0.820224719101124,"Kept"
"z0037468","wreps",157,0.85792349726776,"Kept",156,0.876404494382023,"Kept"
"z0134098","wreps",137,0.748633879781421,"Kept",136,0.764044943820225,"Kept"
"z0134098b","wreps",138,0.754098360655738,"Kept",137,0.769662921348315,"Kept"
"z0134061","wreps",133,0.726775956284153,"Kept",132,0.741573033707865,"Kept"
"z0134055","wreps",146,0.797814207650273,"Kept",145,0.814606741573034,"Kept"
"z0134064","wreps",91,0.497267759562842,"Kept",91,0.51123595505618,"Kept"
"z0134059","wreps",143,0.781420765027322,"Kept",142,0.797752808988764,"Kept"
"z0134112","wreps",179,0.978142076502732,"Kept",177,0.99438202247191,"Kept"
"z0134112b","wreps",160,0.87431693989071,"Kept",160,0.898876404494382,"Kept"
"z0134108","wreps",136,0.743169398907104,"Kept",135,0.758426966292135,"Kept"
"z0134108b","wreps",123,0.672131147540984,"Kept",122,0.685393258426966,"Kept"
"z0134097","wreps",142,0.775956284153005,"Kept",141,0.792134831460674,"Kept"
"z0134111","wreps",146,0.797814207650273,"Kept",146,0.820224719101124,"Kept"
"z0134113","wreps",160,0.87431693989071,"Kept",159,0.893258426966292,"Kept"
"z0134113b","wreps",151,0.825136612021858,"Kept",150,0.842696629213483,"Kept"
"z0134109","wreps",155,0.846994535519126,"Kept",154,0.865168539325843,"Kept"
"z0134095","wreps",121,0.66120218579235,"Kept",120,0.674157303370786,"Kept"
"z0102610","wreps",166,0.907103825136612,"Kept",165,0.926966292134832,"Kept"
"z0102610b","wreps",151,0.825136612021858,"Kept",150,0.842696629213483,"Kept"
"z0102616","wreps",170,0.92896174863388,"Kept",169,0.949438202247191,"Kept"
"z0102616b","wreps",NA,NA,"No Data",NA,NA,"Removed (No Data)"
"z0134101","wreps",162,0.885245901639344,"Kept",162,0.910112359550562,"Kept"
"z0037463","wreps",173,0.945355191256831,"Kept",172,0.966292134831461,"Kept"
"z0037464","wreps",166,0.907103825136612,"Kept",165,0.926966292134832,"Kept"
"z0037465","wreps",NA,NA,"No Data",NA,NA,"Removed (No Data)"
"z0134070","wreps",158,0.863387978142076,"Kept",157,0.882022471910112,"Kept"
"z0134070b","wreps",159,0.868852459016393,"Kept",158,0.887640449438202,"Kept"
"z0134066","wreps",126,0.688524590163934,"Kept",125,0.702247191011236,"Kept"
"z0134087","wreps",132,0.721311475409836,"Kept",131,0.735955056179775,"Kept"
"z0102605","wreps",159,0.868852459016393,"Kept",158,0.887640449438202,"Kept"
"z0102605b","wreps",140,0.765027322404372,"Kept",139,0.780898876404494,"Kept"
"z0102589","wreps",165,0.901639344262295,"Kept",165,0.926966292134832,"Kept"
"z0102682","wreps",134,0.73224043715847,"Kept",133,0.747191011235955,"Kept"
"z0037469","wreps",NA,NA,"No Data",NA,NA,"Removed (No Data)"
"z0037469b","wreps",NA,NA,"No Data",NA,NA,"Removed (No Data)"
"z0037471","wreps",160,0.87431693989071,"Kept",159,0.893258426966292,"Kept"
"z0037419","wreps",161,0.879781420765027,"Kept",160,0.898876404494382,"Kept"
"z0037419b","wreps",131,0.715846994535519,"Kept",130,0.730337078651685,"Kept"
"z0062622","wreps",173,0.945355191256831,"Kept",172,0.966292134831461,"Kept"
"z0062622b","wreps",146,0.797814207650273,"Kept",145,0.814606741573034,"Kept"
"z0062627","wreps",165,0.901639344262295,"Kept",164,0.921348314606742,"Kept"
"z0062627b","wreps",136,0.743169398907104,"Kept",135,0.758426966292135,"Kept"
"z0062630","wreps",161,0.879781420765027,"Kept",160,0.898876404494382,"Kept"
"z0062630b","wreps",139,0.759562841530055,"Kept",138,0.775280898876405,"Kept"
"z0062634","wreps",140,0.765027322404372,"Kept",139,0.780898876404494,"Kept"
"z0062634b","wreps",141,0.770491803278688,"Kept",140,0.786516853932584,"Kept"
"z0062636","wreps",148,0.808743169398907,"Kept",147,0.825842696629214,"Kept"
"z0062636b","wreps",115,0.628415300546448,"Kept",114,0.640449438202247,"Kept"
"z0062680","wreps",150,0.819672131147541,"Kept",149,0.837078651685393,"Kept"
"z0062680b","wreps",122,0.666666666666667,"Kept",121,0.679775280898876,"Kept"
"z0076691","wreps",172,0.939890710382514,"Kept",171,0.960674157303371,"Kept"
"z0076691b","wreps",160,0.87431693989071,"Kept",159,0.893258426966292,"Kept"
"z0076695","wreps",167,0.912568306010929,"Kept",166,0.932584269662921,"Kept"
"z0076695b","wreps",162,0.885245901639344,"Kept",161,0.904494382022472,"Kept"
"z0076697","wreps",168,0.918032786885246,"Kept",167,0.938202247191011,"Kept"
"z0076697b","wreps",159,0.868852459016393,"Kept",159,0.893258426966292,"Kept"
"z0037412","wreps",180,0.983606557377049,"Kept",177,0.99438202247191,"Kept"
"z0037417","wreps",154,0.841530054644809,"Kept",153,0.859550561797753,"Kept"
"z0037418","wreps",151,0.825136612021858,"Kept",150,0.842696629213483,"Kept"
"z0037422","wreps",162,0.885245901639344,"Kept",161,0.904494382022472,"Kept"
"z0062681","wreps",173,0.945355191256831,"Kept",172,0.966292134831461,"Kept"
"z0076693","wreps",173,0.945355191256831,"Kept",172,0.966292134831461,"Kept"
"z0076699","wreps",164,0.896174863387978,"Kept",163,0.915730337078652,"Kept"
"z0076701","wreps",155,0.846994535519126,"Kept",155,0.870786516853933,"Kept"
"z0076703","wreps",152,0.830601092896175,"Kept",151,0.848314606741573,"Kept"
"z0076705","wreps",153,0.836065573770492,"Kept",152,0.853932584269663,"Kept"
"z0076707","wreps",164,0.896174863387978,"Kept",163,0.915730337078652,"Kept"
"z0076709","wreps",164,0.896174863387978,"Kept",163,0.915730337078652,"Kept"
"z0076711","wreps",160,0.87431693989071,"Kept",159,0.893258426966292,"Kept"
"z0076713","wreps",152,0.830601092896175,"Kept",152,0.853932584269663,"Kept"
"z0076715","wreps",157,0.85792349726776,"Kept",157,0.882022471910112,"Kept"
"z0134074","wreps",161,0.879781420765027,"Kept",160,0.898876404494382,"Kept"
"z0134074b","wreps",153,0.836065573770492,"Kept",152,0.853932584269663,"Kept"
"z0062687","wreps",163,0.890710382513661,"Kept",162,0.910112359550562,"Kept"
"z0062687b","wreps",137,0.748633879781421,"Kept",136,0.764044943820225,"Kept"
"z0062742","wreps",149,0.814207650273224,"Kept",148,0.831460674157303,"Kept"
"z0062742b","wreps",145,0.792349726775956,"Kept",144,0.808988764044944,"Kept"
"z0062743","wreps",177,0.967213114754098,"Kept",175,0.98314606741573,"Kept"
"z0062743b","wreps",151,0.825136612021858,"Kept",150,0.842696629213483,"Kept"
"z0062752","wreps",175,0.956284153005464,"Kept",174,0.97752808988764,"Kept"
"z0062752b","wreps",163,0.890710382513661,"Kept",163,0.915730337078652,"Kept"
"z0062761","wreps",156,0.852459016393443,"Kept",156,0.876404494382023,"Kept"
"z0062761b","wreps",165,0.901639344262295,"Kept",164,0.921348314606742,"Kept"
"z0062766","wreps",162,0.885245901639344,"Kept",162,0.910112359550562,"Kept"
"z0062766b","wreps",151,0.825136612021858,"Kept",151,0.848314606741573,"Kept"
"z0062787","wreps",160,0.87431693989071,"Kept",160,0.898876404494382,"Kept"
"z0062787b","wreps",137,0.748633879781421,"Kept",136,0.764044943820225,"Kept"
"z0062737","wreps",157,0.85792349726776,"Kept",156,0.876404494382023,"Kept"
"z0216922","wreps",12,0.0655737704918033,"Kept",NA,NA,"Removed (Low Call Rate)"
"z0216923","wreps",NA,NA,"No Data",NA,NA,"Removed (No Data)"
"z0216924","wreps",79,0.431693989071038,"Kept",79,0.443820224719101,"Kept"
"z0216925","wreps",NA,NA,"No Data",NA,NA,"Removed (No Data)"
"z0216926","wreps",120,0.655737704918033,"Kept",120,0.674157303370786,"Kept"
"z0216927","wreps",134,0.73224043715847,"Kept",134,0.752808988764045,"Kept"
"z0216928","wreps",176,0.961748633879781,"Kept",174,0.97752808988764,"Kept"
"z0216929","wreps",30,0.163934426229508,"Kept",30,0.168539325842697,"Kept"
"z0216930","wreps",175,0.956284153005464,"Kept",174,0.97752808988764,"Kept"
"z0216904","wreps",177,0.967213114754098,"Kept",175,0.98314606741573,"Kept"
"z0216905","wreps",NA,NA,"No Data",NA,NA,"Removed (No Data)"
"z0216906","wreps",169,0.923497267759563,"Kept",168,0.943820224719101,"Kept"
"z0216907","wreps",120,0.655737704918033,"Kept",119,0.668539325842697,"Kept"
"z0216908","wreps",52,0.284153005464481,"Kept",52,0.292134831460674,"Kept"
"z0216909","wreps",NA,NA,"No Data",NA,NA,"Removed (No Data)"
"z0216910","wreps",72,0.39344262295082,"Kept",72,0.404494382022472,"Kept"
"z0216911","wreps",8,0.0437158469945355,"Kept",NA,NA,"Removed (Low Call Rate)"
"z0216912","wreps",1,0.00546448087431694,"Kept",NA,NA,"Removed (Low Call Rate)"
"z0216913","wreps",133,0.726775956284153,"Kept",132,0.741573033707865,"Kept"
"z0216914","wreps",55,0.300546448087432,"Kept",55,0.308988764044944,"Kept"
"z0216915","wreps",30,0.163934426229508,"Kept",30,0.168539325842697,"Kept"
"z0216916","wreps",38,0.207650273224044,"Kept",38,0.213483146067416,"Kept"
"z0216917","wreps",14,0.0765027322404372,"Kept",NA,NA,"Removed (Low Call Rate)"
"z0216918","wreps",158,0.863387978142076,"Kept",157,0.882022471910112,"Kept"
"z0216919","wreps",1,0.00546448087431694,"Kept",NA,NA,"Removed (Low Call Rate)"
"z0216920","wreps",74,0.404371584699454,"Kept",74,0.415730337078652,"Kept"
"z0216921","wreps",38,0.207650273224044,"Kept",38,0.213483146067416,"Kept"
"z0178009","wreps",177,0.967213114754098,"Kept",177,0.99438202247191,"Kept"
"z0207730","wreps",177,0.967213114754098,"Kept",176,0.98876404494382,"Kept"
"z0178011","wreps",177,0.967213114754098,"Kept",176,0.98876404494382,"Kept"
"z0178014","wreps",176,0.961748633879781,"Kept",175,0.98314606741573,"Kept"
"z0035352","wreps",175,0.956284153005464,"Kept",173,0.971910112359551,"Kept"
"z0210588","wreps",178,0.972677595628415,"Kept",177,0.99438202247191,"Kept"
"z0207745","wreps",173,0.945355191256831,"Kept",172,0.966292134831461,"Kept"
"z0117088","wreps",106,0.579234972677596,"Kept",106,0.595505617977528,"Kept"
"z0117088b","wreps",107,0.584699453551913,"Kept",107,0.601123595505618,"Kept"
"z0117103","wreps",137,0.748633879781421,"Kept",136,0.764044943820225,"Kept"
"z0117103b","wreps",91,0.497267759562842,"Kept",91,0.51123595505618,"Kept"
"z0117089","wreps",NA,NA,"No Data",NA,NA,"Removed (No Data)"
"z0117094","wreps",128,0.699453551912568,"Kept",128,0.719101123595506,"Kept"
"z0061457","wreps",159,0.868852459016393,"Kept",158,0.887640449438202,"Kept"
"z0012480","wreps",143,0.781420765027322,"Kept",142,0.797752808988764,"Kept"
"z0012480b","wreps",120,0.655737704918033,"Kept",119,0.668539325842697,"Kept"
"z0012481","wreps",155,0.846994535519126,"Kept",154,0.865168539325843,"Kept"
"z0012481b","wreps",154,0.841530054644809,"Kept",153,0.859550561797753,"Kept"
"z0012489","wreps",141,0.770491803278688,"Kept",140,0.786516853932584,"Kept"
"z0012489b","wreps",168,0.918032786885246,"Kept",166,0.932584269662921,"Kept"
"z0012492","wreps",159,0.868852459016393,"Kept",159,0.893258426966292,"Kept"
"z0012492b","wreps",162,0.885245901639344,"Kept",162,0.910112359550562,"Kept"
"z0012496","wreps",NA,NA,"No Data",NA,NA,"Removed (No Data)"
"z0012496b","wreps",145,0.792349726775956,"Kept",145,0.814606741573034,"Kept"
"z0012500","wreps",133,0.726775956284153,"Kept",132,0.741573033707865,"Kept"
"z0012500b","wreps",150,0.819672131147541,"Kept",150,0.842696629213483,"Kept"
"z0012514","wreps",166,0.907103825136612,"Kept",165,0.926966292134832,"Kept"
"z0012514b","wreps",161,0.879781420765027,"Kept",160,0.898876404494382,"Kept"
"z0012519","wreps",152,0.830601092896175,"Kept",151,0.848314606741573,"Kept"
"z0012519b","wreps",141,0.770491803278688,"Kept",140,0.786516853932584,"Kept"
"z0012520","wreps",120,0.655737704918033,"Kept",119,0.668539325842697,"Kept"
"z0012520b","wreps",153,0.836065573770492,"Kept",152,0.853932584269663,"Kept"
"z0012521","wreps",162,0.885245901639344,"Kept",161,0.904494382022472,"Kept"
"z0012521b","wreps",155,0.846994535519126,"Kept",155,0.870786516853933,"Kept"
"z0012482","wreps",155,0.846994535519126,"Kept",154,0.865168539325843,"Kept"
"z0012483","wreps",164,0.896174863387978,"Kept",163,0.915730337078652,"Kept"
"z0012484","wreps",151,0.825136612021858,"Kept",150,0.842696629213483,"Kept"
"z0012485","wreps",169,0.923497267759563,"Kept",169,0.949438202247191,"Kept"
"z0012486","wreps",154,0.841530054644809,"Kept",153,0.859550561797753,"Kept"
"z0012488","wreps",148,0.808743169398907,"Kept",147,0.825842696629214,"Kept"
"z0012491","wreps",166,0.907103825136612,"Kept",164,0.921348314606742,"Kept"
"z0012493","wreps",146,0.797814207650273,"Kept",145,0.814606741573034,"Kept"
"z0012494","wreps",154,0.841530054644809,"Kept",153,0.859550561797753,"Kept"
"z0012495","wreps",NA,NA,"No Data",NA,NA,"Removed (No Data)"
"z0012497","wreps",172,0.939890710382514,"Kept",170,0.955056179775281,"Kept"
"z0012499","wreps",169,0.923497267759563,"Kept",168,0.943820224719101,"Kept"
"z0012503","wreps",155,0.846994535519126,"Kept",154,0.865168539325843,"Kept"
"z0012504","wreps",172,0.939890710382514,"Kept",171,0.960674157303371,"Kept"
"z0012511","wreps",154,0.841530054644809,"Kept",153,0.859550561797753,"Kept"
"z0012515","wreps",134,0.73224043715847,"Kept",133,0.747191011235955,"Kept"
"z0012517","wreps",148,0.808743169398907,"Kept",148,0.831460674157303,"Kept"
"z0012522","wreps",152,0.830601092896175,"Kept",151,0.848314606741573,"Kept"
"z0012523","wreps",141,0.770491803278688,"Kept",140,0.786516853932584,"Kept"
"z0012524","wreps",146,0.797814207650273,"Kept",146,0.820224719101124,"Kept"
"z0012525","wreps",153,0.836065573770492,"Kept",152,0.853932584269663,"Kept"
"z0012526","wreps",1,0.00546448087431694,"Kept",NA,NA,"Removed (Low Call Rate)"
"z0012528","wreps",155,0.846994535519126,"Kept",154,0.865168539325843,"Kept"
"z0006799","wreps",171,0.934426229508197,"Kept",170,0.955056179775281,"Kept"
"z0006799b","wreps",150,0.819672131147541,"Kept",149,0.837078651685393,"Kept"
"z0006802","wreps",174,0.950819672131147,"Kept",173,0.971910112359551,"Kept"
"z0006802b","wreps",154,0.841530054644809,"Kept",154,0.865168539325843,"Kept"
"z0006803","wreps",154,0.841530054644809,"Kept",153,0.859550561797753,"Kept"
"z0006803b","wreps",125,0.683060109289617,"Kept",124,0.696629213483146,"Kept"
"z0006796","wreps",151,0.825136612021858,"Kept",151,0.848314606741573,"Kept"
"z0006797","wreps",43,0.234972677595628,"Kept",43,0.241573033707865,"Kept"
"z0006798","wreps",167,0.912568306010929,"Kept",167,0.938202247191011,"Kept"
"z0006800","wreps",163,0.890710382513661,"Kept",162,0.910112359550562,"Kept"
"z0006801","wreps",152,0.830601092896175,"Kept",151,0.848314606741573,"Kept"
"z0061467","wreps",144,0.786885245901639,"Kept",144,0.808988764044944,"Kept"
"z0061467b","wreps",153,0.836065573770492,"Kept",152,0.853932584269663,"Kept"
"z0061468","wreps",147,0.80327868852459,"Kept",146,0.820224719101124,"Kept"
"z0216931","wreps",148,0.808743169398907,"Kept",148,0.831460674157303,"Kept"
"z0012509","wreps",147,0.80327868852459,"Kept",147,0.825842696629214,"Kept"
"z0012509b","wreps",153,0.836065573770492,"Kept",152,0.853932584269663,"Kept"
"z0012509c","wreps",158,0.863387978142076,"Kept",157,0.882022471910112,"Kept"
"z0012527","wreps",176,0.961748633879781,"Kept",173,0.971910112359551,"Kept"
"z0012527b","wreps",131,0.715846994535519,"Kept",130,0.730337078651685,"Kept"
"z0012490","wreps",118,0.644808743169399,"Kept",118,0.662921348314607,"Kept"
"z0012502","wreps",93,0.508196721311475,"Kept",93,0.52247191011236,"Kept"
"z0012505","wreps",134,0.73224043715847,"Kept",133,0.747191011235955,"Kept"
"z0061464","wreps",168,0.918032786885246,"Kept",167,0.938202247191011,"Kept"
"z0016884","wreps",152,0.830601092896175,"Kept",152,0.853932584269663,"Kept"
"z0016884b","wreps",158,0.863387978142076,"Kept",157,0.882022471910112,"Kept"
"z0016882","wreps",135,0.737704918032787,"Kept",134,0.752808988764045,"Kept"
"z0016883","wreps",171,0.934426229508197,"Kept",170,0.955056179775281,"Kept"
"z0016885","wreps",153,0.836065573770492,"Kept",152,0.853932584269663,"Kept"
"z0016886","wreps",136,0.743169398907104,"Kept",135,0.758426966292135,"Kept"
"z0016887","wreps",138,0.754098360655738,"Kept",137,0.769662921348315,"Kept"
"z0016888","wreps",146,0.797814207650273,"Kept",145,0.814606741573034,"Kept"
"z0040942","wreps",172,0.939890710382514,"Kept",171,0.960674157303371,"Kept"
"z0040943","wreps",141,0.770491803278688,"Kept",140,0.786516853932584,"Kept"
"z0040945","wreps",167,0.912568306010929,"Kept",167,0.938202247191011,"Kept"
"z0032021","wreps",171,0.934426229508197,"Kept",170,0.955056179775281,"Kept"
"z0032021b","wreps",131,0.715846994535519,"Kept",130,0.730337078651685,"Kept"
"z0032022","wreps",105,0.573770491803279,"Kept",104,0.584269662921348,"Kept"
"z0032023","wreps",136,0.743169398907104,"Kept",135,0.758426966292135,"Kept"
"z0032024","wreps",157,0.85792349726776,"Kept",156,0.876404494382023,"Kept"
"z0032030","wreps",79,0.431693989071038,"Kept",79,0.443820224719101,"Kept"
"z0032031","wreps",151,0.825136612021858,"Kept",150,0.842696629213483,"Kept"
"z0026450","wreps",144,0.786885245901639,"Kept",144,0.808988764044944,"Kept"
"z0026450b","wreps",158,0.863387978142076,"Kept",157,0.882022471910112,"Kept"
"z0026451","wreps",142,0.775956284153005,"Kept",141,0.792134831460674,"Kept"
"z0026451b","wreps",129,0.704918032786885,"Kept",128,0.719101123595506,"Kept"
"z0026452","wreps",141,0.770491803278688,"Kept",140,0.786516853932584,"Kept"
"z0026452b","wreps",125,0.683060109289617,"Kept",124,0.696629213483146,"Kept"
"z0026457","wreps",143,0.781420765027322,"Kept",143,0.803370786516854,"Kept"
"z0026457b","wreps",153,0.836065573770492,"Kept",153,0.859550561797753,"Kept"
"z0006805","wreps",167,0.912568306010929,"Kept",166,0.932584269662921,"Kept"
"z0026456","wreps",141,0.770491803278688,"Kept",140,0.786516853932584,"Kept"
"z0026458","wreps",139,0.759562841530055,"Kept",139,0.780898876404494,"Kept"
