LabID,Locus,New Allele 1,New Allele 2
102605,14-5,101,107
102605b,14-5,101,107
117088,14-5,97,97
117088b,14-5,97,97
134074,14-5,107,107
134074b,14-5,107,107
37419,14-5,99,101
37419b,14-5,99,101
62636,14-5,107,107
62636b,14-5,107,107
62687,14-5,97,97
62687b,14-5,97,97
62743,14-5,97,99
62743b,14-5,97,99
62787,14-5,105,107
62787b,14-5,105,107
6799,14-5,99,109
6799b,14-5,99,109
76691,14-5,99,107
76691b,14-5,99,107
76695,14-5,97,103
76695b,14-5,97,103
102610,A1,98,98
102610b,A1,98,98
102616,A1,98,98
102616b,A1,98,98
117088,A1,98,98
117088b,A1,98,98
12480,A1,98,98
12480b,A1,98,98
12519,A1,98,98
12519b,A1,98,98
12527,A1,98,98
12527b,A1,98,98
134098,A1,98,98
134098b,A1,98,98
26451,A1,98,98
26451b,A1,98,98
32021,A1,98,98
32021b,A1,98,98
37419,A1,98,98
37419b,A1,98,98
62622,A1,98,98
62622b,A1,98,98
62627,A1,98,98
62627b,A1,98,98
62630,A1,98,98
62630b,A1,98,98
62636,A1,98,98
62636b,A1,98,98
62680,A1,98,98
62680b,A1,98,98
62687,A1,98,98
62687b,A1,98,98
62742,A1,98,98
62742b,A1,98,98
62743,A1,98,98
62743b,A1,98,98
62787,A1,98,98
62787b,A1,98,98
6803,A1,98,98
6803b,A1,98,98
102616,B116,95,95
102616b,B116,95,95
117088,B116,95,95
117088b,B116,95,95
12496,B116,95,95
12496b,B116,95,95
62630,B116,95,95
62630b,B116,95,95
62680,B116,95,95
62680b,B116,95,95
12527,Cc1G02,142,166
12527b,Cc1G02,142,166
62743,Cc1G02,138,142
62743b,Cc1G02,138,142
102616,Cc5C08,117,141
102616b,Cc5C08,117,141
12496,Cc5C08,113,141
12496b,Cc5C08,113,141
12500,Cc5C08,121,121
12500b,Cc5C08,121,121
12509,Cc5C08,NA,NA
12509b,Cc5C08,121,141
12509c,Cc5C08,121,141
102616,Cc5H07,97,129
102616b,Cc5H07,97,129
12496,Cc5H07,121,125
12496b,Cc5H07,121,125
12500,Cc5H07,125,133
12500b,Cc5H07,125,133
12509,Cc5H07,NA,NA
12509b,Cc5H07,NA,NA
12509c,Cc5H07,NA,NA
12520,Cc5H07,125,137
12520b,Cc5H07,125,137
117103,D1,111,111
117103b,D1,111,111
134112,D115,302,302
134112b,D115,302,302
102605,D8,96,100
102605b,D8,96,100
102616,D8,92,100
102616b,D8,92,100
12496,D8,100,100
12496b,D8,100,100
26452,D8,100,108
26452b,D8,100,108
62627,D8,100,100
62627b,D8,100,100
62634,D8,96,104
62634b,D8,96,104
62636,D8,100,108
62636b,D8,100,108
62680,D8,100,100
62680b,D8,100,100
102616,Derm01,118,118
102616b,Derm01,118,118
12496,Derm01,110,118
12496b,Derm01,110,118
102605,Derm05,123,129
102605b,Derm05,123,129
102610,Derm05,103,109
102610b,Derm05,103,109
102616,Derm05,113,127
102616b,Derm05,113,127
12489,Derm05,113,115
12489b,Derm05,113,115
12500,Derm05,103,137
12500b,Derm05,103,137
12519,Derm05,101,111
12519b,Derm05,101,111
12527,Derm05,101,115
12527b,Derm05,101,115
16884,Derm05,117,119
16884b,Derm05,117,119
26450,Derm05,119,121
26450b,Derm05,119,121
26451,Derm05,107,133
26451b,Derm05,107,133
26457,Derm05,115,137
26457b,Derm05,115,137
32021,Derm05,113,129
32021b,Derm05,113,129
37419,Derm05,101,107
37419b,Derm05,101,107
62622,Derm05,109,125
62622b,Derm05,109,125
62627,Derm05,97,97
62627b,Derm05,97,97
62630,Derm05,109,113
62630b,Derm05,109,113
62687,Derm05,105,109
62687b,Derm05,105,109
62743,Derm05,119,129
62743b,Derm05,119,129
62787,Derm05,117,133
62787b,Derm05,117,133
117103,Derm06,156,160
117103b,Derm06,156,160
12496,Derm06,156,160
12496b,Derm06,156,160
12500,Derm06,160,170
12500b,Derm06,160,170
12520,Derm06,152,160
12520b,Derm06,152,160
37419,Derm06,156,180
37419b,Derm06,156,180
102616,Derm10,113,117
102616b,Derm10,113,117
117103,Derm10,109,113
117103b,Derm10,109,113
12480,Derm10,121,121
12480b,Derm10,121,121
12496,Derm10,113,121
12496b,Derm10,113,121
12500,Derm10,117,121
12500b,Derm10,117,121
12520,Derm10,121,121
12520b,Derm10,121,121
12527,Derm10,105,113
12527b,Derm10,105,113
134098,Derm10,113,129
134098b,Derm10,113,129
26452,Derm10,109,133
26452b,Derm10,109,133
32021,Derm10,117,129
32021b,Derm10,117,129
37419,Derm10,109,113
37419b,Derm10,109,113
62622,Derm10,109,109
62622b,Derm10,109,109
62627,Derm10,109,133
62627b,Derm10,109,133
62630,Derm10,113,129
62630b,Derm10,113,129
62636,Derm10,109,113
62636b,Derm10,109,113
62680,Derm10,109,109
62680b,Derm10,109,109
62742,Derm10,121,125
62742b,Derm10,121,125
62787,Derm10,109,117
62787b,Derm10,109,117
102610,Derm13,181,181
102610b,Derm13,181,181
12480,Derm13,169,185
12480b,Derm13,169,185
12500,Derm13,169,181
12500b,Derm13,169,181
12519,Derm13,165,169
12519b,Derm13,165,169
12527,Derm13,165,169
12527b,Derm13,165,169
134112,Derm13,165,181
134112b,Derm13,165,181
26452,Derm13,177,185
26452b,Derm13,177,185
61467,Derm13,165,169
61467b,Derm13,165,169
62627,Derm13,169,169
62627b,Derm13,169,169
62761,Derm13,165,165
62761b,Derm13,165,165
62766,Derm13,165,181
62766b,Derm13,165,181
62787,Derm13,165,169
62787b,Derm13,165,169
6799,Derm13,165,177
6799b,Derm13,165,177
102616,Derm15,62,86
102616b,Derm15,62,86
12496,Derm15,62,82
12496b,Derm15,62,82
102616,Derm18,91,91
102616b,Derm18,91,91
12480,Derm18,91,91
12480b,Derm18,91,91
26451,Derm18,91,91
26451b,Derm18,91,91
26452,Derm18,91,127
26452b,Derm18,91,127
37419,Derm18,91,91
37419b,Derm18,91,91
62627,Derm18,91,91
62627b,Derm18,91,91
62630,Derm18,91,91
62630b,Derm18,91,91
62634,Derm18,91,91
62634b,Derm18,91,91
62636,Derm18,91,91
62636b,Derm18,91,91
62680,Derm18,91,91
62680b,Derm18,91,91
62787,Derm18,91,91
62787b,Derm18,91,91
6803,Derm18,123,143
6803b,Derm18,123,143
102616,Derm22,105,125
102616b,Derm22,105,125
12496,Derm22,107,107
12496b,Derm22,107,107
102605,Derm39,73,127
102605b,Derm39,73,127
102616,Derm39,109,121
102616b,Derm39,109,121
117103,Derm39,97,97
117103b,Derm39,97,97
12492,Derm39,93,105
12492b,Derm39,93,105
12496,Derm39,81,109
12496b,Derm39,81,109
12500,Derm39,97,101
12500b,Derm39,97,101
12527,Derm39,97,125
12527b,Derm39,97,125
32021,Derm39,NA,NA
32021b,Derm39,NA,NA
37419,Derm39,77,105
37419b,Derm39,77,105
62627,Derm39,101,133
62627b,Derm39,101,133
62634,Derm39,101,121
62634b,Derm39,101,121
62636,Derm39,101,105
62636b,Derm39,101,105
62680,Derm39,77,93
62680b,Derm39,77,93
102616,Derm43,132,136
102616b,Derm43,132,136
12520,Derm43,132,140
12520b,Derm43,132,140
102616,Derm48,111,115
102616b,Derm48,111,115
117103,Derm48,111,115
117103b,Derm48,111,115
12496,Derm48,111,111
12496b,Derm48,111,111
32021,Derm48,131,139
32021b,Derm48,131,139
12527,LB123,NA,NA
12527b,LB123,NA,NA
102605,LB133,NA,NA
102605b,LB133,NA,NA
12489,LB133,109,113
12489b,LB133,109,113
12509,LB133,NA,NA
12509b,LB133,NA,NA
12509c,LB133,NA,NA
12519,LB133,109,115
12519b,LB133,109,115
12527,LB133,109,115
12527b,LB133,109,115
134070,LB133,103,113
134070b,LB133,103,113
134074,LB133,113,115
134074b,LB133,113,115
134113,LB133,109,115
134113b,LB133,109,115
26450,LB133,109,113
26450b,LB133,109,113
62627,LB133,109,113
62627b,LB133,109,113
62636,LB133,103,105
62636b,LB133,103,105
62766,LB133,103,103
62766b,LB133,103,103
12500,LB142,90,98
12500b,LB142,90,98
12520,LB142,90,94
12520b,LB142,90,94
12527,LB142,90,94
12527b,LB142,90,94
134074,LB142,90,92
134074b,LB142,90,92
134112,LB142,96,96
134112b,LB142,96,96
16884,LB142,96,96
16884b,LB142,96,96
32021,LB142,92,96
32021b,LB142,92,96
62766,LB142,90,92
62766b,LB142,90,92
6803,LB142,90,92
6803b,LB142,90,92
76695,LB142,90,92
76695b,LB142,90,92
117103,LB143,110,120
117103b,LB143,110,120
12489,LB143,110,120
12489b,LB143,110,120
12509,LB143,NA,NA
12509b,LB143,110,120
12509c,LB143,110,120
12520,LB143,110,118
12520b,LB143,110,118
12521,LB143,118,120
12521b,LB143,118,120
12527,LB143,110,110
12527b,LB143,110,110
134070,LB143,110,110
134070b,LB143,110,110
134113,LB143,110,120
134113b,LB143,110,120
26451,LB143,110,110
26451b,LB143,110,110
26457,LB143,110,120
26457b,LB143,110,120
32021,LB143,110,118
32021b,LB143,110,118
37419,LB143,110,120
37419b,LB143,110,120
62622,LB143,110,110
62622b,LB143,110,110
62627,LB143,110,120
62627b,LB143,110,120
62743,LB143,110,120
62743b,LB143,110,120
62761,LB143,110,118
62761b,LB143,110,118
62766,LB143,110,120
62766b,LB143,110,120
62787,LB143,110,120
62787b,LB143,110,120
6803,LB143,118,120
6803b,LB143,118,120
76695,LB143,110,120
76695b,LB143,110,120
102605,LB145,83,83
102605b,LB145,83,83
12509,LB145,NA,NA
12509b,LB145,87,87
12509c,LB145,87,87
12527,LB145,83,83
12527b,LB145,83,83
134112,LB145,87,87
134112b,LB145,87,87
26451,LB145,83,103
26451b,LB145,83,103
134112,LB158,104,104
134112b,LB158,104,104
117103,Or2,108,118
117103b,Or2,108,118
12480,Or2,108,110
12480b,Or2,108,110
12489,Or2,110,110
12489b,Or2,110,110
12509,Or2,NA,NA
12509b,Or2,112,114
12509c,Or2,112,114
12520,Or2,NA,NA
12520b,Or2,NA,NA
12521,Or2,118,120
12521b,Or2,118,120
134098,Or2,114,116
134098b,Or2,114,116
26451,Or2,NA,NA
26451b,Or2,NA,NA
26452,Or2,108,108
26452b,Or2,108,108
26457,Or2,108,120
26457b,Or2,108,120
61467,Or2,108,118
61467b,Or2,108,118
6799,Or2,108,114
6799b,Or2,108,114
6803,Or2,102,118
6803b,Or2,102,118
12509b,Derm22,103,121
12509c,Derm22,103,121
12509b,Derm48,111,115
12509c,Derm48,111,115
12509b,Derm10,113,121
12509c,Derm10,113,121
12509b,Derm01,118,122
12509c,Derm01,118,122
12509b,Derm06,156,160
12509c,Derm06,156,160
12509b,Derm13,165,169
12509c,Derm13,165,169
12509b,Derm15,70,70
12509c,Derm15,70,70
12509b,Derm39,73,105
12509c,Derm39,73,105
12509b,D8,92,100
12509c,D8,92,100
12509b,14-5,99,99
12509c,14-5,99,99
12509,14-5,NA,NA
12509,D8,NA,NA
12509,Derm01,NA,NA
12509,Derm05,NA,NA
12509,Derm06,NA,NA
12509,Derm10,NA,NA
12509,Derm13,NA,NA
12509,Derm15,NA,NA
12509,Derm22,NA,NA
12509,Derm39,NA,NA
12509,Derm48,NA,NA
26451,14-5,NA,NA
26451b,14-5,NA,NA
26452,14-5,101,107
26452b,14-5,101,107
12509b,Derm05,131,133
12509c,Derm05,131,133
12500,Derm18,NA,NA
12500b,Derm18,NA,NA
12500,Derm48,NA,NA
12500b,Derm48,NA,NA
12520,Derm48,NA,NA
12520b,Derm48,NA,NA
6803,LB133,105,107
6803b,LB133,105,107
134112,LB143,118,120
134112b,LB143,118,120