"","locus","CentralCA","INDONESIA","MALAYSIA","PAPUA_NEW_GUINEA","SOLOMON_ISLANDS","num.sig","num.sig.after.correction"
"1","Dc00544",1,0.496,1,1,0.2918,0,0
"2","Dc01018",0.4328,0.3632,1,1,0.2466,0,0
"3","Dc01661",1,0.6754,0.2262,0.14,0.8146,0,0
"4","Dc01707",0.3718,0.236,0.5234,0.946,0.0346,1,0
"5","Dc01784",1,0.441,1,0.474,0.0616,0,0
"6","Dc02951",1,0.381,1,0.5872,0.4402,0,0
"7","Dc03456",1,0.4308,1,1,0.7868,0,0
"8","Dc03556",1,0.4332,1,0.093,0.0858,0,0
"9","Dc05864",0.15,0.8352,1,0.2122,0.6018,0,0
"10","Dc06503",1,1,1,1,1,0,0
"11","Dc07300",0.1782,0.586,1,0.4334,1,0,0
"12","Dc07937",0.3262,0.1388,1,0.64,0.3388,0,0
"13","Dc08054",1,0.8072,1,0.8304,0.575,0,0
"14","Dc08189",1,0.1924,0.3786,1,0.658,0,0
"15","Dc08463",1,0.5746,0.1628,0.517,0.196,0,0
"16","Dc08578",1,0.2624,1,1,0.7138,0,0
"17","Dc08865",0.656,0.8694,0.6288,0.1034,0.8442,0,0
"18","Dc10003",1,0.3484,1,0.3664,0.38,0,0
"19","Dc10390",1,1,1,0.0342,0.3648,1,0
"20","Dc10878",0.5164,0.5442,1,1,0.3182,0,0
"21","Dc10885",1,0.0548,0.0998,0.4616,0.183,0,0
"22","Dc11203",1,1,1,0.3978,1,0,0
"23","Dc11714",0.1064,0.0836,0.4866,0.5476,0.0918,0,0
"24","Dc13159",0.7206,0.5048,1,0.7428,0.0434,1,0
"25","Dc13592",0.4302,0.496,0.084,0.309,0.3242,0,0
"26","Dc14022",1,1,1,1,1,0,0
"27","Dc14945",1,0.06,1,1,1,0,0
"28","Dc16747",1,0.7612,0.3198,1,1,0,0
"29","Dc18951",1,0.1486,1,1,0.5622,0,0
"30","Dc20232",1,1,0.7238,1,0.3146,0,0
"31","Dc22883",0.8074,0.6114,0.5926,0.5628,0.527,0,0
"32","Dc22887",1,1,1,1,1,0,0
"33","Dc27955",1,0.1054,1,1,1,0,0
"34","Dc28124",1,0.3426,1,1,1,0,0
"35","Dc28776",0.4292,0.723,1,0.5956,1,0,0
"36","Dc30071",0.5146,0.13,0.102,1,1,0,0
"37","Dc31007",1,1,1,0.095,1,0,0
"38","Dc33714",0.3312,0.6894,1,1,0.5534,0,0
"39","Dc33907",1,0.1062,1,0.5844,0.7074,0,0
"40","Dc34902",0.229,0.4862,1,1,0.3634,0,0
"41","Dc35779",1,1,0.4094,0.259,1,0,0
"42","Dc36571",0.445,0.5984,1,0.215,0.5788,0,0
"43","Dc36616",1,1,1,1,0.6576,0,0
"44","Dc36767",1,0.4218,1,1,1,0,0
"45","Dc40235",1,0.1706,1,1,0.71,0,0
"46","Dc41234",1,0.8814,0.2072,0.681,0.1336,0,0
"47","Dc46984",1,0.1464,1,0.6306,0.0062,1,1
"48","Dc47572",1,0.9082,0.5096,1,0.0278,1,0
"49","Dc47935",0.3404,0.8852,1,0.008,0.559,1,1
"50","Dc48207",1,1,1,1,1,0,0
"51","Dc48950",0.1894,0.262,0.5308,1,0.3228,0,0
"52","Dc49080",0.426,1,0.439,1,0.2696,0,0
"53","Dc49184",0.0796,1,1,1,0.387,0,0
"54","Dc51020",1,1,1,1,0.7556,0,0
"55","Dc52523",0.4708,0.718,0.7028,0.73,0.9232,0,0
"56","Dc55481",0.2292,1,1,1,0.4048,0,0
"57","Dc58248",1,0.7008,0.0052,0.7942,0.1582,1,1
"58","Dc62188",0.6612,0.8792,0.6834,0.2302,0.6098,0,0
"59","Dc67011",1,0.3376,0.4442,1,0.6594,0,0
"60","locus002",0.1118,0.317,1,1,0.162,0,0
"61","locus003",1,0.579,1,0.5172,1,0,0
"62","locus004",0.0748,0.2756,0.4378,1,0.5288,0,0
"63","locus005",1,0.4824,1,1,0.4316,0,0
"64","locus006",1,0.7572,1,1,1,0,0
"65","locus008",0.4358,0.1892,0.0216,0.529,0.299,1,0
"66","locus013",1,0.7904,0.4454,1,0.4316,0,0
"67","locus014",0.5164,0.61,1,1,1,0,0
"68","locus016",1,1,0.2314,1,1,0,0
"69","locus022",0.2532,0.0174,0.4456,0.7452,0.6674,1,0
"70","locus024",1,0.7104,1,0.1924,0.3232,0,0
"71","locus025",0.5006,0.4454,1,0.5854,0.1296,0,0
"72","locus027",0.4356,1,1,0.1046,0.6738,0,0
"73","locus030",1,0.4426,0.1098,1,0.7762,0,0
"74","locus035",1,1,1,1,1,0,0
"75","locus038",1,0.6158,1,0.5528,0.5602,0,0
"76","locus039",1,0.426,1,1,1,0,0
"77","locus040",1,0.3092,1,1,0.0362,1,0
"78","locus041",0.2112,0.5626,1,0.522,0.6866,0,0
"79","locus045",1,0.691,1,0.2514,0.5882,0,0
"80","locus047",1,0.449,0.4596,1,1,0,0
"81","locus048",1,1,1,1,1,0,0
"82","locus053",0.6006,0.3208,0.1098,0.413,0.1308,0,0
"83","locus055",1,0.402,0.4452,1,1,0,0
"84","locus056",1,1,1,0.4916,0.6674,0,0
"85","locus058",1,0.433,0.501,0.5936,0.7468,0,0
"86","locus060",0.4316,0.6676,1,1,1,0,0
"87","locus061",1,1,1,0.008,0.0706,1,1
"88","locus062",1,0.6012,1,0.5102,0.4782,0,0
"89","locus064",1,0.3756,1,1,1,0,0
"90","locus065",1,1,1,1,1,0,0
"91","locus073",0.1132,0.126,0.4426,1,1,0,0
"92","locus074",0.1042,0.694,1,1,0.3956,0,0
"93","locus076",1,1,1,0.5864,1,0,0
"94","locus077",1,1,1,1,1,0,0
"95","locus080",0.4498,1,1,1,0.5628,0,0
"96","locus083",0.101,0.2268,1,0.5372,0.612,0,0
"97","locus088",1,0.7148,1,1,0.4164,0,0
"98","locus093",1,1,1,1,1,0,0
"99","locus096",1,1,1,1,0.2436,0,0
"100","locus098",1,1,1,1,0.4782,0,0
"101","locus100",1,0.7352,1,1,0.3892,0,0
"102","locus106",1,1,1,1,1,0,0
"103","locus110",1,1,1,1,0.2938,0,0
"104","locus116",0.4392,0.369,1,1,0.4682,0,0
"105","locus119",0.4348,0.1238,1,1,0.0062,1,1
"106","locus120",1,0.295,1,1,1,0,0
"107","locus126",1,0.701,1,0.4526,0.4738,0,0
"108","locus128",0.4378,0.4038,0.3328,1,1,0,0
"109","locus129",0.2246,0.3248,1,1,0.538,0,0
"110","locus130",0.5156,0.6564,1,1,0.4864,0,0
"111","locus134",1,0.7284,1,1,0.3508,0,0
"112","locus135",1,0.437,1,0.1896,0.7048,0,0
"113","locus137",1,1,0.4284,1,0.102,0,0
"114","locus139",1,0.1644,1,0.5292,0.5808,0,0
"115","locus140",1,0.1492,1,0.5396,0.591,0,0
"116","locus146",0.4398,0.5916,0.4408,0.5916,1,0,0
"117","locus148",1,0.0902,1,1,1,0,0
"118","locus151",0.1066,1,0.1586,1,0.7732,0,0
"119","locus157",1,0.304,1,1,0.1142,0,0
"120","locus161",1,0.1846,0.2304,1,0.7094,0,0
"121","locus165",0.514,0.7916,0.5036,1,1,0,0
"122","locus170",1,1,0.4282,1,0.0978,0,0
"123","locus176",1,0.6028,0.4412,0.2342,0.7512,0,0
"124","locus184",0.4246,0.5162,0.2218,0.0802,0.7104,0,0
"125","locus186",1,0.561,1,1,0.3684,0,0
"126","locus188",0.6984,0.4044,0.8486,1,0.2386,0,0
"127","locus189",0.4376,0.211,1,0.2872,0.7696,0,0
"128","locus190",0.4468,0.7598,1,1,0.2614,0,0
"129","locus191",0.4452,0.4434,0.4316,1,1,0,0
"130","locus192",0.2292,0.7702,1,1,0.7462,0,0
"131","locus195",0.4448,0.2958,1,0.5582,0.3148,0,0
"132","locus202",1,0.7922,1,1,0.77,0,0
"133","locus210",0.1252,1,1,1,0.735,0,0
"134","locus215",1,0.5552,0.093,1,0.2362,0,0
"135","locus227",1,0.0128,1,1,0.639,1,0
"136","locus231",1,0.7136,1,1,0.69,0,0
"137","locus235",0.1644,0.5344,1,0.2856,1,0,0
"138","locus236",1,0.6814,1,0.4778,1,0,0
"139","locus237",1,0.4986,1,1,0.1642,0,0
"140","locus239",1,0.715,1,1,0.5346,0,0
"141","locus248",1,0.4926,1,0.247,0.7116,0,0
"142","locus255",1,0.6412,1,1,1,0,0
"143","locus256",0.4402,0.7928,1,1,0.5426,0,0
"144","locus263",1,1,1,1,1,0,0
"145","locus264",1,1,0.4474,0.2844,0.1476,0,0
"146","locus274",0.4436,0.5858,1,0.4876,0.1616,0,0
"147","locus280",0.4378,1,1,1,0.6718,0,0
"148","locus282",0.4298,0.2422,0.1046,0.095,0.1102,0,0
"149","locus286",1,0.3194,1,1,1,0,0
"150","locus291",0.4392,0.7778,1,0.5986,0.7328,0,0
"151","locus292",1,0.1218,1,1,0.1556,0,0
"152","locus296",1,0.2054,1,0.045,1,1,0
"153","locus301",0.4446,0.7198,1,1,0.4242,0,0
"154","locus314",0.0232,8e-04,1,0.2068,1,2,1
"155","locus321",1,0.603,0.4348,0.2848,0.7344,0,0
"156","locus322",0.4288,1,1,1,0.561,0,0
"157","locus323",1,0.1346,1,1,1,0,0
"158","locus329",0.1188,0.3026,1,0.5728,1,0,0
"159","locus332",1,0.786,0.2368,1,0.624,0,0
"160","locus349",1,0.7748,1,1,0.7084,0,0
"161","locus358",1,1,1,1,0.0488,1,0
"162","locus359",1,0.6646,0.2292,1,0.31,0,0
"163","locus360",1,0.4348,0.1058,0.596,0.1468,0,0
