"locus","Bird's Head-Summer","Bird's Head-Winter","HaevoSI-Summer","HaevoSI-Winter","IsabelSI-South","Malaysia","PNG","num.sig.adj.p"
"Dc58248",1,1,1,1,1,0.0294,1,1
"locus061",1,1,1,1,0.3984,1,0.0406,1
"locus314",0.0084,1,1,1,1,1,1,1
"Dc00544",1,1,1,1,1,1,1,0
"Dc01018",1,1,1,1,0.5894,1,1,0
"Dc01661",1,1,1,1,1,1,1,0
"Dc01707",1,1,1,1,0.6916,1,1,0
"Dc01784",1,1,1,1,1,1,1,0
"Dc02951",0.7616,1,1,1,1,1,1,0
"Dc03456",1,1,1,1,1,1,1,0
"Dc03556",1,1,1,1,0.6816,1,0.5166,0
"Dc05864",1,1,1,1,1,1,1,0
"Dc06503",1,1,1,1,1,1,1,0
"Dc07300",1,1,0.9702,1,1,1,1,0
"Dc07937",0.6328,1,1,1,1,1,1,0
"Dc08054",1,1,1,1,1,1,1,0
"Dc08189",1,1,1,1,1,1,1,0
"Dc08463",0.636,1,1,1,0.5908,0.806,1,0
"Dc08578",1,1,1,1,1,1,1,0
"Dc08865",1,0.8848,1,1,1,1,1,0
"Dc10003",1,1,1,1,1,1,1,0
"Dc10390",1,1,1,1,1,1,0.182,0
"Dc10878",1,1,1,1,1,1,1,0
"Dc10885",0.595,1,1,1,1,0.63,1,0
"Dc11203",1,1,1,1,1,1,1,0
"Dc11714",1,1,1,1,1,1,1,0
"Dc13159",1,1,1,1,0.6076,1,1,0
"Dc13592",1,1,1,1,1,0.5698,1,0
"Dc14022",1,1,1,1,1,1,1,0
"Dc14945",1,0.448,1,1,1,1,1,0
"Dc16747",1,1,1,1,1,1,1,0
"Dc18951",0.4746,1,1,1,1,1,1,0
"Dc20232",1,1,1,1,1,1,1,0
"Dc22883",1,1,1,1,1,1,1,0
"Dc22887",1,1,1,1,1,1,1,0
"Dc27955",0.6538,1,1,1,1,1,1,0
"Dc28124",1,1,1,1,1,1,1,0
"Dc28776",1,1,1,1,1,1,1,0
"Dc30071",1,0.1596,1,1,1,0.6,1,0
"Dc31007",1,1,1,1,1,1,0.616,0
"Dc33714",1,1,1,1,1,1,1,0
"Dc33907",1,1,1,1,1,1,1,0
"Dc34902",1,1,1,1,1,1,1,0
"Dc35779",1,1,1,1,1,1,1,0
"Dc36571",1,1,1,1,1,1,1,0
"Dc36616",1,1,1,0.693,1,1,1,0
"Dc36767",1,1,1,1,1,1,1,0
"Dc40235",1,1,1,1,1,1,1,0
"Dc41234",1,1,1,1,1,1,1,0
"Dc46984",1,1,0.51,1,0.063,1,1,0
"Dc47572",1,1,1,1,0.483,1,1,0
"Dc47935",1,1,1,1,1,1,0.0756,0
"Dc48207",1,1,1,1,1,1,1,0
"Dc48950",1,1,1,1,1,1,1,0
"Dc49080",1,1,1,1,1,1,1,0
"Dc49184",1,1,1,0.7602,1,1,1,0
"Dc51020",1,1,1,1,1,1,1,0
"Dc52523",1,0.6216,0.8592,1,1,1,1,0
"Dc55481",1,1,1,1,1,1,1,0
"Dc62188",1,1,1,1,1,1,1,0
"Dc67011",1,1,1,1,1,1,1,0
"locus002",1,1,1,1,1,1,1,0
"locus003",1,1,1,1,1,1,1,0
"locus004",1,1,1,1,1,1,1,0
"locus005",1,1,1,1,1,1,1,0
"locus006",1,1,1,0.8092,1,1,1,0
"locus008",1,1,1,1,0.5928,0.1372,1,0
"locus013",1,1,1,0.7336,1,1,1,0
"locus014",1,0.3066,1,1,1,1,1,0
"locus022",0.1582,1,1,1,1,1,1,0
"locus024",1,1,1,1,1,1,1,0
"locus025",1,1,1,1,1,1,1,0
"locus027",1,1,1,1,1,1,0.7182,0
"locus030",1,1,1,1,1,0.686,1,0
"locus035",1,1,1,1,1,1,1,0
"locus038",1,1,1,1,1,1,1,0
"locus039",1,1,1,1,1,1,1,0
"locus040",1,0.408,1,1,0.238,1,1,0
"locus041",1,1,1,1,1,1,1,0
"locus045",1,1,1,1,1,1,1,0
"locus047",1,1,1,1,1,1,1,0
"locus048",1,1,1,1,1,1,1,0
"locus053",1,1,1,1,1,0.7518,1,0
"locus055",1,1,1,1,1,1,1,0
"locus056",1,1,1,1,1,1,1,0
"locus058",1,1,1,1,1,1,1,0
"locus060",1,1,1,1,1,1,1,0
"locus062",1,0.8388,1,0.7756,1,1,1,0
"locus064",1,1,1,1,1,1,1,0
"locus065",1,1,1,1,1,1,1,0
"locus073",1,1,1,1,1,1,1,0
"locus074",1,1,1,1,1,1,1,0
"locus076",1,1,1,1,1,1,1,0
"locus077",1,1,1,1,1,1,1,0
"locus080",1,1,1,1,1,1,1,0
"locus083",1,1,NA,1,1,1,1,0
"locus088",1,1,1,1,1,1,1,0
"locus093",1,1,1,1,1,1,1,0
"locus096",1,1,1,1,1,1,1,0
"locus098",1,1,1,1,1,1,1,0
"locus100",1,1,1,1,1,1,1,0
"locus106",1,1,1,1,1,1,1,0
"locus110",1,1,1,NA,1,1,1,0
"locus116",1,1,1,1,1,1,1,0
"locus119",0.2904,1,1,1,0.2324,1,1,0
"locus120",1,1,1,1,1,1,1,0
"locus126",1,1,1,1,1,1,1,0
"locus128",1,1,1,1,1,1,1,0
"locus129",1,1,0.9618,1,1,1,1,0
"locus130",1,1,1,1,1,1,1,0
"locus134",1,1,1,1,1,1,1,0
"locus135",1,1,1,1,1,1,1,0
"locus137",1,1,1,1,0.6678,1,1,0
"locus139",0.6818,1,1,1,1,1,1,0
"locus140",0.6692,1,1,1,1,1,1,0
"locus146",1,1,0.98,1,1,1,1,0
"locus148",1,1,1,1,1,1,1,0
"locus151",1,1,1,1,1,1,1,0
"locus157",1,1,1,1,0.3724,1,1,0
"locus161",1,1,1,1,1,1,1,0
"locus165",1,1,1,1,1,1,1,0
"locus170",1,1,1,1,0.9506,1,1,0
"locus176",1,1,1,1,1,1,1,0
"locus184",1,1,1,0.7644,1,1,0.7644,0
"locus186",1,1,1,1,1,1,1,0
"locus188",1,1,1,1,1,1,1,0
"locus189",1,1,1,1,1,1,1,0
"locus190",1,1,1,1,1,1,1,0
"locus191",1,1,1,1,1,1,1,0
"locus192",1,0.5264,1,1,1,1,1,0
"locus195",1,1,1,1,1,1,1,0
"locus202",1,1,1,1,1,1,1,0
"locus210",1,1,1,1,1,1,1,0
"locus215",0.5866,1,1,1,1,0.63,1,0
"locus227",0.084,1,1,1,1,1,1,0
"locus231",1,1,1,1,1,1,1,0
"locus235",1,1,1,1,1,1,1,0
"locus236",1,1,1,1,1,1,1,0
"locus237",1,1,1,1,0.1862,1,1,0
"locus239",1,1,1,1,0.6972,1,1,0
"locus248",1,1,1,1,1,1,1,0
"locus255",1,1,1,1,1,1,1,0
"locus256",1,1,1,1,1,1,1,0
"locus263",1,1,1,1,1,1,1,0
"locus264",1,1,1,1,0.4102,1,1,0
"locus274",1,1,1,1,1,1,1,0
"locus280",1,1,1,1,1,1,1,0
"locus282",1,1,1,0.5916,1,0.5916,0.5096,0
"locus286",1,1,1,1,1,1,1,0
"locus291",1,1,1,1,1,1,1,0
"locus292",0.1666,1,1,1,1,1,1,0
"locus296",1,1,1,1,1,1,0.252,0
"locus301",1,1,1,1,1,1,1,0
"locus321",1,1,1,1,1,1,1,0
"locus322",1,1,1,1,1,1,1,0
"locus323",1,1,1,1,1,1,1,0
"locus329",1,1,1,1,1,1,1,0
"locus332",1,1,1,1,1,1,1,0
"locus349",1,1,1,1,1,1,1,0
"locus358",1,1,1,1,0.2226,1,1,0
"locus359",1,1,1,1,1,1,1,0
"locus360",1,1,1,1,1,0.7714,1,0
